Crash Id,Calendar Year,FDOT Crash Number,Reporting Agency Case Number,Reporting Agency Type,FDOT Managing District,County Name,Crash Date,Crash Time,Day,DHSMV City,Crash Report City Code,In Town,On Roadway Name,Int Roadway Name,Reference Distance (Miles),Reference Direction,Officer Latitude,Officer Longitude,FDOT Latitude,FDOT Longitude,FDOT Roadway,Nearest Inventory MP,Nearest Node From Crash,State Road #,US Highway,Crash Side of Road,Accident Lane Number,Travel Direction Vehicle 1,FDOT Road Category,DHSMV Road System Id,Relation to Junction,Crash Harmful Event Location,Intersection Type,Shoulder Type,FDOT Roadway SKID Test Result,FDOT Roadway SKID Test Date,Functional Class,RCI Surface Width,RCI Shoulder Type First,RCI Shoulder Width First,RCI Shoulder Type Second,RCI Shoulder Width Second,RCI Shoulder Type Third,RCI Shoulder Width Third,RCI Median Width,Avg Daily Traffic,AADT Source,RCI Avg Per Truck Traffic,RCI Horiz Curve Condition,Posted Speed Limit,Highest Injury in Crash,CAR Status Code,Alcohols/Drug Involved,Site Location,Lighting,Weather,Road Surface,Roadway Grade,Roadway Alignment,Traffic Way Vehicle 1,Traffic Way Vehicle 2,Traffic Control Vehicle 1,Traffic Control Vehicle 2,Count of Lanes,Road Condition 1,Road Condition 2,Road Condition 3,Environment Condition 1,Environment Condition 2,Environment Condition 3,Crash Harmful Event,Manner of Collision,Vehicle Movement,Driver Action Vehicle 1,Driver Action Vehicle 2,Location Within Workzone,Type of Workzone,Workers Present in Workzone,Law Enforcement Present in Workzone,School Bus Related,Count of Nonfatal Injuries,Count of Traffic Fatalities,Count of Serious Injuries,Count of Pedestrians,Count of Drivers,Count of Bicyclists,Count of Vehicles,Count of Persons,Wrong Way,Workzone Inv,Commercial Vehicle Inv,Intersection Inv,Lane Departure,Speeding,Agressive Driving,Impaired Driver,Impaired Pedestrian,Impaired Bicyclist,Distracted Driver,Speeding or Aggressive Driving,Pedestrian Related,Bicyclist Related,Pedestrian or Bicyclist Related,Motorcycle Inv,No Belt,No Belt - Ages 1-4,No Belt - Ages 5-12,No Belt - Ages 13-17,Driver - Ages Teen,Driver - Ages 65 plus,Driver - Ages 65-69,Driver - Ages 70-74,Driver - Ages 75-79,Driver - Ages 80 plus,ARBM Latitude,ARBM Longitude,UTM Zone 17N X,UTM Zone 17N Y,ARBM Side of Road,Urban Rural Indicator,GIS Street Source,Extract Date,OBJECTID,x,y
2020880298890,2020,880298890,FHPK20OFF045451,FLORIDA HIGHWAY PATROL,08 TURNPIKE,ORANGE,"October 4, 2020",0625,MONDAY,7546 ORLANDO,0746,N,SR 91,SR 500,0.5,S,28.4168899,-81.3918699,28.4257348,-81.3978583,75470000,5.544,08810,SR 91,,R RIGHT,1 THRU LANE 1,N NORTH,03 TOLL ROAD URBAN,06 TURNPIKE/TOLL,01 NON-JUNCTION,01 ON ROADWAY,01 NOT AT INTERSECTION,01 PAVED,30,"March 15, 2017",12 URBAN PRIN ART EXPR.,24,PAVED WARN,10,LAWN,12,,0,40,77400,RCI,17.8,1D0000,70,2 POSSIBLE INJURY,31 Q/C COMPLETED - LOC VERIFIED,0 NO,01 NOT AT INTERSECTION/RRX/BRIDGE,03 DAWN,01 CLEAR,01 DRY,01 LEVEL,2 CURVE RIGHT,"TWO-WAY, DIVIDED, POSITIVE MED","TWO-WAY, DIVIDED, POSITIVE MED",NO CONTROLS,NO CONTROLS,4,WORK ZONE (CONST/MNT/UTLTY)NTE,NOT CODED,NOT CODED,NONE,NOT CODED,NOT CODED,14 MOTOR VEHICLE IN TRANSPORT,01 FRONT TO REAR,14 SLOWING,OPERATED MV IN CARLESS OR NEGL,NO CONTRIBUTING ACTION,02 ADVANCE WARNING AREA,01 LANE CLOSURE,01 NO,01 NO,01 NO,2,0,0,0,2,0,2,3,N,Y,N,N,N,N,N,N,N,N,Y,N,N,N,N,N,N,N,N,N,N,N,N,N,N,N,28.425699803,-81.397827215,461039.248072,3144425.171081,R,,ARBM15Q1R2,"June 10, 2023",107150,-9061165.023484454,3302752.2589716646
2020882022250,2020,882022250,FHPD20OFF072223,FLORIDA HIGHWAY PATROL,05 FIFTH,ORANGE,"October 18, 2020",1330,MONDAY,7546 ORLANDO,0746,N,I 4,MILE MARKER #67,0.038,N,28.3645852,-81.5159126,28.3650981,-81.5155678,75280000,1.568,02338,SR 400,I 4,L LEFT,1 THRU LANE 1,W WEST,01 INTERSTATE URBAN,01 INTERSTATE,01 NON-JUNCTION,01 ON ROADWAY,01 NOT AT INTERSECTION,01 PAVED,39,"March 2, 2020",11 URBAN PRIN ART INT.,36,PAVED WARN,10,LAWN,2,,0,64,149500,RCI,8.9,,65,1 NO INJURY,31 Q/C COMPLETED - LOC VERIFIED,0 NO,01 NOT AT INTERSECTION/RRX/BRIDGE,01 DAYLIGHT,03 RAIN,02 WET,01 LEVEL,1 STRAIGHT,"TWO-WAY, DIVIDED, POSITIVE MED","TWO-WAY, DIVIDED, UNPROTECTED",NO CONTROLS,NO CONTROLS,6,NONE,NOT CODED,NOT CODED,NONE,NOT CODED,NOT CODED,14 MOTOR VEHICLE IN TRANSPORT,03 ANGLE,16 LEAVING TRAFFIC LANE,FAILED TO KEEP IN PROPER LANE,NO CONTRIBUTING ACTION,00 NOT CODED,00 NOT CODED,00 NOT CODED,00 NOT CODED,01 NO,0,0,0,0,2,0,2,4,N,N,Y,N,Y,N,N,N,N,N,N,N,N,N,N,N,N,N,N,N,N,Y,Y,N,N,N,28.365069106,-81.515968856,449440.263347,3137752.18059,L,,ARBM15Q1R2,"June 10, 2023",1664191,-9074316.494438646,3295079.7776533435
2020880088700,2020,880088700,FHPD20OFF069780,FLORIDA HIGHWAY PATROL,05 FIFTH,ORANGE,"October 9, 2020",1100,SATURDAY,7554 WINTER PARK,0754,N,I 4,SR 423,0.2,S,28.6055899,-81.3863599,28.6033615,-81.3863061,75280000,22.122,00409,SR 400,I 4,L LEFT,1 THRU LANE 1,W WEST,01 INTERSTATE URBAN,01 INTERSTATE,01 NON-JUNCTION,01 ON ROADWAY,01 NOT AT INTERSECTION,01 PAVED,25,"September 16, 2014",11 URBAN PRIN ART INT.,36,PAVED,10,LAWN,2,,0,16,135500,RCI,6.8,,50,2 POSSIBLE INJURY,31 Q/C COMPLETED - LOC VERIFIED,0 NO,01 NOT AT INTERSECTION/RRX/BRIDGE,01 DAYLIGHT,02 CLOUDY,01 DRY,01 LEVEL,1 STRAIGHT,"TWO-WAY, DIVIDED, POSITIVE MED","TWO-WAY, DIVIDED, POSITIVE MED",NO CONTROLS,NO CONTROLS,7,NONE,NOT CODED,NOT CODED,NONE,NOT CODED,NOT CODED,14 MOTOR VEHICLE IN TRANSPORT,01 FRONT TO REAR,01 STRAIGHT AHEAD,OPERATED MV IN CARLESS OR NEGL,NO CONTRIBUTING ACTION,04 ACTIVITY AREA,01 LANE CLOSURE,01 NO,01 NO,01 NO,1,0,0,0,2,0,2,2,N,Y,N,N,N,N,N,N,N,N,Y,N,N,N,N,N,N,N,N,N,N,N,N,N,N,N,28.603389976,-81.38647226,462214.680741,3164106.926967,L,,ARBM15Q1R2,"June 10, 2023",1665700,-9059900.995993461,3325263.342429047
2020882085770,2020,882085770,FHPK20OFF046734,FLORIDA HIGHWAY PATROL,08 TURNPIKE,ORANGE,"October 11, 2020",0105,MONDAY,7546 ORLANDO,0746,N,SR 91,MM 259,0,,28.4731789,-81.444794,28.4751812,-81.4448926,75470141,0.138,03684,SR 91,,R RIGHT,X RAMP,N NORTH,08 RAMP RURAL,03 STATE,14 ENTRANCE/EXIT RAMP,01 ON ROADWAY,01 NOT AT INTERSECTION,01 PAVED,0,"December 31, 2000",,24,PAVED,8,VALLEY GUTR,3.5,,0,,16000,RCI,17.8,,,1 NO INJURY,31 Q/C COMPLETED - LOC VERIFIED,0 NO,08 EXIT RAMP,04 DARK-LIGHTED,01 CLEAR,01 DRY,01 LEVEL,1 STRAIGHT,ONE-WAY TRAFFICWAY,ONE-WAY TRAFFICWAY,NO CONTROLS,NO CONTROLS,2,NONE,NOT CODED,NOT CODED,NONE,NOT CODED,NOT CODED,14 MOTOR VEHICLE IN TRANSPORT,"04 SIDESWIPE, SAME DIRECTION",01 STRAIGHT AHEAD,NOT CODED,NO CONTRIBUTING ACTION,00 NOT CODED,00 NOT CODED,00 NOT CODED,00 NOT CODED,01 NO,0,0,0,0,1,0,2,2,N,N,N,N,Y,N,N,N,N,N,N,N,N,N,N,N,N,N,N,N,N,N,N,N,N,N,28.475224924,-81.445126483,456427.3069,3149927.9959,O,,ARBM15Q1R2,"June 10, 2023",1666246,-9066430.35558009,3309022.6513753245
2020882550010,2020,882550010,FHPK20OFF056116,FLORIDA HIGHWAY PATROL,08 TURNPIKE,ORANGE,"November 30, 2020",1336,TUESDAY,7552 WINTER GARDEN,0752,N,SR 429,MILE MARKER #9,0.5,S,28.3882772,-81.6162617,28.3879261,-81.6161979,75473000,2.913,04026,SR 429,,R RIGHT,S SIDE OF ROAD,N NORTH,03 TOLL ROAD URBAN,06 TURNPIKE/TOLL,01 NON-JUNCTION,03 SHOULDER,01 NOT AT INTERSECTION,01 PAVED,36,"February 12, 2020",12 URBAN PRIN ART EXPR.,24,PAVED WARN,10,LAWN,12,,0,64,38000,RCI,10.3,,70,1 NO INJURY,31 Q/C COMPLETED - LOC VERIFIED,0 NO,01 NOT AT INTERSECTION/RRX/BRIDGE,01 DAYLIGHT,01 CLEAR,01 DRY,01 LEVEL,1 STRAIGHT,"TWO-WAY, DIVIDED, POSITIVE MED","TWO-WAY, DIVIDED, POSITIVE MED",NO CONTROLS,NO CONTROLS,4,NONE,NOT CODED,NOT CODED,WEATHER CONDITIONS,NOT CODED,NOT CODED,14 MOTOR VEHICLE IN TRANSPORT,"04 SIDESWIPE, SAME DIRECTION",01 STRAIGHT AHEAD,FAILED TO KEEP IN PROPER LANE,NO CONTRIBUTING ACTION,00 NOT CODED,00 NOT CODED,00 NOT CODED,00 NOT CODED,01 NO,0,0,0,0,2,0,2,2,N,N,Y,N,Y,N,N,N,N,N,N,N,N,N,N,N,N,N,N,N,N,N,N,N,N,N,28.387670521,-81.616072816,439643.690419,3140302.113251,R,,ARBM15Q1R2,"June 10, 2023",1666860,-9085460.019538537,3297939.3490035706
2020882550020,2020,882550020,FHPK20OFF056865,FLORIDA HIGHWAY PATROL,08 TURNPIKE,ORANGE,"December 4, 2020",1549,SATURDAY,7552 WINTER GARDEN,0752,N,SR 91,MILE MARKER #273,0.028,S,28.5484369,-81.6286693,28.5484207,-81.6341783,75470000,23.458,03294,SR 91,,R RIGHT,4 THRU LANE 4,N NORTH,03 TOLL ROAD URBAN,06 TURNPIKE/TOLL,14 ENTRANCE/EXIT RAMP,01 ON ROADWAY,01 NOT AT INTERSECTION,01 PAVED,41,"August 23, 2020",12 URBAN PRIN ART EXPR.,48,PAVED WARN,8,VALLEY GUTR,3.5,,0,26,102500,RCI,17.8,1D3000,70,1 NO INJURY,31 Q/C COMPLETED - LOC VERIFIED,0 NO,01 NOT AT INTERSECTION/RRX/BRIDGE,01 DAYLIGHT,01 CLEAR,01 DRY,01 LEVEL,1 STRAIGHT,"TWO-WAY, DIVIDED, POSITIVE MED","TWO-WAY, DIVIDED, POSITIVE MED",NO CONTROLS,NO CONTROLS,8,NONE,NOT CODED,NOT CODED,NONE,NOT CODED,NOT CODED,14 MOTOR VEHICLE IN TRANSPORT,"04 SIDESWIPE, SAME DIRECTION",06 CHANGING LANES,FAILED TO KEEP IN PROPER LANE,NO CONTRIBUTING ACTION,00 NOT CODED,00 NOT CODED,00 NOT CODED,00 NOT CODED,01 NO,0,0,0,0,2,0,2,5,N,N,N,N,Y,N,Y,N,N,N,Y,Y,N,N,N,N,N,N,N,N,N,N,N,N,N,N,28.548425432,-81.634229251,437958.84933,3158120.805323,R,,ARBM15Q1R2,"June 10, 2023",1666861,-9087481.1858517,3318295.9794126977
2020872783250,2020,872783250,FHPD20OFF068749,FLORIDA HIGHWAY PATROL,05 FIFTH,ORANGE,"October 5, 2020",1430,TUESDAY,7546 ORLANDO,0746,N,HOFFNER AVE,REDDITT RD,0.1,S,28.4807759,-81.2976954,28.4806734,-81.296055,75080000,10.724,00172,SR 15,,R RIGHT,1 THRU LANE 1,E EAST,20 URBAN 4-5LN 2WY DIVD RASD,03 STATE,01 NON-JUNCTION,01 ON ROADWAY,01 NOT AT INTERSECTION,01 PAVED,43,"January 9, 2019",16 URBAN MINOR ART,22,PAVED,4,CURB&GUTTER,2,,0,22,22500,RCI,6.3,"D22'0""",45,1 NO INJURY,31 Q/C COMPLETED - LOC VERIFIED,0 NO,01 NOT AT INTERSECTION/RRX/BRIDGE,01 DAYLIGHT,01 CLEAR,01 DRY,01 LEVEL,1 STRAIGHT,"TWO-WAY, DIVIDED, UNPROTECTED","TWO-WAY, DIVIDED, POSITIVE MED",OTHER (SEE NARRATIVE),OTHER (SEE NARRATIVE),4,NONE,NOT CODED,NOT CODED,NONE,NOT CODED,NOT CODED,14 MOTOR VEHICLE IN TRANSPORT,03 ANGLE,10 MAKING U-TURN,NOT CODED,NO CONTRIBUTING ACTION,00 NOT CODED,00 NOT CODED,00 NOT CODED,00 NOT CODED,01 NO,0,0,0,0,1,0,2,2,N,N,N,N,N,N,N,N,N,N,N,N,N,N,N,N,N,N,N,N,N,N,N,N,N,N,28.480689331,-81.296014277,471025.234024,3150488.352039,C,,ARBM15Q1R2,"June 10, 2023",1667119,-9049831.255985294,3309714.682220101
2020879727960,2020,879727960,2020TA009937,COUNTY SHERIFF'S OFFICE,05 FIFTH,ORANGE,"October 6, 2020",1628,WEDNESDAY,7540 MAITLAND,0740,Y,SR 414,CONCOURSE PKWY,0.001,E,0,0,28.6310895,-81.3778978,75011000,0.905,02612,SR 414,,L LEFT,L LEFT TURN,E EAST,20 URBAN 4-5LN 2WY DIVD RASD,03 STATE,03 INTERSECTION-RELATED,01 ON ROADWAY,02 FOUR-WAY INTERSECTION,03 CURB,38,"April 2, 2018",14 URBAN PRIN ART OTHER,24,CURB&GUTTER,2,,0,,0,32,60000,RCI,5.6,3D00,50,1 NO INJURY,31 Q/C COMPLETED - LOC VERIFIED,0 NO,03 INFLUENCED BY INTERSECTION,01 DAYLIGHT,01 CLEAR,01 DRY,01 LEVEL,1 STRAIGHT,"TWO-WAY, DIVIDED, UNPROTECTED","TWO-WAY, DIVIDED, UNPROTECTED",TRAFFIC CONTROL SIGNAL,TRAFFIC CONTROL SIGNAL,4,WORK ZONE (CONST/MNT/UTLTY)NTE,NOT CODED,NOT CODED,NONE,NOT CODED,NOT CODED,14 MOTOR VEHICLE IN TRANSPORT,02 FRONT TO FRONT,01 STRAIGHT AHEAD,WRONG SIDE OF WRONG WAY,NO CONTRIBUTING ACTION,04 ACTIVITY AREA,03 WORK ON SHOULDER OR MEDIAN,01 NO,01 NO,01 NO,0,0,0,0,2,0,2,2,Y,Y,N,Y,N,N,Y,N,N,N,N,Y,N,N,N,N,N,N,N,N,N,N,N,N,N,N,28.631155589,-81.377953068,463057.325942,3167180.320826,L,,ARBM15Q1R2,"June 10, 2023",1667303,-9058952.643732667,3328784.325375465
2020882550030,2020,882550030,FHPK20OFF056888,FLORIDA HIGHWAY PATROL,05 FIFTH,ORANGE,"December 4, 2020",1739,SATURDAY,7542 OCOEE,0742,N,SR 429,MILE MARKER #21 R,0.5,N,28.5426399,-81.5569399,28.5346939,-81.5574714,75320000,28.578,03797,SR 429,,R RIGHT,2 THRU LANE 2,N NORTH,03 TOLL ROAD URBAN,06 TURNPIKE/TOLL,01 NON-JUNCTION,01 ON ROADWAY,01 NOT AT INTERSECTION,01 PAVED,37,"November 11, 2019",12 URBAN PRIN ART EXPR.,24,PAVED WARN,10,LAWN,6,,0,64,54000,RCI,4.6,2D00,70,2 POSSIBLE INJURY,31 Q/C COMPLETED - LOC VERIFIED,0 NO,01 NOT AT INTERSECTION/RRX/BRIDGE,01 DAYLIGHT,01 CLEAR,01 DRY,01 LEVEL,1 STRAIGHT,"TWO-WAY, DIVIDED, POSITIVE MED","TWO-WAY, DIVIDED, POSITIVE MED",NO CONTROLS,NO CONTROLS,4,NONE,NOT CODED,NOT CODED,NONE,NOT CODED,NOT CODED,14 MOTOR VEHICLE IN TRANSPORT,"04 SIDESWIPE, SAME DIRECTION",06 CHANGING LANES,NOT CODED,NO CONTRIBUTING ACTION,00 NOT CODED,00 NOT CODED,00 NOT CODED,00 NOT CODED,01 NO,1,0,0,0,1,0,2,2,N,N,N,N,Y,N,N,N,N,N,N,N,N,N,N,N,N,N,N,N,N,N,N,N,N,N,28.534616755,-81.557516142,445456.053735,3156553.687612,R,,ARBM15Q1R2,"June 10, 2023",1667420,-9078941.519149395,3316546.1494260537
2020881930210,2020,881930210,FHPD20OFF077606,FLORIDA HIGHWAY PATROL,05 FIFTH,ORANGE,"November 8, 2020",0725,MONDAY,7554 WINTER PARK,0754,N,SR 426,SR 436,0.019,W,28.6043499,-81.3075209,28.6043551,-81.3077774,75090000,2.92,06740,SR 426,,R RIGHT,1 THRU LANE 1,E EAST,20 URBAN 4-5LN 2WY DIVD RASD,03 STATE,03 INTERSECTION-RELATED,01 ON ROADWAY,02 FOUR-WAY INTERSECTION,01 PAVED,41,"February 11, 2020",14 URBAN PRIN ART OTHER,26,CURB&GUTTER,2,,0,,0,22,41000,RCI,3.6,,40,1 NO INJURY,31 Q/C COMPLETED - LOC VERIFIED,0 NO,03 INFLUENCED BY INTERSECTION,01 DAYLIGHT,03 RAIN,02 WET,01 LEVEL,1 STRAIGHT,"TWO-WAY, DIVIDED, POSITIVE MED","TWO-WAY, DIVIDED, POSITIVE MED",TRAFFIC CONTROL SIGNAL,TRAFFIC CONTROL SIGNAL,4,NONE,NOT CODED,NOT CODED,NONE,NOT CODED,NOT CODED,14 MOTOR VEHICLE IN TRANSPORT,01 FRONT TO REAR,01 STRAIGHT AHEAD,OPERATED MV IN CARLESS OR NEGL,NO CONTRIBUTING ACTION,00 NOT CODED,00 NOT CODED,00 NOT CODED,00 NOT CODED,01 NO,0,0,0,0,2,0,2,3,N,N,Y,Y,N,N,N,N,N,N,Y,N,N,N,N,N,N,N,N,N,N,N,N,N,N,N,28.604293947,-81.307725017,469914.086785,3164184.744469,R,,ARBM15Q1R2,"June 10, 2023",1667825,-9051134.890360909,3325377.9614143297
2020882168950,2020,882168950,FHPK20OFF045484,FLORIDA HIGHWAY PATROL,08 TURNPIKE,ORANGE,"October 4, 2020",1040,MONDAY,7550 WINDERMERE,0750,N,SR 91,SR 408,0.25,E,28.5392426,-81.5234183,28.5358997,-81.5275434,75470150,0.25,08843,SR 91,,R RIGHT,X RAMP,W WEST,08 RAMP RURAL,06 TURNPIKE/TOLL,14 ENTRANCE/EXIT RAMP,01 ON ROADWAY,01 NOT AT INTERSECTION,01 PAVED,0,"December 31, 2000",,24,PAVED,10,LAWN,10,,0,,22500,RCI,17.8,,,1 NO INJURY,31 Q/C COMPLETED - LOC VERIFIED,0 NO,07 ENTRANCE RAMP,01 DAYLIGHT,02 CLOUDY,01 DRY,01 LEVEL,1 STRAIGHT,ONE-WAY TRAFFICWAY,ONE-WAY TRAFFICWAY,NO CONTROLS,NO CONTROLS,2,NONE,NOT CODED,NOT CODED,NONE,NOT CODED,NOT CODED,14 MOTOR VEHICLE IN TRANSPORT,"04 SIDESWIPE, SAME DIRECTION",06 CHANGING LANES,FAILED TO KEEP IN PROPER LANE,NO CONTRIBUTING ACTION,00 NOT CODED,00 NOT CODED,00 NOT CODED,00 NOT CODED,01 NO,0,0,0,0,2,0,2,3,N,N,N,N,Y,N,N,N,N,N,N,N,N,N,N,N,N,N,N,N,N,N,N,N,N,N,28.535864612,-81.52762518,448381.056105,3156678.704056,O,,ARBM15Q1R2,"June 10, 2023",1669904,-9075614.071488222,3316704.2680538893
2020882085780,2020,882085780,FHPK20OFF047227,FLORIDA HIGHWAY PATROL,08 TURNPIKE,ORANGE,"October 14, 2020",0010,THURSDAY,7552 WINTER GARDEN,0752,N,SR 91,MM 272,0,,28.5461875,-81.656399,28.546289,-81.6189605,75470000,22.51,08858,SR 91,,L LEFT,2 THRU LANE 2,S SOUTH,03 TOLL ROAD URBAN,03 STATE,01 NON-JUNCTION,01 ON ROADWAY,01 NOT AT INTERSECTION,01 PAVED,41,"August 23, 2020",12 URBAN PRIN ART EXPR.,48,PAVED WARN,10,LAWN,12,,0,26,102500,RCI,17.8,0D3000,70,2 POSSIBLE INJURY,31 Q/C COMPLETED - LOC VERIFIED,0 NO,01 NOT AT INTERSECTION/RRX/BRIDGE,05 DARK-NOT LIGHTED,01 CLEAR,01 DRY,01 LEVEL,1 STRAIGHT,"TWO-WAY, DIVIDED, POSITIVE MED","TWO-WAY, DIVIDED, POSITIVE MED",NO CONTROLS,NO CONTROLS,8,NONE,NOT CODED,NOT CODED,NONE,NOT CODED,NOT CODED,14 MOTOR VEHICLE IN TRANSPORT,01 FRONT TO REAR,01 STRAIGHT AHEAD,OPERATED MV IN CARLESS OR NEGL,NO CONTRIBUTING ACTION,00 NOT CODED,00 NOT CODED,00 NOT CODED,00 NOT CODED,01 NO,1,0,0,0,2,0,2,2,N,N,Y,N,N,N,N,N,N,N,Y,N,N,N,N,N,N,N,N,N,N,N,N,N,N,N,28.546109975,-81.61904854,439442.55413,3157856.519316,L,,ARBM15Q1R2,"June 10, 2023",1670004,-9085791.276380375,3318002.5496210363
2020882085790,2020,882085790,FHPK20OFF048581,FLORIDA HIGHWAY PATROL,05 FIFTH,ORANGE,"October 20, 2020",2240,WEDNESDAY,7552 WINTER GARDEN,0752,N,SR 429,MM 12,0,,28.43487,-81.6364399,28.4351193,-81.6365247,75320000,19.087,03920,SR 429,,L LEFT,S SIDE OF ROAD,S SOUTH,03 TOLL ROAD URBAN,03 STATE,01 NON-JUNCTION,01 ON ROADWAY,01 NOT AT INTERSECTION,01 PAVED,40,"November 11, 2019",12 URBAN PRIN ART EXPR.,24,PAVED WARN,8,VALLEY GUTR,3,,0,64,49000,RCI,4.5,1D15,70,3 NO-INCAPACITATING INJURY,31 Q/C COMPLETED - LOC VERIFIED,0 NO,01 NOT AT INTERSECTION/RRX/BRIDGE,05 DARK-NOT LIGHTED,01 CLEAR,01 DRY,01 LEVEL,1 STRAIGHT,"TWO-WAY, DIVIDED, POSITIVE MED","TWO-WAY, DIVIDED, POSITIVE MED",NO CONTROLS,NO CONTROLS,4,NONE,NOT CODED,NOT CODED,NONE,NOT CODED,NOT CODED,10 PEDESTRIAN,77 OTHER (SEE NARRATIVE),01 STRAIGHT AHEAD,NOT CODED,NOT CODED,00 NOT CODED,00 NOT CODED,00 NOT CODED,00 NOT CODED,01 NO,1,0,0,2,0,0,2,2,N,N,Y,N,N,N,N,N,N,N,N,N,Y,N,Y,N,N,N,N,N,N,N,N,N,N,N,28.434904811,-81.636731421,437647.403447,3145545.510913,L,,ARBM15Q1R2,"June 10, 2023",1670569,-9087759.72588712,3303917.4852420622
2020882085800,2020,882085800,FHPK20OFF049338,FLORIDA HIGHWAY PATROL,08 TURNPIKE,ORANGE,"October 25, 2020",0200,MONDAY,7546 ORLANDO,0746,N,SR 528,JOHN YOUNG PKWY,0.009,S,28.4203251,-81.4231834,28.4205221,-81.4233302,75471125,0.207,04118,SR 528,,R RIGHT,X RAMP,E EAST,08 RAMP RURAL,03 STATE,14 ENTRANCE/EXIT RAMP,03 SHOULDER,01 NOT AT INTERSECTION,01 PAVED,0,"December 31, 2000",,16,PAVED,2,LAWN,12,,0,,8400,RCI,14.7,,,1 NO INJURY,31 Q/C COMPLETED - LOC VERIFIED,1 ALC,08 EXIT RAMP,04 DARK-LIGHTED,01 CLEAR,01 DRY,04 DOWNHILL,2 CURVE RIGHT,ONE-WAY TRAFFICWAY,,NO CONTROLS,NOT CODED,1,NONE,NOT CODED,NOT CODED,NONE,NOT CODED,NOT CODED,18 OTHER NON-FIXED OBJECT,77 OTHER (SEE NARRATIVE),15 NEGOTIATING A CURVE,FAILED TO KEEP IN PROPER LANE,NOT CODED,00 NOT CODED,00 NOT CODED,00 NOT CODED,00 NOT CODED,01 NO,0,0,0,0,1,0,1,1,N,N,N,N,Y,N,N,N,N,N,Y,N,N,N,N,N,N,N,N,N,N,N,N,N,N,N,28.42052455,-81.423326747,458539.940172,3143860.356368,O,,ARBM15Q1R2,"June 10, 2023",1670570,-9064003.619103417,3302097.1877012667
2020882085840,2020,882085840,FHPK20OFF056572,FLORIDA HIGHWAY PATROL,08 TURNPIKE,ORANGE,"December 3, 2020",0610,FRIDAY,7546 ORLANDO,0746,N,SR 528,MM 3,0,,28.4211999,-81.42546,28.4211963,-81.4255956,75471000,2.946,03282,SR 528,,M MEDIAN,M MIDDLE,W WEST,03 TOLL ROAD URBAN,03 STATE,01 NON-JUNCTION,01 ON ROADWAY,01 NOT AT INTERSECTION,01 PAVED,37,"November 12, 2019",12 URBAN PRIN ART EXPR.,60,PAVED WARN,8,VALLEY GUTR,3.5,,0,28,98200,RCI,10.3,2D0000,55,0 UNKNOWN/NOT CODED,31 Q/C COMPLETED - LOC VERIFIED,0 NO,01 NOT AT INTERSECTION/RRX/BRIDGE,03 DAWN,01 CLEAR,01 DRY,01 LEVEL,1 STRAIGHT,"TWO-WAY, DIVIDED, POSITIVE MED",,NO CONTROLS,NOT CODED,9,UNKNOWN,NOT CODED,NOT CODED,UNKNOWN,NOT CODED,NOT CODED,30 CONCRETE TRAFFIC BARRIER,77 OTHER (SEE NARRATIVE),01 STRAIGHT AHEAD,NOT CODED,NOT CODED,00 NOT CODED,00 NOT CODED,00 NOT CODED,00 NOT CODED,01 NO,0,0,0,0,0,0,1,0,N,N,N,N,Y,N,N,N,N,N,N,N,N,N,N,N,N,N,N,N,N,N,N,N,N,N,28.421195787,-81.425488282,458328.502902,3143935.464757,R,,ARBM15Q1R2,"June 10, 2023",1670571,-9064244.24029352,3302182.149447802
2020882085850,2020,882085850,FHPK20OFF058435,FLORIDA HIGHWAY PATROL,08 TURNPIKE,ORANGE,"December 13, 2020",1230,MONDAY,7546 ORLANDO,0746,N,SR 528,MM 7,0,,28.44583,-81.3690799,28.4457996,-81.3691634,75471000,6.96,01618,SR 528,,R RIGHT,4 THRU LANE 4,E EAST,03 TOLL ROAD URBAN,03 STATE,01 NON-JUNCTION,01 ON ROADWAY,01 NOT AT INTERSECTION,01 PAVED,38,"October 27, 2020",12 URBAN PRIN ART EXPR.,48,PAVED WARN,8,VALLEY GUTR,3.5,,0,26,96000,RCI,10.3,,55,1 NO INJURY,31 Q/C COMPLETED - LOC VERIFIED,0 NO,01 NOT AT INTERSECTION/RRX/BRIDGE,01 DAYLIGHT,01 CLEAR,01 DRY,01 LEVEL,1 STRAIGHT,"TWO-WAY, DIVIDED, POSITIVE MED","TWO-WAY, DIVIDED, POSITIVE MED",NO CONTROLS,NO CONTROLS,8,NONE,NOT CODED,NOT CODED,NONE,NOT CODED,NOT CODED,14 MOTOR VEHICLE IN TRANSPORT,"04 SIDESWIPE, SAME DIRECTION",06 CHANGING LANES,FAILED TO YIELD RIGHT-OF-WAY,NO CONTRIBUTING ACTION,00 NOT CODED,00 NOT CODED,00 NOT CODED,00 NOT CODED,01 NO,0,0,0,0,2,0,2,2,N,N,Y,N,Y,N,N,N,N,N,Y,N,N,N,N,N,N,N,N,N,N,N,N,N,N,N,28.4458223,-81.368683054,463900.301221,3146645.322257,R,,ARBM15Q1R2,"June 10, 2023",1672243,-9057920.709473984,3305299.621134158