Crash Id,Calendar Year,FDOT Crash Number,Reporting Agency Case Number,Reporting Agency Type,FDOT Managing District,County Name,Crash Date,Crash Time,Day,DHSMV City,Crash Report City Code,In Town,On Roadway Name,Int Roadway Name,Reference Distance (Miles),Reference Direction,Officer Latitude,Officer Longitude,FDOT Latitude,FDOT Longitude,FDOT Roadway,Nearest Inventory MP,Nearest Node From Crash,State Road #,US Highway,Crash Side of Road,Accident Lane Number,Travel Direction Vehicle 1,FDOT Road Category,DHSMV Road System Id,Relation to Junction,Crash Harmful Event Location,Intersection Type,Shoulder Type,FDOT Roadway SKID Test Result,FDOT Roadway SKID Test Date,Functional Class,RCI Surface Width,RCI Shoulder Type First,RCI Shoulder Width First,RCI Shoulder Type Second,RCI Shoulder Width Second,RCI Shoulder Type Third,RCI Shoulder Width Third,RCI Median Width,Avg Daily Traffic,AADT Source,RCI Avg Per Truck Traffic,RCI Horiz Curve Condition,Posted Speed Limit,Highest Injury in Crash,CAR Status Code,Alcohols/Drug Involved,Site Location,Lighting,Weather,Road Surface,Roadway Grade,Roadway Alignment,Traffic Way Vehicle 1,Traffic Way Vehicle 2,Traffic Control Vehicle 1,Traffic Control Vehicle 2,Count of Lanes,Road Condition 1,Road Condition 2,Road Condition 3,Environment Condition 1,Environment Condition 2,Environment Condition 3,Crash Harmful Event,Manner of Collision,Vehicle Movement,Driver Action Vehicle 1,Driver Action Vehicle 2,Location Within Workzone,Type of Workzone,Workers Present in Workzone,Law Enforcement Present in Workzone,School Bus Related,Count of Nonfatal Injuries,Count of Traffic Fatalities,Count of Serious Injuries,Count of Pedestrians,Count of Drivers,Count of Bicyclists,Count of Vehicles,Count of Persons,Wrong Way,Workzone Inv,Commercial Vehicle Inv,Intersection Inv,Lane Departure,Speeding,Agressive Driving,Impaired Driver,Impaired Pedestrian,Impaired Bicyclist,Distracted Driver,Speeding or Aggressive Driving,Pedestrian Related,Bicyclist Related,Pedestrian or Bicyclist Related,Motorcycle Inv,No Belt,No Belt - Ages 1-4,No Belt - Ages 5-12,No Belt - Ages 13-17,Driver - Ages Teen,Driver - Ages 65 plus,Driver - Ages 65-69,Driver - Ages 70-74,Driver - Ages 75-79,Driver - Ages 80 plus,ARBM Latitude,ARBM Longitude,UTM Zone 17N X,UTM Zone 17N Y,ARBM Side of Road,Urban Rural Indicator,GIS Street Source,Extract Date,OBJECTID,x,y
2020882572880,2020,882572880,FHPD20OFF081250,FLORIDA HIGHWAY PATROL,05 FIFTH,ORANGE,"November 21, 2020",0626,SUNDAY,"7500 UNINCORPORATED, ORANGE",0700,N,SR 417,VALENCIA COLLEGE LN,0,,28.55377,-81.264997,28.5536298,-81.2644853,75300000,6.998,02863,SR 417,,L LEFT,1 THRU LANE 1,S SOUTH,03 TOLL ROAD URBAN,03 STATE,01 NON-JUNCTION,03 SHOULDER,01 NOT AT INTERSECTION,01 PAVED,37,"November 12, 2019",12 URBAN PRIN ART EXPR.,36,PAVED WARN,12,,0,,0,36,88500,RCI,5,,70,0 UNKNOWN/NOT CODED,31 Q/C COMPLETED - LOC VERIFIED,0 NO,01 NOT AT INTERSECTION/RRX/BRIDGE,03 DAWN,03 RAIN,02 WET,01 LEVEL,2 CURVE RIGHT,"TWO-WAY, DIVIDED, POSITIVE MED",,NO CONTROLS,NOT CODED,6,NONE,NOT CODED,NOT CODED,NONE,NOT CODED,NOT CODED,"39 OTHER FIXED OBJECT (WALL, BUIL",77 OTHER (SEE NARRATIVE),01 STRAIGHT AHEAD,NOT CODED,NOT CODED,00 NOT CODED,00 NOT CODED,00 NOT CODED,00 NOT CODED,01 NO,0,0,0,0,0,0,1,0,N,N,N,N,Y,N,N,N,N,N,N,N,N,N,N,N,N,N,N,N,N,N,N,N,N,N,28.553567249,-81.264794205,474098.975126,3158554.939026,L,,ARBM15Q1R2,"June 10, 2023",1673824,-9046355.852771353,3318947.60837519
2020882464910,2020,882464910,FHPK20OFF051069,FLORIDA HIGHWAY PATROL,08 TURNPIKE,ORANGE,"November 3, 2020",1827,WEDNESDAY,7550 WINDERMERE,0750,N,SR 91,MILE MARKER #265,0.095,S,28.5221699,-81.50923,28.5242622,-81.5120464,75470000,15.415,04246,SR 91,,R RIGHT,5 THRU LANE 5,N NORTH,03 TOLL ROAD URBAN,06 TURNPIKE/TOLL,01 NON-JUNCTION,01 ON ROADWAY,01 NOT AT INTERSECTION,01 PAVED,37,"November 11, 2019",12 URBAN PRIN ART EXPR.,48,PAVED WARN,10,LAWN,12,,0,26,116000,RCI,17.8,,70,1 NO INJURY,31 Q/C COMPLETED - LOC VERIFIED,0 NO,01 NOT AT INTERSECTION/RRX/BRIDGE,04 DARK-LIGHTED,01 CLEAR,01 DRY,01 LEVEL,1 STRAIGHT,"TWO-WAY, DIVIDED, POSITIVE MED","TWO-WAY, DIVIDED, POSITIVE MED",NO CONTROLS,NO CONTROLS,8,NONE,NOT CODED,NOT CODED,NONE,NOT CODED,NOT CODED,14 MOTOR VEHICLE IN TRANSPORT,"04 SIDESWIPE, SAME DIRECTION",06 CHANGING LANES,NOT CODED,NO CONTRIBUTING ACTION,00 NOT CODED,00 NOT CODED,00 NOT CODED,00 NOT CODED,01 NO,0,0,0,0,1,0,2,1,N,N,N,N,Y,N,N,N,N,N,N,N,N,N,N,N,N,N,N,N,N,N,N,N,N,N,28.524267142,-81.512064258,449897.959555,3155387.266531,R,,ARBM15Q1R2,"June 10, 2023",1674427,-9073881.836930744,3315234.800848869
2020882464960,2020,882464960,FHPK20OFF057539,FLORIDA HIGHWAY PATROL,08 TURNPIKE,ORANGE,"December 8, 2020",1509,WEDNESDAY,7550 WINDERMERE,0750,N,SR 91,MILE MARKER #265,0.095,S,28.5249805,-81.5132975,28.5242622,-81.5120464,75470000,15.415,04246,SR 91,,L LEFT,3 THRU LANE 3,S SOUTH,03 TOLL ROAD URBAN,06 TURNPIKE/TOLL,01 NON-JUNCTION,01 ON ROADWAY,01 NOT AT INTERSECTION,01 PAVED,37,"November 11, 2019",12 URBAN PRIN ART EXPR.,48,PAVED WARN,10,LAWN,12,,0,26,116000,RCI,17.8,,70,1 NO INJURY,31 Q/C COMPLETED - LOC VERIFIED,0 NO,01 NOT AT INTERSECTION/RRX/BRIDGE,01 DAYLIGHT,01 CLEAR,01 DRY,01 LEVEL,1 STRAIGHT,"TWO-WAY, DIVIDED, UNPROTECTED","TWO-WAY, DIVIDED, UNPROTECTED",NO CONTROLS,NO CONTROLS,8,NONE,NOT CODED,NOT CODED,NONE,NOT CODED,NOT CODED,14 MOTOR VEHICLE IN TRANSPORT,"04 SIDESWIPE, SAME DIRECTION",11 OVERTAKING/PASSING,NOT CODED,NO CONTRIBUTING ACTION,00 NOT CODED,00 NOT CODED,00 NOT CODED,00 NOT CODED,01 NO,0,0,0,0,1,0,2,1,N,N,Y,N,Y,N,N,N,N,N,N,N,N,N,N,N,N,N,N,N,N,N,N,N,N,N,28.524069881,-81.512157833,449888.710412,3155365.45179,L,,ARBM15Q1R2,"June 10, 2023",1674428,-9073892.253763512,3315209.8081101608
2020882261400,2020,882261400,FHPK20OFF056959,FLORIDA HIGHWAY PATROL,08 TURNPIKE,ORANGE,"December 5, 2020",0240,SUNDAY,7546 ORLANDO,0746,N,SR 528,SR 91,0,,28.4330487,-81.4108603,28.4344546,-81.4049841,75471133,0.153,01431,SR 528,,L LEFT,X RAMP,S SOUTH,08 RAMP RURAL,06 TURNPIKE/TOLL,14 ENTRANCE/EXIT RAMP,03 SHOULDER,01 NOT AT INTERSECTION,01 PAVED,0,"December 31, 2000",,16,PAVED,2,LAWN,4,,0,,9300,RCI,14.7,,,0 UNKNOWN/NOT CODED,31 Q/C COMPLETED - LOC VERIFIED,0 NO,08 EXIT RAMP,03 DAWN,01 CLEAR,01 DRY,01 LEVEL,1 STRAIGHT,ONE-WAY TRAFFICWAY,,NO CONTROLS,NOT CODED,1,NONE,NOT CODED,NOT CODED,NONE,NOT CODED,NOT CODED,30 CONCRETE TRAFFIC BARRIER,77 OTHER (SEE NARRATIVE),00 NOT CODED,NOT CODED,NOT CODED,00 NOT CODED,00 NOT CODED,00 NOT CODED,00 NOT CODED,01 NO,0,0,0,0,0,0,1,0,N,N,N,N,Y,N,N,N,N,N,N,N,N,N,N,N,N,N,N,N,N,N,N,N,N,N,28.434452879,-81.404974155,460342.5775,3145397.2027,O,,ARBM15Q1R2,"June 10, 2023",1674932,-9061960.617459051,3303860.2752911043
2020882261410,2020,882261410,FHPK20OFF056969,FLORIDA HIGHWAY PATROL,08 TURNPIKE,ORANGE,"December 5, 2020",0430,SUNDAY,7546 ORLANDO,0746,N,SR 91,CR 423,1,N,28.4551735,-81.4253293,28.4666098,-81.438455,75470000,9.33,08820,SR 91,,R RIGHT,3 THRU LANE 3,N NORTH,03 TOLL ROAD URBAN,06 TURNPIKE/TOLL,01 NON-JUNCTION,01 ON ROADWAY,01 NOT AT INTERSECTION,01 PAVED,40,"November 11, 2019",12 URBAN PRIN ART EXPR.,48,PAVED WARN,10,LAWN,12,,0,26,112000,RCI,17.8,,70,2 POSSIBLE INJURY,31 Q/C COMPLETED - LOC VERIFIED,0 NO,01 NOT AT INTERSECTION/RRX/BRIDGE,03 DAWN,01 CLEAR,01 DRY,01 LEVEL,1 STRAIGHT,"TWO-WAY, DIVIDED, POSITIVE MED","TWO-WAY, DIVIDED, POSITIVE MED",NO CONTROLS,NO CONTROLS,8,NONE,NOT CODED,NOT CODED,NONE,NOT CODED,NOT CODED,14 MOTOR VEHICLE IN TRANSPORT,01 FRONT TO REAR,01 STRAIGHT AHEAD,FAILED TO KEEP IN PROPER LANE,NO CONTRIBUTING ACTION,00 NOT CODED,00 NOT CODED,00 NOT CODED,00 NOT CODED,01 NO,3,0,0,0,2,0,2,3,N,N,N,N,Y,N,N,N,N,N,Y,N,N,N,N,N,N,N,N,N,N,N,N,N,N,N,28.466589409,-81.438435008,457078.841449,3148968.906276,R,,ARBM15Q1R2,"June 10, 2023",1674933,-9065685.463798199,3307929.0944176945
2020882261450,2020,882261450,FHPK20OFF058672,FLORIDA HIGHWAY PATROL,08 TURNPIKE,ORANGE,"December 15, 2020",0005,WEDNESDAY,7546 ORLANDO,0746,N,SR 528,MILE MARKER #6,0,,28.4420512,-81.3921185,28.4441582,-81.3838872,75471000,6.048,01617,SR 528,,R RIGHT,4 THRU LANE 4,E EAST,03 TOLL ROAD URBAN,03 STATE,01 NON-JUNCTION,01 ON ROADWAY,01 NOT AT INTERSECTION,01 PAVED,38,"October 27, 2020",12 URBAN PRIN ART EXPR.,48,PAVED WARN,12,,0,,0,28,96000,RCI,10.3,,55,2 POSSIBLE INJURY,31 Q/C COMPLETED - LOC VERIFIED,0 NO,01 NOT AT INTERSECTION/RRX/BRIDGE,03 DAWN,01 CLEAR,01 DRY,01 LEVEL,1 STRAIGHT,"TWO-WAY, DIVIDED, POSITIVE MED","TWO-WAY, DIVIDED, POSITIVE MED",NO CONTROLS,NO CONTROLS,8,NONE,NOT CODED,NOT CODED,NONE,NOT CODED,NOT CODED,14 MOTOR VEHICLE IN TRANSPORT,"04 SIDESWIPE, SAME DIRECTION",77 OTHER (SEE NARRATIVE),OTHER CONTRIBUTING ACTION,OTHER CONTRIBUTING ACTION,00 NOT CODED,00 NOT CODED,00 NOT CODED,00 NOT CODED,01 NO,1,0,0,0,2,0,2,3,N,N,N,N,Y,N,N,N,N,N,N,N,N,N,N,N,N,N,N,N,N,Y,Y,N,N,N,28.444270053,-81.38350373,462448.570845,3146477.89598,R,,ARBM15Q1R2,"June 10, 2023",1677773,-9059570.540095063,3305103.100593894
2020882261460,2020,882261460,FHPK20OFF058675,FLORIDA HIGHWAY PATROL,08 TURNPIKE,ORANGE,"December 15, 2020",0007,WEDNESDAY,7546 ORLANDO,0746,N,SR 528,MILE MARKER #6,0,,28.4437674,-81.3845602,28.4441582,-81.3838872,75471000,6.048,01617,SR 528,,R RIGHT,2 THRU LANE 2,E EAST,03 TOLL ROAD URBAN,03 STATE,01 NON-JUNCTION,01 ON ROADWAY,01 NOT AT INTERSECTION,01 PAVED,38,"October 27, 2020",12 URBAN PRIN ART EXPR.,48,PAVED WARN,12,,0,,0,28,96000,RCI,10.3,,55,4 INCAPACITATING INJURY,31 Q/C COMPLETED - LOC VERIFIED,0 NO,01 NOT AT INTERSECTION/RRX/BRIDGE,03 DAWN,01 CLEAR,01 DRY,01 LEVEL,1 STRAIGHT,"TWO-WAY, DIVIDED, POSITIVE MED","TWO-WAY, DIVIDED, POSITIVE MED",NO CONTROLS,NO CONTROLS,8,NONE,NOT CODED,NOT CODED,NONE,NOT CODED,NOT CODED,14 MOTOR VEHICLE IN TRANSPORT,77 OTHER (SEE NARRATIVE),77 OTHER (SEE NARRATIVE),NO CONTRIBUTING ACTION,NO CONTRIBUTING ACTION,00 NOT CODED,00 NOT CODED,00 NOT CODED,00 NOT CODED,01 NO,3,0,1,0,3,0,3,3,N,N,N,N,N,N,N,N,N,N,Y,N,N,N,N,N,N,N,N,N,N,N,N,N,N,N,28.444270053,-81.38350373,462448.570845,3146477.89598,R,,ARBM15Q1R2,"June 10, 2023",1677774,-9059570.540095063,3305103.100593894
2020882022230,2020,882022230,FHPD20OFF068517,FLORIDA HIGHWAY PATROL,05 FIFTH,ORANGE,"October 4, 2020",1156,MONDAY,7546 ORLANDO,0746,N,I 4,MILE MARKER #68,0.038,S,28.3747364,-81.5068608,28.375608,-81.5060998,75280000,2.492,00486,SR 400,I 4,R RIGHT,2 THRU LANE 2,E EAST,01 INTERSTATE URBAN,01 INTERSTATE,01 NON-JUNCTION,01 ON ROADWAY,01 NOT AT INTERSECTION,01 PAVED,35,"March 2, 2020",11 URBAN PRIN ART INT.,36,PAVED WARN,10,LAWN,2,,0,64,179500,RCI,7.6,,60,1 NO INJURY,31 Q/C COMPLETED - LOC VERIFIED,0 NO,01 NOT AT INTERSECTION/RRX/BRIDGE,01 DAYLIGHT,01 CLEAR,01 DRY,01 LEVEL,1 STRAIGHT,"TWO-WAY, DIVIDED, POSITIVE MED","TWO-WAY, DIVIDED, POSITIVE MED",NO CONTROLS,NO CONTROLS,6,NONE,NOT CODED,NOT CODED,NONE,NOT CODED,NOT CODED,14 MOTOR VEHICLE IN TRANSPORT,"04 SIDESWIPE, SAME DIRECTION",13 STOPPED IN TRAFFIC,OTHER CONTRIBUTING ACTION,OTHER CONTRIBUTING ACTION,00 NOT CODED,00 NOT CODED,00 NOT CODED,00 NOT CODED,01 NO,0,0,0,0,2,0,2,2,N,N,N,N,Y,N,N,N,N,N,Y,N,N,N,N,N,N,N,N,N,N,N,N,N,N,N,28.375618026,-81.506108503,450411.397628,3138916.732512,R,,ARBM15Q1R2,"June 10, 2023",1677862,-9073218.84468863,3296414.3701601783
2020882022240,2020,882022240,FHPD20OFF071028,FLORIDA HIGHWAY PATROL,05 FIFTH,ORANGE,"October 14, 2020",0817,THURSDAY,7554 WINTER PARK,0754,N,I 4,MILE MARKER #88,0.038,N,28.5925543,-81.3814307,28.6098462,-81.3864825,75280000,22.568,00408,SR 400,I 4,L LEFT,1 THRU LANE 1,W WEST,01 INTERSTATE URBAN,01 INTERSTATE,01 NON-JUNCTION,01 ON ROADWAY,01 NOT AT INTERSECTION,01 PAVED,27,"September 16, 2014",11 URBAN PRIN ART INT.,36,PAVED WARN,10,LAWN,2,,0,16,172500,RCI,6.8,,55,1 NO INJURY,31 Q/C COMPLETED - LOC VERIFIED,0 NO,01 NOT AT INTERSECTION/RRX/BRIDGE,01 DAYLIGHT,01 CLEAR,01 DRY,01 LEVEL,1 STRAIGHT,"TWO-WAY, DIVIDED, POSITIVE MED","TWO-WAY, DIVIDED, POSITIVE MED",TRAFFIC CONTROL SIGNAL,TRAFFIC CONTROL SIGNAL,6,NONE,NOT CODED,NOT CODED,NONE,NOT CODED,NOT CODED,14 MOTOR VEHICLE IN TRANSPORT,01 FRONT TO REAR,01 STRAIGHT AHEAD,OPERATED MV IN CARLESS OR NEGL,NO CONTRIBUTING ACTION,00 NOT CODED,00 NOT CODED,00 NOT CODED,00 NOT CODED,01 NO,0,0,0,0,2,0,2,2,N,N,N,N,N,N,N,N,N,N,N,N,N,N,N,N,N,N,N,N,N,N,N,N,N,N,28.609871372,-81.386664565,462198.199099,3164825.037895,L,,ARBM15Q1R2,"June 10, 2023",1677867,-9059922.403318336,3326085.1709228507
2020882635550,2020,882635550,FHPK20OFF045278,FLORIDA HIGHWAY PATROL,08 TURNPIKE,ORANGE,"October 3, 2020",1012,SUNDAY,7547 CONWAY,0747,N,SR 91,SR 408,0,,28.5344102,-81.5300428,28.5346967,-81.5285598,75470151,0.441,04069,SR 91,,L LEFT,X RAMP,S SOUTH,08 RAMP RURAL,06 TURNPIKE/TOLL,14 ENTRANCE/EXIT RAMP,03 SHOULDER,01 NOT AT INTERSECTION,01 PAVED,0,"December 31, 2000",,24,PAVED WARN,11,VALLEY GUTR,3.5,,0,,22500,RCI,17.8,,,1 NO INJURY,31 Q/C COMPLETED - LOC VERIFIED,0 NO,08 EXIT RAMP,01 DAYLIGHT,02 CLOUDY,02 WET,03 UPHILL,3 CURVE LEFT,ONE-WAY TRAFFICWAY,,NO CONTROLS,NOT CODED,2,NONE,NOT CODED,NOT CODED,WEATHER CONDITIONS,NOT CODED,NOT CODED,30 CONCRETE TRAFFIC BARRIER,77 OTHER (SEE NARRATIVE),15 NEGOTIATING A CURVE,NO CONTRIBUTING ACTION,NOT CODED,00 NOT CODED,00 NOT CODED,00 NOT CODED,00 NOT CODED,01 NO,0,0,0,0,1,0,1,1,N,N,N,N,Y,N,N,N,N,N,N,N,N,N,N,N,N,N,N,N,N,N,N,N,N,N,28.534697117,-81.528561938,448288.839203,3156549.765082,O,,ARBM15Q1R2,"June 10, 2023",1803604,-9075718.35093331,3316556.3323104694
2020882635560,2020,882635560,FHPK20OFF045309,FLORIDA HIGHWAY PATROL,08 TURNPIKE,ORANGE,"October 3, 2020",1240,SUNDAY,7547 CONWAY,0747,N,SR 91,SR 400,0,,28.4746729,-81.4464929,28.4785414,-81.4489786,75470000,10.377,03728,SR 91,,L LEFT,S SIDE OF ROAD,S SOUTH,03 TOLL ROAD URBAN,06 TURNPIKE/TOLL,01 NON-JUNCTION,01 ON ROADWAY,01 NOT AT INTERSECTION,01 PAVED,37,"November 11, 2019",12 URBAN PRIN ART EXPR.,48,PAVED WARN,12,,0,,0,26,112000,RCI,17.8,,70,2 POSSIBLE INJURY,31 Q/C COMPLETED - LOC VERIFIED,0 NO,01 NOT AT INTERSECTION/RRX/BRIDGE,01 DAYLIGHT,02 CLOUDY,02 WET,04 DOWNHILL,2 CURVE RIGHT,"TWO-WAY, DIVIDED, POSITIVE MED","TWO-WAY, DIVIDED, POSITIVE MED",NO CONTROLS,NO CONTROLS,8,NONE,NOT CODED,NOT CODED,NONE,NOT CODED,NOT CODED,14 MOTOR VEHICLE IN TRANSPORT,01 FRONT TO REAR,11 OVERTAKING/PASSING,FAILED TO KEEP IN PROPER LANE,NO CONTRIBUTING ACTION,00 NOT CODED,00 NOT CODED,00 NOT CODED,00 NOT CODED,01 NO,1,0,0,0,2,0,2,2,N,N,N,N,Y,N,N,N,N,N,N,N,N,N,N,N,N,N,N,N,N,N,N,N,N,N,28.4783728,-81.449135923,456036.128482,3150278.192846,L,,ARBM15Q1R2,"June 10, 2023",1803605,-9066876.684586339,3309421.3043168955
2020882635570,2020,882635570,FHPK20OFF050955,FLORIDA HIGHWAY PATROL,08 TURNPIKE,ORANGE,"November 2, 2020",2348,TUESDAY,7547 CONWAY,0747,N,SR 91,SR 528,2,S,28.4418788,-81.4154904,28.4105124,-81.3914343,75470000,4.38,08920,SR 91,,L LEFT,S SIDE OF ROAD,S SOUTH,03 TOLL ROAD URBAN,06 TURNPIKE/TOLL,01 NON-JUNCTION,01 ON ROADWAY,01 NOT AT INTERSECTION,01 PAVED,30,"March 15, 2017",12 URBAN PRIN ART EXPR.,24,PAVED WARN,8,VALLEY GUTR,3.5,,0,40,77400,RCI,17.8,,70,1 NO INJURY,31 Q/C COMPLETED - LOC VERIFIED,0 NO,01 NOT AT INTERSECTION/RRX/BRIDGE,04 DARK-LIGHTED,01 CLEAR,01 DRY,01 LEVEL,1 STRAIGHT,"TWO-WAY, DIVIDED, POSITIVE MED","TWO-WAY, DIVIDED, POSITIVE MED",NO CONTROLS,NO CONTROLS,4,NONE,NOT CODED,NOT CODED,NONE,NOT CODED,NOT CODED,14 MOTOR VEHICLE IN TRANSPORT,01 FRONT TO REAR,01 STRAIGHT AHEAD,OPERATED MV IN CARLESS OR NEGL,NO CONTRIBUTING ACTION,00 NOT CODED,00 NOT CODED,00 NOT CODED,00 NOT CODED,01 NO,0,0,0,0,2,0,2,2,N,N,Y,N,N,N,N,N,N,N,N,N,N,N,N,N,N,N,N,N,N,N,N,N,N,N,28.410411826,-81.391640386,461639.643806,3142729.531059,L,,ARBM15Q1R2,"June 10, 2023",1803606,-9060476.308605352,3300817.2356934026
2020882635590,2020,882635590,FHPK20OFF051710,FLORIDA HIGHWAY PATROL,08 TURNPIKE,ORANGE,"November 6, 2020",2157,SATURDAY,7547 CONWAY,0747,N,SR 91,SR 50,2,N,28.5453,-81.5853,28.5452771,-81.5875842,75470000,20.594,08853,SR 91,,R RIGHT,S SIDE OF ROAD,N NORTH,03 TOLL ROAD URBAN,06 TURNPIKE/TOLL,01 NON-JUNCTION,03 SHOULDER,01 NOT AT INTERSECTION,01 PAVED,41,"August 23, 2020",12 URBAN PRIN ART EXPR.,48,PAVED WARN,10,LAWN,12,,0,26,102500,RCI,17.8,,70,2 POSSIBLE INJURY,31 Q/C COMPLETED - LOC VERIFIED,0 NO,01 NOT AT INTERSECTION/RRX/BRIDGE,04 DARK-LIGHTED,01 CLEAR,01 DRY,01 LEVEL,1 STRAIGHT,"TWO-WAY, DIVIDED, POSITIVE MED",,NO CONTROLS,NOT CODED,8,NONE,NOT CODED,NOT CODED,NONE,NOT CODED,NOT CODED,08 RAN INTO WATER/CANAL,77 OTHER (SEE NARRATIVE),01 STRAIGHT AHEAD,NO CONTRIBUTING ACTION,NOT CODED,00 NOT CODED,00 NOT CODED,00 NOT CODED,00 NOT CODED,01 NO,2,0,0,0,1,0,1,2,N,N,N,N,Y,N,N,N,N,N,N,N,N,N,N,N,N,N,N,N,N,Y,N,Y,N,N,28.545285061,-81.587622995,442516.321111,3157749.659372,R,,ARBM15Q1R2,"June 10, 2023",1803607,-9082292.99966171,3317898.012879239
2020882635600,2020,882635600,FHPK20OFF052573,FLORIDA HIGHWAY PATROL,08 TURNPIKE,ORANGE,"November 11, 2020",0013,THURSDAY,7547 CONWAY,0747,N,SR 91,SR 528,2,S,28.4515626,-81.4207802,28.4105124,-81.3914343,75470000,4.38,08920,SR 91,,R RIGHT,S SIDE OF ROAD,N NORTH,03 TOLL ROAD URBAN,06 TURNPIKE/TOLL,01 NON-JUNCTION,02 OFF ROADWAY,01 NOT AT INTERSECTION,01 PAVED,30,"March 15, 2017",12 URBAN PRIN ART EXPR.,24,PAVED WARN,8,VALLEY GUTR,3.5,,0,40,77400,RCI,17.8,,70,1 NO INJURY,31 Q/C COMPLETED - LOC VERIFIED,0 NO,01 NOT AT INTERSECTION/RRX/BRIDGE,04 DARK-LIGHTED,03 RAIN,02 WET,01 LEVEL,1 STRAIGHT,"TWO-WAY, DIVIDED, POSITIVE MED",,NO CONTROLS,NOT CODED,4,NONE,NOT CODED,NOT CODED,WEATHER CONDITIONS,NOT CODED,NOT CODED,33 UTILITY POLE/LIGHT SUPPORT,77 OTHER (SEE NARRATIVE),01 STRAIGHT AHEAD,NO CONTRIBUTING ACTION,NOT CODED,00 NOT CODED,00 NOT CODED,00 NOT CODED,00 NOT CODED,01 NO,0,0,0,0,1,0,1,2,N,N,N,N,Y,N,N,N,N,N,N,N,N,N,N,N,N,N,N,N,N,N,N,N,N,N,28.410472368,-81.391438421,461659.447896,3142736.173849,R,,ARBM15Q1R2,"June 10, 2023",1803608,-9060453.825867541,3300824.8980205734
2020882635620,2020,882635620,FHPK20OFF055888,FLORIDA HIGHWAY PATROL,08 TURNPIKE,ORANGE,"November 29, 2020",0835,MONDAY,7547 CONWAY,0747,N,SR 528,SR 400,0,,28.4191293,-81.475191,28.4220461,-81.4738036,75471201,0,03708,SR 528,,L LEFT,X RAMP,W WEST,08 RAMP RURAL,06 TURNPIKE/TOLL,14 ENTRANCE/EXIT RAMP,01 ON ROADWAY,01 NOT AT INTERSECTION,01 PAVED,0,"December 31, 2000",,24,PAVED,5,,0,,0,,22500,RCI,14.7,,,1 NO INJURY,31 Q/C COMPLETED - LOC VERIFIED,0 NO,08 EXIT RAMP,01 DAYLIGHT,02 CLOUDY,02 WET,04 DOWNHILL,3 CURVE LEFT,ONE-WAY TRAFFICWAY,,NO CONTROLS,NOT CODED,2,NONE,NOT CODED,NOT CODED,WEATHER CONDITIONS,NOT CODED,NOT CODED,27 GUARDRAIL FACE,77 OTHER (SEE NARRATIVE),15 NEGOTIATING A CURVE,DROVE TOO FAST FOR CONDITIONS,NOT CODED,00 NOT CODED,00 NOT CODED,00 NOT CODED,00 NOT CODED,01 NO,0,0,0,0,1,0,1,1,N,N,N,N,Y,Y,N,N,N,N,N,Y,N,N,N,N,N,N,N,N,N,N,N,N,N,N,28.422045025,-81.473807984,453596.479,3144047.2235,O,,ARBM15Q1R2,"June 10, 2023",1803609,-9069623.16638302,3302289.6422793237
2020882572830,2020,882572830,FHPD20OFF077677,FLORIDA HIGHWAY PATROL,05 FIFTH,ORANGE,"November 8, 2020",1043,MONDAY,"7500 UNINCORPORATED, ORANGE",0700,N,SR 50,GRAYSON DR,0.002,E,28.5692799,-81.2292,28.5693073,-81.2289058,75060000,10.417,05188,SR 50,,R RIGHT,3 THRU LANE 3,E EAST,30 URBAN 6+LN 2WY DIVD RASD,03 STATE,02 INTERSECTION,01 ON ROADWAY,03 T-INTERSECTION,02 UNPAVED,39,"September 9, 2019",14 URBAN PRIN ART OTHER,36,PAVED,4,CURB&GUTTER,2,,0,34,59500,RCI,3.4,,45,3 NO-INCAPACITATING INJURY,31 Q/C COMPLETED - LOC VERIFIED,0 NO,01 NOT AT INTERSECTION/RRX/BRIDGE,01 DAYLIGHT,03 RAIN,02 WET,01 LEVEL,1 STRAIGHT,"TWO-WAY, DIVIDED, UNPROTECTED","TWO-WAY, DIVIDED, UNPROTECTED",NO CONTROLS,NO CONTROLS,6,NONE,NOT CODED,NOT CODED,NONE,NOT CODED,NOT CODED,14 MOTOR VEHICLE IN TRANSPORT,01 FRONT TO REAR,01 STRAIGHT AHEAD,OPERATED MV IN CARLESS OR NEGL,NO CONTRIBUTING ACTION,00 NOT CODED,00 NOT CODED,00 NOT CODED,00 NOT CODED,01 NO,2,0,0,0,2,0,2,3,N,N,N,N,N,N,N,N,N,N,Y,N,N,N,N,N,N,N,N,N,N,N,N,N,N,N,28.569251117,-81.228992997,477604.225702,3160285.258991,R,,ARBM15Q1R2,"June 10, 2023",1804150,-9042370.479393953,3320935.437700189