Crash Id,Calendar Year,FDOT Crash Number,Reporting Agency Case Number,Reporting Agency Type,FDOT Managing District,County Name,Crash Date,Crash Time,Day,DHSMV City,Crash Report City Code,In Town,On Roadway Name,Int Roadway Name,Reference Distance (Miles),Reference Direction,Officer Latitude,Officer Longitude,FDOT Latitude,FDOT Longitude,FDOT Roadway,Nearest Inventory MP,Nearest Node From Crash,State Road #,US Highway,Crash Side of Road,Accident Lane Number,Travel Direction Vehicle 1,FDOT Road Category,DHSMV Road System Id,Relation to Junction,Crash Harmful Event Location,Intersection Type,Shoulder Type,FDOT Roadway SKID Test Result,FDOT Roadway SKID Test Date,Functional Class,RCI Surface Width,RCI Shoulder Type First,RCI Shoulder Width First,RCI Shoulder Type Second,RCI Shoulder Width Second,RCI Shoulder Type Third,RCI Shoulder Width Third,RCI Median Width,Avg Daily Traffic,AADT Source,RCI Avg Per Truck Traffic,RCI Horiz Curve Condition,Posted Speed Limit,Highest Injury in Crash,CAR Status Code,Alcohols/Drug Involved,Site Location,Lighting,Weather,Road Surface,Roadway Grade,Roadway Alignment,Traffic Way Vehicle 1,Traffic Way Vehicle 2,Traffic Control Vehicle 1,Traffic Control Vehicle 2,Count of Lanes,Road Condition 1,Road Condition 2,Road Condition 3,Environment Condition 1,Environment Condition 2,Environment Condition 3,Crash Harmful Event,Manner of Collision,Vehicle Movement,Driver Action Vehicle 1,Driver Action Vehicle 2,Location Within Workzone,Type of Workzone,Workers Present in Workzone,Law Enforcement Present in Workzone,School Bus Related,Count of Nonfatal Injuries,Count of Traffic Fatalities,Count of Serious Injuries,Count of Pedestrians,Count of Drivers,Count of Bicyclists,Count of Vehicles,Count of Persons,Wrong Way,Workzone Inv,Commercial Vehicle Inv,Intersection Inv,Lane Departure,Speeding,Agressive Driving,Impaired Driver,Impaired Pedestrian,Impaired Bicyclist,Distracted Driver,Speeding or Aggressive Driving,Pedestrian Related,Bicyclist Related,Pedestrian or Bicyclist Related,Motorcycle Inv,No Belt,No Belt - Ages 1-4,No Belt - Ages 5-12,No Belt - Ages 13-17,Driver - Ages Teen,Driver - Ages 65 plus,Driver - Ages 65-69,Driver - Ages 70-74,Driver - Ages 75-79,Driver - Ages 80 plus,ARBM Latitude,ARBM Longitude,UTM Zone 17N X,UTM Zone 17N Y,ARBM Side of Road,Urban Rural Indicator,GIS Street Source,Extract Date,OBJECTID,x,y
2020241231110,2020,241231110,WGPD20OFF003255,COUNTY SHERIFF'S OFFICE,05 FIFTH,ORANGE,"October 7, 2020",0840,THURSDAY,7552 WINTER GARDEN,0752,Y,BEULAH RD,SR 50,0,,28.5511,-81.57303,28.5511169,-81.5729659,75050000,5.196,05010,SR 50,,S SIDE RD RIGHT,L LEFT TURN,E EAST,30 URBAN 6+LN 2WY DIVD RASD,05 LOCAL,02 INTERSECTION,01 ON ROADWAY,02 FOUR-WAY INTERSECTION,03 CURB,38,"April 1, 2018",14 URBAN PRIN ART OTHER,36,PAVED,4,CURB&GUTTER,2,,0,30,54500,RCI,4.6,,45,1 NO INJURY,31 Q/C COMPLETED - LOC VERIFIED,0 NO,02 AT INTERSECTION,01 DAYLIGHT,01 CLEAR,01 DRY,01 LEVEL,1 STRAIGHT,"TWO-WAY, DIVIDED, POSITIVE MED","TWO-WAY, NOT DIV, W/CONT LTURN",TRAFFIC CONTROL SIGNAL,TRAFFIC CONTROL SIGNAL,6,NONE,NOT CODED,NOT CODED,NONE,NOT CODED,NOT CODED,14 MOTOR VEHICLE IN TRANSPORT,02 FRONT TO FRONT,05 TURNING RIGHT,FAILED TO KEEP IN PROPER LANE,NO CONTRIBUTING ACTION,00 NOT CODED,00 NOT CODED,00 NOT CODED,00 NOT CODED,01 NO,0,0,0,0,2,0,2,3,N,N,N,Y,N,N,N,N,N,N,N,N,N,N,N,N,N,N,N,N,N,N,N,N,N,N,28.551014659,-81.573036835,443946.2592,3158377.5181,R,,ARBM15Q1R2,"June 10, 2023",2398742,-9080669.275306024,3318624.111025292
2020241231120,2020,241231120,WGPD20OFF003344,COUNTY SHERIFF'S OFFICE,05 FIFTH,ORANGE,"October 14, 2020",0648,THURSDAY,7552 WINTER GARDEN,0752,Y,COLONIAL DR W,TUCKER OAKS BLVD,0.189,E,28.5510699,-81.6168299,28.5510744,-81.6128756,75050000,2.77,03041,SR 50,,L LEFT,2 THRU LANE 2,W WEST,30 URBAN 6+LN 2WY DIVD RASD,03 STATE,03 INTERSECTION-RELATED,01 ON ROADWAY,02 FOUR-WAY INTERSECTION,01 PAVED,44,"April 1, 2018",14 URBAN PRIN ART OTHER,36,PAVED,4,CURB&GUTTER,2,,0,22,31500,RCI,4.6,,50,1 NO INJURY,31 Q/C COMPLETED - LOC VERIFIED,0 NO,01 NOT AT INTERSECTION/RRX/BRIDGE,03 DAWN,01 CLEAR,01 DRY,01 LEVEL,1 STRAIGHT,"TWO-WAY, DIVIDED, POSITIVE MED","TWO-WAY, DIVIDED, POSITIVE MED",NO CONTROLS,NO CONTROLS,6,NONE,NOT CODED,NOT CODED,NONE,NOT CODED,NOT CODED,14 MOTOR VEHICLE IN TRANSPORT,01 FRONT TO REAR,01 STRAIGHT AHEAD,OPERATED MV IN CARLESS OR NEGL,NO CONTRIBUTING ACTION,00 NOT CODED,00 NOT CODED,00 NOT CODED,00 NOT CODED,01 NO,0,0,0,0,2,0,2,2,N,N,N,N,N,N,N,N,N,N,N,N,N,N,N,N,N,N,N,N,N,N,N,N,N,N,28.551094665,-81.612988312,440038.222537,3158405.714546,C,,ARBM15Q1R2,"June 10, 2023",2398743,-9085116.654659096,3318634.250051005
2020241242450,2020,241242450,2020TA011707,COUNTY SHERIFF'S OFFICE,05 FIFTH,ORANGE,"November 19, 2020",1550,FRIDAY,7554 WINTER PARK,0754,Y,ALOMA AVE,ST ANDREWS BLVD,0,,28.601278,-81.321189,28.6012143,-81.3211334,75090000,2.079,02044,SR 426,,L LEFT,1 THRU LANE 1,W WEST,20 URBAN 4-5LN 2WY DIVD RASD,03 STATE,02 INTERSECTION,01 ON ROADWAY,02 FOUR-WAY INTERSECTION,01 PAVED,41,"February 11, 2020",14 URBAN PRIN ART OTHER,26,CURB&GUTTER,2,,0,,0,19,41000,RCI,3.6,,35,1 NO INJURY,31 Q/C COMPLETED - LOC VERIFIED,0 NO,02 AT INTERSECTION,01 DAYLIGHT,01 CLEAR,01 DRY,01 LEVEL,1 STRAIGHT,"TWO-WAY, NOT DIV, W/CONT LTURN","TWO-WAY, NOT DIV, W/CONT LTURN",TRAFFIC CONTROL SIGNAL,TRAFFIC CONTROL SIGNAL,4,NONE,NOT CODED,NOT CODED,NONE,NOT CODED,NOT CODED,14 MOTOR VEHICLE IN TRANSPORT,77 OTHER (SEE NARRATIVE),88 UNKNOWN,RAN RED LIGHT,NO CONTRIBUTING ACTION,00 NOT CODED,00 NOT CODED,00 NOT CODED,00 NOT CODED,01 NO,0,0,0,0,2,0,2,2,N,N,N,Y,N,N,N,N,N,N,N,N,N,N,N,N,N,N,N,N,N,N,N,N,N,N,28.601296146,-81.321123498,468603.234596,3163856.072165,L,,ARBM15Q1R2,"June 10, 2023",2398744,-9052626.402880887,3324997.8598176436
2020241242490,2020,241242490,2020TA011691,COUNTY SHERIFF'S OFFICE,05 FIFTH,ORANGE,"November 19, 2020",1221,FRIDAY,7554 WINTER PARK,0754,Y,FAIRBANKS AVE W,PENNSYLVANIA AVE,0,,28.593158,-81.356865,28.5931234,-81.3565072,75006000,1.609,00845,SR 426,,L LEFT,2 THRU LANE 2,S SOUTH,22 URBAN 4-5LN 2WY UNDIVD,03 STATE,02 INTERSECTION,01 ON ROADWAY,02 FOUR-WAY INTERSECTION,03 CURB,45,"September 8, 2019",14 URBAN PRIN ART OTHER,40,RAISED CURB,1,,0,,0,,23500,RCI,3.1,,35,2 POSSIBLE INJURY,31 Q/C COMPLETED - LOC VERIFIED,0 NO,02 AT INTERSECTION,01 DAYLIGHT,01 CLEAR,01 DRY,01 LEVEL,1 STRAIGHT,"TWO-WAY, NOT DIVIDED","TWO-WAY, NOT DIVIDED",TRAFFIC CONTROL SIGNAL,TRAFFIC CONTROL SIGNAL,4,NONE,NOT CODED,NOT CODED,NONE,NOT CODED,NOT CODED,14 MOTOR VEHICLE IN TRANSPORT,03 ANGLE,05 TURNING RIGHT,FAILED TO YIELD RIGHT-OF-WAY,NO CONTRIBUTING ACTION,00 NOT CODED,00 NOT CODED,00 NOT CODED,00 NOT CODED,01 NO,1,0,0,0,2,0,2,2,N,N,N,Y,N,N,N,N,N,N,Y,N,N,N,N,N,N,N,N,N,N,N,N,N,N,N,28.593132985,-81.356519954,465139.748956,3162961.505576,O,,ARBM15Q1R2,"June 10, 2023",2398745,-9056566.719384605,3323962.8793985755
2020241242500,2020,241242500,2020TA011392,COUNTY SHERIFF'S OFFICE,05 FIFTH,ORANGE,"November 11, 2020",1428,THURSDAY,7554 WINTER PARK,0754,Y,FAIRBANKS AVE W,HARPER ST,0.021,W,28.593022,-81.364446,28.5930789,-81.3643276,75006000,1.134,01044,SR 426,,R RIGHT,2 THRU LANE 2,E EAST,20 URBAN 4-5LN 2WY DIVD RASD,03 STATE,01 NON-JUNCTION,01 ON ROADWAY,01 NOT AT INTERSECTION,03 CURB,42,"September 8, 2019",14 URBAN PRIN ART OTHER,24,CURB&GUTTER,2,,0,,0,14,23500,RCI,3.1,,35,2 POSSIBLE INJURY,31 Q/C COMPLETED - LOC VERIFIED,0 NO,03 INFLUENCED BY INTERSECTION,01 DAYLIGHT,02 CLOUDY,01 DRY,01 LEVEL,1 STRAIGHT,"TWO-WAY, DIVIDED, POSITIVE MED","TWO-WAY, DIVIDED, POSITIVE MED",NO CONTROLS,NO CONTROLS,4,NONE,NOT CODED,NOT CODED,NONE,NOT CODED,NOT CODED,14 MOTOR VEHICLE IN TRANSPORT,"04 SIDESWIPE, SAME DIRECTION",01 STRAIGHT AHEAD,FAILED TO KEEP IN PROPER LANE,NO CONTRIBUTING ACTION,00 NOT CODED,00 NOT CODED,00 NOT CODED,00 NOT CODED,01 NO,1,0,0,0,2,0,2,2,N,N,Y,Y,N,N,N,N,N,N,Y,N,N,N,N,N,N,N,N,N,N,N,N,N,N,N,28.593084644,-81.364420227,464367.244267,3162958.476016,C,,ARBM15Q1R2,"June 10, 2023",2398746,-9057446.174078492,3323956.750535634
2020241242520,2020,241242520,2020TA011702,COUNTY SHERIFF'S OFFICE,05 FIFTH,ORANGE,"November 19, 2020",1458,FRIDAY,7554 WINTER PARK,0754,Y,ORLANDO AVE,CANTON AVE,0.009,S,28.600267,-81.365081,28.6004835,-81.3651283,75030000,5.879,00981,SR 15,US 17,R RIGHT,1 THRU LANE 1,N NORTH,20 URBAN 4-5LN 2WY DIVD RASD,02 U.S.,01 NON-JUNCTION,01 ON ROADWAY,01 NOT AT INTERSECTION,01 PAVED,39,"March 1, 2020",14 URBAN PRIN ART OTHER,22,CURB&GUTTER,2,CURB&GUTTER,2,,0,16,37000,RCI,10,,35,2 POSSIBLE INJURY,31 Q/C COMPLETED - LOC VERIFIED,0 NO,03 INFLUENCED BY INTERSECTION,01 DAYLIGHT,01 CLEAR,01 DRY,01 LEVEL,1 STRAIGHT,"TWO-WAY, NOT DIV, W/CONT LTURN","TWO-WAY, NOT DIV, W/CONT LTURN",NO CONTROLS,NO CONTROLS,4,NONE,NOT CODED,NOT CODED,NONE,NOT CODED,NOT CODED,14 MOTOR VEHICLE IN TRANSPORT,01 FRONT TO REAR,01 STRAIGHT AHEAD,OPERATED MV IN CARLESS OR NEGL,NO CONTRIBUTING ACTION,00 NOT CODED,00 NOT CODED,00 NOT CODED,00 NOT CODED,01 NO,2,0,0,0,3,0,3,3,N,N,N,Y,N,N,N,N,N,N,Y,N,N,N,N,N,N,N,N,N,Y,N,N,N,N,N,28.600480642,-81.365126893,464300.64574,3163778.05986,C,,ARBM15Q1R2,"June 10, 2023",2398747,-9057524.839933159,3324894.46098853
2020241241670,2020,241241670,2020TA010240,COUNTY SHERIFF'S OFFICE,05 FIFTH,ORANGE,"October 14, 2020",1431,THURSDAY,7554 WINTER PARK,0754,Y,LANDER RD,ALOMA AVE,0.004,N,28.600548,-81.324306,28.6005348,-81.3244128,75090000,1.874,06730,SR 426,,T SIDE RD LEFT,1 THRU LANE 1,S SOUTH,20 URBAN 4-5LN 2WY DIVD RASD,05 LOCAL,03 INTERSECTION-RELATED,01 ON ROADWAY,03 T-INTERSECTION,03 CURB,41,"February 11, 2020",14 URBAN PRIN ART OTHER,26,CURB&GUTTER,2,,0,,0,19,41000,RCI,3.6,3D0000,35,2 POSSIBLE INJURY,31 Q/C COMPLETED - LOC VERIFIED,0 NO,03 INFLUENCED BY INTERSECTION,01 DAYLIGHT,01 CLEAR,01 DRY,01 LEVEL,1 STRAIGHT,"TWO-WAY, NOT DIVIDED","TWO-WAY, NOT DIVIDED",STOP SIGN,NO CONTROLS,4,NONE,NOT CODED,NOT CODED,NONE,NOT CODED,NOT CODED,14 MOTOR VEHICLE IN TRANSPORT,01 FRONT TO REAR,01 STRAIGHT AHEAD,FOLLOWED TOO CLOSELY,NO CONTRIBUTING ACTION,00 NOT CODED,00 NOT CODED,00 NOT CODED,00 NOT CODED,01 NO,1,0,0,0,2,0,2,2,N,N,N,Y,N,N,N,N,N,N,Y,N,N,N,N,N,N,N,N,N,N,Y,N,Y,N,N,28.60060013,-81.32439757,468282.912399,3163779.826747,L,,ARBM15Q1R2,"June 10, 2023",2398758,-9052990.87103258,3324909.6110529653
2020241241700,2020,241241700,2020TA010493,COUNTY SHERIFF'S OFFICE,05 FIFTH,ORANGE,"October 21, 2020",0922,THURSDAY,7554 WINTER PARK,0754,Y,ORLANDO AVE S,KENTUCKY AVE,0.019,S,28.591423,-81.365144,28.5917362,-81.3650344,75030000,5.279,03026,SR 15,US 17,L LEFT,D DRIVEWAY,E EAST,20 URBAN 4-5LN 2WY DIVD RASD,02 U.S.,01 NON-JUNCTION,03 SHOULDER,01 NOT AT INTERSECTION,03 CURB,39,"March 1, 2020",14 URBAN PRIN ART OTHER,22,PAVED,4,CURB&GUTTER,2,,0,14,30500,RCI,4.4,,35,2 POSSIBLE INJURY,31 Q/C COMPLETED - LOC VERIFIED,0 NO,04 DRIVEWAY ACCESS,01 DAYLIGHT,01 CLEAR,01 DRY,01 LEVEL,1 STRAIGHT,"TWO-WAY, NOT DIV, W/CONT LTURN",,NO CONTROLS,NOT CODED,4,NONE,NOT CODED,NOT CODED,NONE,NOT CODED,NOT CODED,11 PEDALCYCLE,00 NOT CODED,05 TURNING RIGHT,NO CONTRIBUTING ACTION,NOT CODED,00 NOT CODED,00 NOT CODED,00 NOT CODED,00 NOT CODED,01 NO,1,0,0,0,1,1,1,2,N,N,N,N,N,N,N,N,N,N,N,N,N,Y,Y,N,N,N,N,N,N,N,N,N,N,N,28.591732396,-81.365044984,464305.698743,3162808.852113,C,,ARBM15Q1R2,"June 10, 2023",2398759,-9057515.721782358,3323785.3113969727
2020241241710,2020,241241710,2020TA010473,COUNTY SHERIFF'S OFFICE,05 FIFTH,ORANGE,"October 20, 2020",1628,WEDNESDAY,7554 WINTER PARK,0754,Y,FAIRBANKS AVE,DENNING DR,0,,28.593052,-81.360956,28.5930671,-81.3608496,75006000,1.345,01046,SR 426,,R RIGHT,2 THRU LANE 2,W WEST,22 URBAN 4-5LN 2WY UNDIVD,03 STATE,02 INTERSECTION,01 ON ROADWAY,02 FOUR-WAY INTERSECTION,03 CURB,45,"September 8, 2019",14 URBAN PRIN ART OTHER,40,RAISED CURB,1,,0,,0,,23500,RCI,3.1,,35,2 POSSIBLE INJURY,31 Q/C COMPLETED - LOC VERIFIED,0 NO,02 AT INTERSECTION,01 DAYLIGHT,02 CLOUDY,01 DRY,01 LEVEL,1 STRAIGHT,"TWO-WAY, NOT DIVIDED","TWO-WAY, NOT DIVIDED",TRAFFIC CONTROL SIGNAL,TRAFFIC CONTROL SIGNAL,4,NONE,NOT CODED,NOT CODED,NONE,NOT CODED,NOT CODED,14 MOTOR VEHICLE IN TRANSPORT,03 ANGLE,03 TURNING LEFT,FAILED TO YIELD RIGHT-OF-WAY,NO CONTRIBUTING ACTION,00 NOT CODED,00 NOT CODED,00 NOT CODED,00 NOT CODED,01 NO,1,0,0,0,2,0,2,2,N,N,N,Y,N,N,N,N,N,N,Y,N,N,N,N,N,N,N,N,N,N,Y,N,N,N,Y,28.593075018,-81.360910291,464710.442684,3162956.369992,C,,ARBM15Q1R2,"June 10, 2023",2398760,-9057055.449642837,3323955.5302637136
2020241241730,2020,241241730,2020TA010505,COUNTY SHERIFF'S OFFICE,05 FIFTH,ORANGE,"October 21, 2020",1319,THURSDAY,7554 WINTER PARK,0754,Y,ORLANDO AVE N,DIXON AVE,0.002,S,28.607944,-81.365317,28.6082103,-81.3652167,75030000,6.409,00987,SR 15,US 17,L LEFT,3 THRU LANE 3,S SOUTH,30 URBAN 6+LN 2WY DIVD RASD,02 U.S.,01 NON-JUNCTION,01 ON ROADWAY,01 NOT AT INTERSECTION,03 CURB,39,"March 1, 2020",14 URBAN PRIN ART OTHER,35,CURB&GUTTER,2,,0,,0,18,42000,RCI,3.2,,40,2 POSSIBLE INJURY,31 Q/C COMPLETED - LOC VERIFIED,0 NO,01 NOT AT INTERSECTION/RRX/BRIDGE,01 DAYLIGHT,01 CLEAR,01 DRY,01 LEVEL,1 STRAIGHT,"TWO-WAY, DIVIDED, POSITIVE MED","TWO-WAY, DIVIDED, POSITIVE MED",NO CONTROLS,NO CONTROLS,6,NONE,NOT CODED,NOT CODED,NONE,NOT CODED,NOT CODED,14 MOTOR VEHICLE IN TRANSPORT,01 FRONT TO REAR,01 STRAIGHT AHEAD,OPERATED MV IN CARLESS OR NEGL,NO CONTRIBUTING ACTION,00 NOT CODED,00 NOT CODED,00 NOT CODED,00 NOT CODED,01 NO,2,0,0,0,2,0,2,3,N,N,N,N,N,N,N,N,N,N,Y,N,N,N,N,N,N,N,N,N,Y,N,N,N,N,N,28.60819228,-81.365268986,464289.360518,3164632.445076,L,,ARBM15Q1R2,"June 10, 2023",2398761,-9057540.657615548,3325872.2605062826
2020241241500,2020,241241500,2020TA010273,COUNTY SHERIFF'S OFFICE,05 FIFTH,ORANGE,"October 15, 2020",1220,FRIDAY,7554 WINTER PARK,0754,Y,FAIRBANKS AVE W,JACKSON AVE,0,,28.593093,-81.370777,28.5931562,-81.3707433,75006000,0.744,01039,SR 426,,R RIGHT,2 THRU LANE 2,N NORTH,21 URBAN 4-5LN 2WY DIVD PAVD,03 STATE,03 INTERSECTION-RELATED,01 ON ROADWAY,03 T-INTERSECTION,03 CURB,40,"September 8, 2019",14 URBAN PRIN ART OTHER,22,PAVED,4,CURB&GUTTER,2,,0,12,42000,RCI,3,1D00,35,2 POSSIBLE INJURY,31 Q/C COMPLETED - LOC VERIFIED,0 NO,02 AT INTERSECTION,01 DAYLIGHT,02 CLOUDY,01 DRY,01 LEVEL,1 STRAIGHT,"TWO-WAY, NOT DIVIDED","TWO-WAY, NOT DIVIDED",STOP SIGN,NO CONTROLS,4,NONE,NOT CODED,NOT CODED,NONE,NOT CODED,NOT CODED,14 MOTOR VEHICLE IN TRANSPORT,01 FRONT TO REAR,17 ENTERING TRAFFIC LANE,FAILED TO YIELD RIGHT-OF-WAY,NO CONTRIBUTING ACTION,00 NOT CODED,00 NOT CODED,00 NOT CODED,00 NOT CODED,01 NO,1,0,0,0,2,0,2,2,N,N,N,Y,N,N,N,N,N,N,N,N,N,N,N,N,N,N,N,N,N,Y,Y,N,N,N,28.593145621,-81.370905225,463733.161799,3162967.178821,C,,ARBM15Q1R2,"June 10, 2023",2398817,-9058168.081024395,3323964.4812980653
2020241241530,2020,241241530,2020TA010321,COUNTY SHERIFF'S OFFICE,05 FIFTH,ORANGE,"October 16, 2020",1718,SATURDAY,7554 WINTER PARK,0754,Y,ALOMA AVE,EDINBURGH DR,0.065,E,28.600551,-81.325796,28.6005042,-81.325861,75090000,1.786,06729,SR 426,,L LEFT,1 THRU LANE 1,W WEST,20 URBAN 4-5LN 2WY DIVD RASD,05 LOCAL,01 NON-JUNCTION,01 ON ROADWAY,01 NOT AT INTERSECTION,03 CURB,41,"February 11, 2020",14 URBAN PRIN ART OTHER,26,CURB&GUTTER,2,,0,,0,19,41000,RCI,3.6,,35,1 NO INJURY,31 Q/C COMPLETED - LOC VERIFIED,0 NO,01 NOT AT INTERSECTION/RRX/BRIDGE,01 DAYLIGHT,01 CLEAR,01 DRY,01 LEVEL,1 STRAIGHT,"TWO-WAY, DIVIDED, POSITIVE MED","TWO-WAY, DIVIDED, POSITIVE MED",NO CONTROLS,NO CONTROLS,4,NONE,NOT CODED,NOT CODED,NONE,NOT CODED,NOT CODED,14 MOTOR VEHICLE IN TRANSPORT,01 FRONT TO REAR,01 STRAIGHT AHEAD,FOLLOWED TOO CLOSELY,NO CONTRIBUTING ACTION,00 NOT CODED,00 NOT CODED,00 NOT CODED,00 NOT CODED,01 NO,0,0,0,0,3,0,3,5,N,N,N,N,N,N,N,N,N,N,N,N,N,N,N,N,N,N,N,N,Y,N,N,N,N,N,28.600558028,-81.325844163,468141.462169,3163775.546594,L,,ARBM15Q1R2,"June 10, 2023",2398818,-9053151.905060168,3324904.272911364
2020241241540,2020,241241540,2020TA010313,COUNTY SHERIFF'S OFFICE,05 FIFTH,ORANGE,"October 16, 2020",1138,SATURDAY,7554 WINTER PARK,0754,Y,FAIRBANKS AVE W,OHIO ST,0.056,W,28.593115,-81.376296,28.5931801,-81.3762202,75006000,0.411,01035,SR 426,,R RIGHT,2 THRU LANE 2,E EAST,21 URBAN 4-5LN 2WY DIVD PAVD,03 STATE,01 NON-JUNCTION,01 ON ROADWAY,01 NOT AT INTERSECTION,03 CURB,40,"September 8, 2019",14 URBAN PRIN ART OTHER,22,PAVED,4,CURB&GUTTER,2,,0,12,42000,RCI,3,0D30,35,1 NO INJURY,31 Q/C COMPLETED - LOC VERIFIED,0 NO,01 NOT AT INTERSECTION/RRX/BRIDGE,01 DAYLIGHT,01 CLEAR,01 DRY,01 LEVEL,1 STRAIGHT,"TWO-WAY, NOT DIVIDED","TWO-WAY, NOT DIVIDED",NO CONTROLS,NO CONTROLS,4,NONE,NOT CODED,NOT CODED,NONE,NOT CODED,NOT CODED,14 MOTOR VEHICLE IN TRANSPORT,77 OTHER (SEE NARRATIVE),77 OTHER (SEE NARRATIVE),FAILED TO YIELD RIGHT-OF-WAY,NO CONTRIBUTING ACTION,00 NOT CODED,00 NOT CODED,00 NOT CODED,00 NOT CODED,01 NO,0,0,0,0,2,0,2,3,N,N,N,N,N,N,N,N,N,N,Y,N,N,N,N,N,N,N,N,N,N,Y,N,Y,N,N,28.593164646,-81.376444044,463191.58258,3162970.976979,C,,ARBM15Q1R2,"June 10, 2023",2398819,-9058784.65969805,3323966.893342467
2020241241600,2020,241241600,2020TA010437,COUNTY SHERIFF'S OFFICE,05 FIFTH,ORANGE,"October 19, 2020",1750,TUESDAY,7554 WINTER PARK,0754,Y,ALOMA AVE,LANDER RD,0.074,W,28.600549,-81.325542,28.6005071,-81.3256308,75090000,1.8,06730,SR 426,,L LEFT,2 THRU LANE 2,S SOUTH,20 URBAN 4-5LN 2WY DIVD RASD,03 STATE,01 NON-JUNCTION,01 ON ROADWAY,01 NOT AT INTERSECTION,03 CURB,41,"February 11, 2020",14 URBAN PRIN ART OTHER,26,CURB&GUTTER,2,,0,,0,19,41000,RCI,3.6,,35,3 NO-INCAPACITATING INJURY,31 Q/C COMPLETED - LOC VERIFIED,0 NO,01 NOT AT INTERSECTION/RRX/BRIDGE,01 DAYLIGHT,02 CLOUDY,01 DRY,01 LEVEL,1 STRAIGHT,"TWO-WAY, DIVIDED, POSITIVE MED","TWO-WAY, NOT DIVIDED",STOP SIGN,NO CONTROLS,4,NONE,NOT CODED,NOT CODED,NONE,NOT CODED,NOT CODED,14 MOTOR VEHICLE IN TRANSPORT,03 ANGLE,17 ENTERING TRAFFIC LANE,OTHER CONTRIBUTING ACTION,NO CONTRIBUTING ACTION,00 NOT CODED,00 NOT CODED,00 NOT CODED,00 NOT CODED,01 NO,4,0,0,0,2,0,2,6,N,N,N,N,N,N,N,N,N,N,N,N,N,N,N,N,N,N,N,N,N,Y,N,N,Y,N,28.600562544,-81.325613841,468163.982795,3163775.985652,L,,ARBM15Q1R2,"June 10, 2023",2398820,-9053126.265734691,3324904.845586548
2020241241610,2020,241241610,2020TA010440,COUNTY SHERIFF'S OFFICE,05 FIFTH,ORANGE,"October 19, 2020",1915,TUESDAY,7554 WINTER PARK,0754,Y,SHOREVIEW AVE,FAIRBANKS AVE W,0,S,28.593097,-81.36777,28.5931106,-81.3676992,75006000,0.929,02349,SR 426,,S SIDE RD RIGHT,1 THRU LANE 1,N NORTH,21 URBAN 4-5LN 2WY DIVD PAVD,03 STATE,01 NON-JUNCTION,01 ON ROADWAY,01 NOT AT INTERSECTION,03 CURB,40,"September 8, 2019",14 URBAN PRIN ART OTHER,22,PAVED,4,CURB&GUTTER,2,,0,12,42000,RCI,3,,35,1 NO INJURY,31 Q/C COMPLETED - LOC VERIFIED,0 NO,01 NOT AT INTERSECTION/RRX/BRIDGE,04 DARK-LIGHTED,01 CLEAR,01 DRY,01 LEVEL,1 STRAIGHT,"TWO-WAY, DIVIDED, POSITIVE MED","TWO-WAY, DIVIDED, POSITIVE MED",OTHER (SEE NARRATIVE),NO CONTROLS,4,NONE,NOT CODED,NOT CODED,NONE,NOT CODED,NOT CODED,14 MOTOR VEHICLE IN TRANSPORT,03 ANGLE,03 TURNING LEFT,FAILED TO YIELD RIGHT-OF-WAY,OTHER CONTRIBUTING ACTION,00 NOT CODED,00 NOT CODED,00 NOT CODED,00 NOT CODED,01 NO,0,0,0,0,2,0,2,3,N,N,N,N,Y,N,N,N,N,N,N,N,N,N,N,N,N,N,N,N,N,N,N,N,N,N,28.593095301,-81.367830007,464033.839518,3162960.676318,C,,ARBM15Q1R2,"June 10, 2023",2398821,-9057825.749193624,3323958.101646211
2020240706390,2020,240706390,2020-00403238,COUNTY SHERIFF'S OFFICE,05 FIFTH,ORANGE,"December 20, 2020",2350,MONDAY,7546 ORLANDO,0746,Y,SR 408,CONWAY RD,1,W,0,0,28.538159,-81.3481396,75008000,7.349,01550,SR 408,,R RIGHT,3 THRU LANE 3,E EAST,03 TOLL ROAD URBAN,03 STATE,01 NON-JUNCTION,01 ON ROADWAY,01 NOT AT INTERSECTION,01 PAVED,37,"March 2, 2020",12 URBAN PRIN ART EXPR.,48,PAVED WARN,8,,0,,0,40,156000,RCI,4.5,,55,1 NO INJURY,31 Q/C COMPLETED - LOC VERIFIED,0 NO,01 NOT AT INTERSECTION/RRX/BRIDGE,04 DARK-LIGHTED,01 CLEAR,01 DRY,01 LEVEL,1 STRAIGHT,"TWO-WAY, DIVIDED, POSITIVE MED","TWO-WAY, DIVIDED, POSITIVE MED",NO CONTROLS,NO CONTROLS,9,NONE,NOT CODED,NOT CODED,NONE,NOT CODED,NOT CODED,14 MOTOR VEHICLE IN TRANSPORT,01 FRONT TO REAR,01 STRAIGHT AHEAD,FAILED TO YIELD RIGHT-OF-WAY,NO CONTRIBUTING ACTION,00 NOT CODED,00 NOT CODED,00 NOT CODED,00 NOT CODED,01 NO,0,0,0,0,2,0,2,3,N,N,Y,N,N,N,N,N,N,N,N,N,N,N,N,N,N,N,N,N,N,N,N,N,N,N,28.538180269,-81.348143647,465941.094945,3156871.135392,R,,ARBM15Q1R2,"June 10, 2023",2399134,-9055634.272806773,3316997.695223008