Crash Id,Calendar Year,FDOT Crash Number,Reporting Agency Case Number,Reporting Agency Type,FDOT Managing District,County Name,Crash Date,Crash Time,Day,DHSMV City,Crash Report City Code,In Town,On Roadway Name,Int Roadway Name,Reference Distance (Miles),Reference Direction,Officer Latitude,Officer Longitude,FDOT Latitude,FDOT Longitude,FDOT Roadway,Nearest Inventory MP,Nearest Node From Crash,State Road #,US Highway,Crash Side of Road,Accident Lane Number,Travel Direction Vehicle 1,FDOT Road Category,DHSMV Road System Id,Relation to Junction,Crash Harmful Event Location,Intersection Type,Shoulder Type,FDOT Roadway SKID Test Result,FDOT Roadway SKID Test Date,Functional Class,RCI Surface Width,RCI Shoulder Type First,RCI Shoulder Width First,RCI Shoulder Type Second,RCI Shoulder Width Second,RCI Shoulder Type Third,RCI Shoulder Width Third,RCI Median Width,Avg Daily Traffic,AADT Source,RCI Avg Per Truck Traffic,RCI Horiz Curve Condition,Posted Speed Limit,Highest Injury in Crash,CAR Status Code,Alcohols/Drug Involved,Site Location,Lighting,Weather,Road Surface,Roadway Grade,Roadway Alignment,Traffic Way Vehicle 1,Traffic Way Vehicle 2,Traffic Control Vehicle 1,Traffic Control Vehicle 2,Count of Lanes,Road Condition 1,Road Condition 2,Road Condition 3,Environment Condition 1,Environment Condition 2,Environment Condition 3,Crash Harmful Event,Manner of Collision,Vehicle Movement,Driver Action Vehicle 1,Driver Action Vehicle 2,Location Within Workzone,Type of Workzone,Workers Present in Workzone,Law Enforcement Present in Workzone,School Bus Related,Count of Nonfatal Injuries,Count of Traffic Fatalities,Count of Serious Injuries,Count of Pedestrians,Count of Drivers,Count of Bicyclists,Count of Vehicles,Count of Persons,Wrong Way,Workzone Inv,Commercial Vehicle Inv,Intersection Inv,Lane Departure,Speeding,Agressive Driving,Impaired Driver,Impaired Pedestrian,Impaired Bicyclist,Distracted Driver,Speeding or Aggressive Driving,Pedestrian Related,Bicyclist Related,Pedestrian or Bicyclist Related,Motorcycle Inv,No Belt,No Belt - Ages 1-4,No Belt - Ages 5-12,No Belt - Ages 13-17,Driver - Ages Teen,Driver - Ages 65 plus,Driver - Ages 65-69,Driver - Ages 70-74,Driver - Ages 75-79,Driver - Ages 80 plus,ARBM Latitude,ARBM Longitude,UTM Zone 17N X,UTM Zone 17N Y,ARBM Side of Road,Urban Rural Indicator,GIS Street Source,Extract Date,OBJECTID,x,y
2020895030310,2020,895030310,2020TA009943,COUNTY SHERIFF'S OFFICE,05 FIFTH,ORANGE,"October 6, 2020",1837,WEDNESDAY,7530 APOPKA,0730,Y,SR 429,US 441,0.301,S,28.693443,-81.55897,0,0,75320000,39.699,00072,SR 429,,M MEDIAN,M MIDDLE,N NORTH,03 TOLL ROAD URBAN,03 STATE,01 NON-JUNCTION,02 OFF ROADWAY,01 NOT AT INTERSECTION,02 UNPAVED,36,"November 11, 2019",12 URBAN PRIN ART EXPR.,24,PAVED,10,VALLEY GUTR,0,,0,92,11500,RCI,8.6,2D30,70,1 NO INJURY,31 Q/C COMPLETED - LOC VERIFIED,0 NO,01 NOT AT INTERSECTION/RRX/BRIDGE,04 DARK-LIGHTED,03 RAIN,02 WET,01 LEVEL,1 STRAIGHT,"TWO-WAY, DIVIDED, POSITIVE MED",,NO CONTROLS,NOT CODED,3,"RD SURFC (WET, ICY, SNOW, ETC)",NOT CODED,NOT CODED,NONE,NOT CODED,NOT CODED,27 GUARDRAIL FACE,00 NOT CODED,01 STRAIGHT AHEAD,SWERVED OR AVOIDED:  DUE TO WI,NOT CODED,00 NOT CODED,00 NOT CODED,00 NOT CODED,00 NOT CODED,01 NO,0,0,0,0,1,0,1,1,N,N,N,N,Y,N,N,N,N,N,N,N,N,N,N,N,N,N,N,N,N,N,N,N,N,N,28.678719156,-81.528088772,448405.546612,3172505.408479,R,,ARBM15Q1R2,"June 10, 2023",2564084,-9075665.678850336,3334818.070244748
2020895031230,2020,895031230,2020TA010945,COUNTY SHERIFF'S OFFICE,05 FIFTH,ORANGE,"November 1, 2020",0753,MONDAY,7530 APOPKA,0730,Y,US 441,CENTURY LN,0.055,N,28.66556,-81.485403,28.6667016,-81.4868123,75020000,9.872,03018,SR 500,US 441,R RIGHT,2 THRU LANE 2,E EAST,23 SUBURBAN 4-5LN 2WY DIVD RASD,02 U.S.,03 INTERSECTION-RELATED,01 ON ROADWAY,01 NOT AT INTERSECTION,01 PAVED,35,"January 22, 2020",14 URBAN PRIN ART OTHER,23,PAVED,2,LAWN,5,,0,45,28000,RCI,5.3,1D0000,45,2 POSSIBLE INJURY,31 Q/C COMPLETED - LOC VERIFIED,0 NO,01 NOT AT INTERSECTION/RRX/BRIDGE,01 DAYLIGHT,01 CLEAR,01 DRY,04 DOWNHILL,1 STRAIGHT,"TWO-WAY, DIVIDED, UNPROTECTED","TWO-WAY, DIVIDED, UNPROTECTED",TRAFFIC CONTROL SIGNAL,TRAFFIC CONTROL SIGNAL,4,NONE,NOT CODED,NOT CODED,NONE,NOT CODED,NOT CODED,14 MOTOR VEHICLE IN TRANSPORT,01 FRONT TO REAR,01 STRAIGHT AHEAD,OPERATED MV IN CARLESS OR NEGL,NO CONTRIBUTING ACTION,00 NOT CODED,00 NOT CODED,00 NOT CODED,00 NOT CODED,01 NO,4,0,0,0,3,0,3,4,N,N,N,N,N,N,N,N,N,N,Y,N,N,N,N,N,N,N,N,N,N,N,N,N,N,N,28.666760592,-81.486757233,452438.306582,3171163.377423,R,,ARBM15Q1R2,"June 10, 2023",2564127,-9071064.671529949,3333300.7916510166
2020895031040,2020,895031040,2020TA010530,COUNTY SHERIFF'S OFFICE,05 FIFTH,ORANGE,"October 21, 2020",1937,THURSDAY,7530 APOPKA,0730,Y,US 441,PIEDMONT WEKIVA RD,0.076,S,28.65367,-81.469226,28.6537026,-81.4693691,75020000,8.484,00618,SR 500,US 441,R RIGHT,2 THRU LANE 2,W WEST,23 SUBURBAN 4-5LN 2WY DIVD RASD,02 U.S.,01 NON-JUNCTION,01 ON ROADWAY,01 NOT AT INTERSECTION,01 PAVED,35,"January 22, 2020",14 URBAN PRIN ART OTHER,23,PAVED,4,LAWN,9,,0,45,28000,RCI,5.3,,45,1 NO INJURY,31 Q/C COMPLETED - LOC VERIFIED,0 NO,01 NOT AT INTERSECTION/RRX/BRIDGE,02 DUSK,01 CLEAR,01 DRY,01 LEVEL,1 STRAIGHT,"TWO-WAY, NOT DIVIDED","TWO-WAY, NOT DIVIDED",TRAFFIC CONTROL SIGNAL,TRAFFIC CONTROL SIGNAL,4,NONE,NOT CODED,NOT CODED,NONE,NOT CODED,NOT CODED,14 MOTOR VEHICLE IN TRANSPORT,01 FRONT TO REAR,01 STRAIGHT AHEAD,FOLLOWED TOO CLOSELY,NO CONTRIBUTING ACTION,00 NOT CODED,00 NOT CODED,00 NOT CODED,00 NOT CODED,01 NO,0,0,0,0,2,0,2,3,N,N,N,N,N,N,N,N,N,N,Y,N,N,N,N,N,N,N,N,N,N,Y,N,N,N,Y,28.653771218,-81.469297207,454138.716529,3169717.483959,R,,ARBM15Q1R2,"June 10, 2023",2564128,-9069121.029820489,3331652.9221991776
2020895031060,2020,895031060,2020TA010685,COUNTY SHERIFF'S OFFICE,05 FIFTH,ORANGE,"October 25, 2020",1445,MONDAY,7530 APOPKA,0730,Y,US 441,HIAWASSEE RD,0.027,N,28.654562,-81.470436,28.6548053,-81.4705155,75020000,8.587,00618,SR 500,US 441,L LEFT,2 THRU LANE 2,S SOUTH,23 SUBURBAN 4-5LN 2WY DIVD RASD,02 U.S.,01 NON-JUNCTION,01 ON ROADWAY,01 NOT AT INTERSECTION,01 PAVED,35,"January 22, 2020",14 URBAN PRIN ART OTHER,23,PAVED,4,LAWN,9,,0,45,28000,RCI,5.3,1D0000,45,1 NO INJURY,31 Q/C COMPLETED - LOC VERIFIED,0 NO,03 INFLUENCED BY INTERSECTION,01 DAYLIGHT,01 CLEAR,01 DRY,01 LEVEL,1 STRAIGHT,"TWO-WAY, NOT DIV, W/CONT LTURN","TWO-WAY, NOT DIV, W/CONT LTURN",TRAFFIC CONTROL SIGNAL,TRAFFIC CONTROL SIGNAL,4,NONE,NOT CODED,NOT CODED,NONE,NOT CODED,NOT CODED,14 MOTOR VEHICLE IN TRANSPORT,01 FRONT TO REAR,13 STOPPED IN TRAFFIC,NOT CODED,NO CONTRIBUTING ACTION,00 NOT CODED,00 NOT CODED,00 NOT CODED,00 NOT CODED,01 NO,0,0,0,0,1,0,2,4,N,N,N,Y,N,N,N,N,N,N,N,N,N,N,N,N,N,N,N,N,Y,N,N,N,N,N,28.654729916,-81.470602552,454011.570659,3169824.197754,L,,ARBM15Q1R2,"June 10, 2023",2564129,-9069266.340119787,3331774.5384694915
2020895031070,2020,895031070,2020TA010693,COUNTY SHERIFF'S OFFICE,05 FIFTH,ORANGE,"October 25, 2020",1644,MONDAY,7530 APOPKA,0730,Y,US 441,LAKE AVE,0.049,S,28.673593,-81.513007,28.673695,-81.5130222,75020000,11.629,05255,SR 500,US 441,L LEFT,2 THRU LANE 2,S SOUTH,21 URBAN 4-5LN 2WY DIVD PAVD,02 U.S.,01 NON-JUNCTION,01 ON ROADWAY,01 NOT AT INTERSECTION,03 CURB,34,"January 22, 2020",14 URBAN PRIN ART OTHER,23,CURB&GUTTER,2,,0,,0,11,32000,RCI,5.6,,35,1 NO INJURY,31 Q/C COMPLETED - LOC VERIFIED,0 NO,01 NOT AT INTERSECTION/RRX/BRIDGE,01 DAYLIGHT,01 CLEAR,01 DRY,01 LEVEL,1 STRAIGHT,"TWO-WAY, DIVIDED, POSITIVE MED","TWO-WAY, DIVIDED, POSITIVE MED",NO CONTROLS,NO CONTROLS,4,NONE,NOT CODED,NOT CODED,NONE,NOT CODED,NOT CODED,14 MOTOR VEHICLE IN TRANSPORT,01 FRONT TO REAR,01 STRAIGHT AHEAD,FOLLOWED TOO CLOSELY,NO CONTRIBUTING ACTION,00 NOT CODED,00 NOT CODED,00 NOT CODED,00 NOT CODED,01 NO,0,0,0,0,2,0,2,2,N,N,N,N,N,N,N,N,N,N,Y,N,N,N,N,N,N,N,N,N,N,N,N,N,N,N,28.673736494,-81.513068198,449870.711395,3171946.987665,C,,ARBM15Q1R2,"June 10, 2023",2564130,-9073993.595613487,3334185.859064206
2020895031080,2020,895031080,2020TA010580,COUNTY SHERIFF'S OFFICE,05 FIFTH,ORANGE,"October 22, 2020",1519,FRIDAY,7530 APOPKA,0730,Y,SR 429,SR 451 EXIT,0.008,S,28.643471,-81.543304,28.6476139,-81.5425872,75320100,0.659,01640,SR 429,,L LEFT,1 THRU LANE 1,S SOUTH,03 TOLL ROAD URBAN,03 STATE,01 NON-JUNCTION,01 ON ROADWAY,01 NOT AT INTERSECTION,01 PAVED,36,"September 9, 2019",12 URBAN PRIN ART EXPR.,24,PAVED WARN,10,LAWN,6,,0,58,21000,RCI,4.1,1D21,70,2 POSSIBLE INJURY,31 Q/C COMPLETED - LOC VERIFIED,0 NO,01 NOT AT INTERSECTION/RRX/BRIDGE,01 DAYLIGHT,01 CLEAR,02 WET,01 LEVEL,2 CURVE RIGHT,"TWO-WAY, DIVIDED, POSITIVE MED","TWO-WAY, DIVIDED, POSITIVE MED",NO CONTROLS,NO CONTROLS,4,NONE,NOT CODED,NOT CODED,NONE,NOT CODED,NOT CODED,14 MOTOR VEHICLE IN TRANSPORT,01 FRONT TO REAR,17 ENTERING TRAFFIC LANE,FAILED TO KEEP IN PROPER LANE,NO CONTRIBUTING ACTION,00 NOT CODED,00 NOT CODED,00 NOT CODED,00 NOT CODED,01 NO,1,0,0,0,3,0,3,7,N,N,N,N,Y,N,N,N,N,N,N,N,N,N,N,N,N,N,N,N,N,N,N,N,N,N,28.648193768,-81.542919936,446941.141946,3169130.04279,L,,ARBM15Q1R2,"June 10, 2023",2564131,-9077316.676892443,3330945.4131425917
2020895031120,2020,895031120,2020TA010818,COUNTY SHERIFF'S OFFICE,05 FIFTH,ORANGE,"October 28, 2020",1918,THURSDAY,7530 APOPKA,0730,Y,US 441,HIGHLAND AVE,0.003,S,28.673041,-81.505706,28.6730999,-81.5053718,75020000,11.155,02219,SR 500,US 441,R RIGHT,2 THRU LANE 2,E EAST,21 URBAN 4-5LN 2WY DIVD PAVD,02 U.S.,77 OTHER (SEE NARRATIVE),01 ON ROADWAY,01 NOT AT INTERSECTION,01 PAVED,39,"January 22, 2020",14 URBAN PRIN ART OTHER,23,CURB&GUTTER,2,,0,,0,11,42500,RCI,3.5,,35,1 NO INJURY,31 Q/C COMPLETED - LOC VERIFIED,0 NO,03 INFLUENCED BY INTERSECTION,04 DARK-LIGHTED,01 CLEAR,01 DRY,01 LEVEL,1 STRAIGHT,"TWO-WAY, NOT DIVIDED","TWO-WAY, NOT DIVIDED",NO CONTROLS,NO CONTROLS,4,NONE,NOT CODED,NOT CODED,NONE,NOT CODED,NOT CODED,14 MOTOR VEHICLE IN TRANSPORT,01 FRONT TO REAR,14 SLOWING,NO CONTRIBUTING ACTION,NO CONTRIBUTING ACTION,00 NOT CODED,00 NOT CODED,00 NOT CODED,00 NOT CODED,01 NO,0,0,0,0,2,0,2,2,N,N,N,Y,N,N,N,N,N,N,N,N,N,N,N,N,N,N,N,N,N,N,N,N,N,N,28.673114629,-81.505424372,450617.269762,3171874.907076,C,,ARBM15Q1R2,"June 10, 2023",2564132,-9073142.688570764,3334106.957568206
2020895032600,2020,895032600,2020TA012531,COUNTY SHERIFF'S OFFICE,05 FIFTH,ORANGE,"December 10, 2020",1819,FRIDAY,7530 APOPKA,0730,Y,US 441,FOREST AVE,0.011,N,28.673034,-81.507619,28.6731038,-81.5076943,75020000,11.296,00632,SR 500,US 441,R RIGHT,2 THRU LANE 2,E EAST,21 URBAN 4-5LN 2WY DIVD PAVD,02 U.S.,18 THROUGH ROADWAY,01 ON ROADWAY,01 NOT AT INTERSECTION,03 CURB,39,"January 22, 2020",14 URBAN PRIN ART OTHER,23,CURB&GUTTER,2,,0,,0,11,42500,RCI,3.5,,35,1 NO INJURY,31 Q/C COMPLETED - LOC VERIFIED,0 NO,01 NOT AT INTERSECTION/RRX/BRIDGE,04 DARK-LIGHTED,01 CLEAR,01 DRY,01 LEVEL,1 STRAIGHT,"TWO-WAY, NOT DIVIDED","TWO-WAY, NOT DIVIDED",NO CONTROLS,NO CONTROLS,4,NONE,NOT CODED,NOT CODED,NONE,NOT CODED,NOT CODED,14 MOTOR VEHICLE IN TRANSPORT,01 FRONT TO REAR,01 STRAIGHT AHEAD,OPERATED MV IN CARLESS OR NEGL,NO CONTRIBUTING ACTION,00 NOT CODED,00 NOT CODED,00 NOT CODED,00 NOT CODED,01 NO,0,0,0,0,2,0,2,3,N,N,N,N,N,N,N,N,N,N,N,N,N,N,N,N,N,N,N,N,N,N,N,N,N,N,28.673114628,-81.50774705,450390.328198,3171875.869774,C,,ARBM15Q1R2,"June 10, 2023",2564133,-9073401.247991955,3334106.957469349
2020895030250,2020,895030250,2020TA009784,COUNTY SHERIFF'S OFFICE,05 FIFTH,ORANGE,"October 3, 2020",0405,SUNDAY,7530 APOPKA,0730,Y,US 441,CENTRAL AVE,0.064,N,28.673481,-81.512477,0,0,75020000,11.597,00635,SR 500,US 441,R RIGHT,S SIDE OF ROAD,W WEST,20 URBAN 4-5LN 2WY DIVD RASD,02 U.S.,18 THROUGH ROADWAY,02 OFF ROADWAY,01 NOT AT INTERSECTION,01 PAVED,34,"January 22, 2020",14 URBAN PRIN ART OTHER,23,CURB&GUTTER,2,,0,,0,17,32000,RCI,5.6,5D0900,35,0 UNKNOWN/NOT CODED,31 Q/C COMPLETED - LOC VERIFIED,0 NO,01 NOT AT INTERSECTION/RRX/BRIDGE,04 DARK-LIGHTED,01 CLEAR,02 WET,01 LEVEL,1 STRAIGHT,"TWO-WAY, NOT DIV, W/CONT LTURN",,NO CONTROLS,NOT CODED,4,NONE,NOT CODED,NOT CODED,NONE,NOT CODED,NOT CODED,24 CURB,00 NOT CODED,15 NEGOTIATING A CURVE,NOT CODED,NOT CODED,00 NOT CODED,00 NOT CODED,00 NOT CODED,00 NOT CODED,01 NO,0,0,0,0,1,0,1,1,N,N,N,N,Y,N,N,N,N,N,N,N,N,N,N,N,N,N,N,N,N,N,N,N,N,N,28.673471295,-81.512636293,449912.7851,3171917.42545,C,,ARBM15Q1R2,"June 10, 2023",2564166,-9073945.51617671,3334152.2109172908
2020895031410,2020,895031410,2020TA011109,COUNTY SHERIFF'S OFFICE,05 FIFTH,ORANGE,"November 4, 2020",1813,THURSDAY,7530 APOPKA,0730,Y,US 441,ERROL PKWY,0.066,N,28.686655,-81.537112,28.6868673,-81.5374446,75020000,13.379,00640,SR 500,US 441,R RIGHT,1 THRU LANE 1,E EAST,23 SUBURBAN 4-5LN 2WY DIVD RASD,02 U.S.,18 THROUGH ROADWAY,01 ON ROADWAY,01 NOT AT INTERSECTION,03 CURB,36,"January 22, 2020",14 URBAN PRIN ART OTHER,24,PAVED,4,LAWN,10,,0,40,31000,RCI,3.6,,45,1 NO INJURY,31 Q/C COMPLETED - LOC VERIFIED,0 NO,01 NOT AT INTERSECTION/RRX/BRIDGE,04 DARK-LIGHTED,01 CLEAR,01 DRY,01 LEVEL,1 STRAIGHT,"TWO-WAY, NOT DIVIDED","TWO-WAY, NOT DIVIDED",NO CONTROLS,NO CONTROLS,4,NONE,NOT CODED,NOT CODED,NONE,NOT CODED,NOT CODED,14 MOTOR VEHICLE IN TRANSPORT,01 FRONT TO REAR,13 STOPPED IN TRAFFIC,OPERATED MV IN CARLESS OR NEGL,NO CONTRIBUTING ACTION,00 NOT CODED,00 NOT CODED,00 NOT CODED,00 NOT CODED,01 NO,0,0,0,0,2,0,2,3,N,N,N,N,N,N,N,N,N,N,Y,N,N,N,N,N,N,N,N,N,N,N,N,N,N,N,28.686953758,-81.537440163,447496.005429,3173421.787776,R,,ARBM15Q1R2,"June 10, 2023",2564245,-9076706.671326695,3335862.9606821532
2020895031440,2020,895031440,2020TA011135,COUNTY SHERIFF'S OFFICE,05 FIFTH,ORANGE,"November 5, 2020",1431,FRIDAY,7530 APOPKA,0730,Y,US 441,MCGEE AVE,0.019,S,28.673033,-81.50091,28.6730984,-81.5003651,75020000,10.851,02216,SR 500,US 441,R RIGHT,2 THRU LANE 2,E EAST,21 URBAN 4-5LN 2WY DIVD PAVD,02 U.S.,18 THROUGH ROADWAY,01 ON ROADWAY,01 NOT AT INTERSECTION,03 CURB,39,"January 22, 2020",14 URBAN PRIN ART OTHER,22,PAVED,4,CURB&GUTTER,2,,0,10,47000,RCI,3.5,,35,3 NO-INCAPACITATING INJURY,31 Q/C COMPLETED - LOC VERIFIED,0 NO,03 INFLUENCED BY INTERSECTION,01 DAYLIGHT,01 CLEAR,01 DRY,01 LEVEL,1 STRAIGHT,"TWO-WAY, NOT DIV, W/CONT LTURN","TWO-WAY, NOT DIV, W/CONT LTURN",NO CONTROLS,NO CONTROLS,4,NONE,NOT CODED,NOT CODED,NONE,NOT CODED,NOT CODED,14 MOTOR VEHICLE IN TRANSPORT,01 FRONT TO REAR,14 SLOWING,NOT CODED,SWERVED OR AVOIDED:  DUE TO WI,00 NOT CODED,00 NOT CODED,00 NOT CODED,00 NOT CODED,01 NO,1,0,0,0,3,0,3,3,N,N,N,Y,N,N,N,N,N,N,N,N,N,N,N,N,N,N,N,N,N,Y,Y,Y,N,N,28.673104628,-81.500415753,451106.641408,3171871.737984,C,,ARBM15Q1R2,"June 10, 2023",2564246,-9072585.13157304,3334105.68868032
2020895031280,2020,895031280,2020TA010768,COUNTY SHERIFF'S OFFICE,05 FIFTH,ORANGE,"October 27, 2020",1243,WEDNESDAY,7530 APOPKA,0730,Y,US 441,FOREST AVE,0.044,N,28.673169,-81.506718,28.6731047,-81.5082379,75020000,11.329,00632,SR 500,US 441,L LEFT,2 THRU LANE 2,S SOUTH,20 URBAN 4-5LN 2WY DIVD RASD,02 U.S.,04 DRIVEWAY/ALLEY ACCESS RELATED,01 ON ROADWAY,01 NOT AT INTERSECTION,03 CURB,39,"January 22, 2020",14 URBAN PRIN ART OTHER,23,CURB&GUTTER,2,,0,,0,12,42500,RCI,3.5,,35,1 NO INJURY,31 Q/C COMPLETED - LOC VERIFIED,0 NO,04 DRIVEWAY ACCESS,01 DAYLIGHT,01 CLEAR,01 DRY,01 LEVEL,1 STRAIGHT,"TWO-WAY, NOT DIV, W/CONT LTURN","TWO-WAY, NOT DIV, W/CONT LTURN",NO CONTROLS,NO CONTROLS,4,NONE,NOT CODED,NOT CODED,NONE,NOT CODED,NOT CODED,14 MOTOR VEHICLE IN TRANSPORT,03 ANGLE,17 ENTERING TRAFFIC LANE,FAILED TO YIELD RIGHT-OF-WAY,NO CONTRIBUTING ACTION,00 NOT CODED,00 NOT CODED,00 NOT CODED,00 NOT CODED,01 NO,0,0,0,0,2,0,2,5,N,N,N,N,N,N,N,N,N,N,Y,N,N,N,N,N,N,N,N,N,N,Y,Y,N,N,N,28.673114628,-81.508290502,450337.229209,3171876.095649,C,,ARBM15Q1R2,"June 10, 2023",2564675,-9073461.744811218,3334106.9573472072
2020895032660,2020,895032660,2020TA012558,COUNTY SHERIFF'S OFFICE,05 FIFTH,ORANGE,"December 11, 2020",2025,SATURDAY,7530 APOPKA,0730,Y,SR 436,LAKE CORTEZ DR,0.034,W,28.672933,-81.46021,28.6728353,-81.4618049,75120000,2.072,06163,SR 436,,R RIGHT,4 THRU LANE 4,W WEST,30 URBAN 6+LN 2WY DIVD RASD,03 STATE,18 THROUGH ROADWAY,01 ON ROADWAY,02 FOUR-WAY INTERSECTION,01 PAVED,36,"September 8, 2019",14 URBAN PRIN ART OTHER,36,PAVED,4,CURB&GUTTER,2,,0,33,57500,RCI,4.5,,45,1 NO INJURY,31 Q/C COMPLETED - LOC VERIFIED,0 NO,03 INFLUENCED BY INTERSECTION,04 DARK-LIGHTED,01 CLEAR,01 DRY,01 LEVEL,1 STRAIGHT,"TWO-WAY, NOT DIV, W/CONT LTURN","TWO-WAY, NOT DIV, W/CONT LTURN",NO CONTROLS,NO CONTROLS,6,NONE,NOT CODED,NOT CODED,NONE,NOT CODED,NOT CODED,14 MOTOR VEHICLE IN TRANSPORT,"04 SIDESWIPE, SAME DIRECTION",16 LEAVING TRAFFIC LANE,FAILED TO YIELD RIGHT-OF-WAY,NO CONTRIBUTING ACTION,00 NOT CODED,00 NOT CODED,00 NOT CODED,00 NOT CODED,01 NO,0,0,0,0,2,0,2,4,N,N,N,Y,N,N,N,N,N,N,N,N,N,N,N,N,N,N,N,N,N,N,N,N,N,N,28.672737846,-81.461771921,454882.244548,3171815.890744,R,,ARBM15Q1R2,"June 10, 2023",2565241,-9068283.31861366,3334059.1521348027
2020895032390,2020,895032390,2020TA011531,COUNTY SHERIFF'S OFFICE,05 FIFTH,ORANGE,"November 15, 2020",1436,MONDAY,7530 APOPKA,0730,Y,US 441,LAKE PLEASANT RD,0,,28.659068,-81.476139,28.6591134,-81.4763627,75020000,9.05,00619,SR 500,US 441,R RIGHT,2 THRU LANE 2,N NORTH,23 SUBURBAN 4-5LN 2WY DIVD RASD,02 U.S.,18 THROUGH ROADWAY,01 ON ROADWAY,77 OTHER (SEE NARRATIVE),02 UNPAVED,35,"January 22, 2020",14 URBAN PRIN ART OTHER,23,PAVED,4,LAWN,9,,0,45,28000,RCI,5.3,,55,2 POSSIBLE INJURY,31 Q/C COMPLETED - LOC VERIFIED,0 NO,02 AT INTERSECTION,01 DAYLIGHT,01 CLEAR,01 DRY,01 LEVEL,1 STRAIGHT,"TWO-WAY, DIVIDED, POSITIVE MED","TWO-WAY, DIVIDED, POSITIVE MED",NO CONTROLS,NO CONTROLS,4,NONE,NOT CODED,NOT CODED,NONE,NOT CODED,NOT CODED,14 MOTOR VEHICLE IN TRANSPORT,03 ANGLE,77 OTHER (SEE NARRATIVE),FAILED TO YIELD RIGHT-OF-WAY,NO CONTRIBUTING ACTION,00 NOT CODED,00 NOT CODED,00 NOT CODED,00 NOT CODED,01 NO,1,0,0,0,2,0,2,3,N,N,N,Y,N,N,N,N,N,N,N,N,N,N,N,N,N,N,N,N,Y,N,N,N,N,N,28.659166479,-81.476309399,453455.836322,3170317.925072,R,,ARBM15Q1R2,"June 10, 2023",2565253,-9069901.623645632,3332337.3558294056
2020895032450,2020,895032450,2020TA012070,COUNTY SHERIFF'S OFFICE,05 FIFTH,ORANGE,"November 30, 2020",0919,TUESDAY,7530 APOPKA,0730,Y,US 441,SR 436,0.03,S,28.673168,-81.499866,28.6723777,-81.4955803,75020000,10.54,03492,SR 500,US 441,L LEFT,2 THRU LANE 2,W WEST,41 SUBURBAN ONE WAY,02 U.S.,18 THROUGH ROADWAY,01 ON ROADWAY,01 NOT AT INTERSECTION,03 CURB,32,"January 22, 2020",14 URBAN PRIN ART OTHER,24,PAVED,4,LAWN,12,,0,,11000,RCI,4.6,,45,1 NO INJURY,31 Q/C COMPLETED - LOC VERIFIED,0 NO,01 NOT AT INTERSECTION/RRX/BRIDGE,01 DAYLIGHT,01 CLEAR,01 DRY,01 LEVEL,1 STRAIGHT,"TWO-WAY, NOT DIVIDED","TWO-WAY, NOT DIVIDED",NO CONTROLS,NO CONTROLS,2,NONE,NOT CODED,NOT CODED,NONE,NOT CODED,NOT CODED,14 MOTOR VEHICLE IN TRANSPORT,"04 SIDESWIPE, SAME DIRECTION",06 CHANGING LANES,FAILED TO KEEP IN PROPER LANE,NO CONTRIBUTING ACTION,00 NOT CODED,00 NOT CODED,00 NOT CODED,00 NOT CODED,01 NO,0,0,0,0,2,0,2,3,N,N,N,N,Y,N,N,N,N,N,Y,N,N,N,N,N,N,N,N,N,N,N,N,N,N,N,28.672393199,-81.495626377,451574.268924,3171790.96829,O,,ARBM15Q1R2,"June 10, 2023",2565254,-9072051.98050499,3334015.4240069506
2020895032460,2020,895032460,2020TA012174,COUNTY SHERIFF'S OFFICE,05 FIFTH,ORANGE,"December 2, 2020",1757,THURSDAY,7530 APOPKA,0730,Y,ORANGE BLOSSOM TRL,CABLE LN,0.07,N,28.681661,-81.524649,28.6816646,-81.5247866,75020000,12.53,02228,SR 500,US 441,L LEFT,1 THRU LANE 1,W WEST,20 URBAN 4-5LN 2WY DIVD RASD,02 U.S.,18 THROUGH ROADWAY,01 ON ROADWAY,02 FOUR-WAY INTERSECTION,00 N/A,37,"January 22, 2020",14 URBAN PRIN ART OTHER,23,PAVED,4,CURB&GUTTER,2,,0,40,32000,RCI,5.6,1D0000,45,2 POSSIBLE INJURY,31 Q/C COMPLETED - LOC VERIFIED,0 NO,01 NOT AT INTERSECTION/RRX/BRIDGE,05 DARK-NOT LIGHTED,01 CLEAR,01 DRY,01 LEVEL,1 STRAIGHT,"TWO-WAY, NOT DIVIDED","TWO-WAY, NOT DIVIDED",NO CONTROLS,NO CONTROLS,4,NONE,NOT CODED,NOT CODED,NONE,NOT CODED,NOT CODED,14 MOTOR VEHICLE IN TRANSPORT,01 FRONT TO REAR,01 STRAIGHT AHEAD,FOLLOWED TOO CLOSELY,NO CONTRIBUTING ACTION,00 NOT CODED,00 NOT CODED,00 NOT CODED,00 NOT CODED,01 NO,2,0,0,0,2,0,2,3,N,N,N,N,N,N,N,N,N,N,Y,N,N,N,N,N,N,N,N,N,N,Y,N,Y,N,N,28.681606008,-81.524925859,448715.975279,3172823.876214,L,,ARBM15Q1R2,"June 10, 2023",2565255,-9075313.584879057,3335184.3741134186
2020895032150,2020,895032150,2020TA011892,COUNTY SHERIFF'S OFFICE,05 FIFTH,ORANGE,"November 23, 2020",1804,TUESDAY,7530 APOPKA,0730,Y,HIAWASSEE RD,US 441,0.019,N,28.653442,-81.470167,28.6545141,-81.4702174,75020000,8.56,00618,SR 500,US 441,T SIDE RD LEFT,2 THRU LANE 2,S SOUTH,23 SUBURBAN 4-5LN 2WY DIVD RASD,04 COUNTY,01 NON-JUNCTION,01 ON ROADWAY,01 NOT AT INTERSECTION,01 PAVED,35,"January 22, 2020",14 URBAN PRIN ART OTHER,23,PAVED,4,LAWN,9,,0,45,28000,RCI,5.3,1D0000,45,1 NO INJURY,31 Q/C COMPLETED - LOC VERIFIED,0 NO,03 INFLUENCED BY INTERSECTION,04 DARK-LIGHTED,01 CLEAR,01 DRY,01 LEVEL,1 STRAIGHT,"TWO-WAY, NOT DIVIDED","TWO-WAY, NOT DIVIDED",NO CONTROLS,NO CONTROLS,4,NONE,NOT CODED,NOT CODED,NONE,NOT CODED,NOT CODED,14 MOTOR VEHICLE IN TRANSPORT,01 FRONT TO REAR,01 STRAIGHT AHEAD,OTHER CONTRIBUTING ACTION,NO CONTRIBUTING ACTION,00 NOT CODED,00 NOT CODED,00 NOT CODED,00 NOT CODED,01 NO,0,0,0,0,2,0,2,2,N,N,N,Y,N,N,N,N,N,N,Y,N,N,N,N,N,N,N,N,N,Y,N,N,N,N,N,28.654448104,-81.470294346,454041.566783,3169792.857891,L,,ARBM15Q1R2,"June 10, 2023",2568841,-9069232.030795028,3331738.7889430146