Crash Id,Calendar Year,FDOT Crash Number,Reporting Agency Case Number,Reporting Agency Type,FDOT Managing District,County Name,Crash Date,Crash Time,Day,DHSMV City,Crash Report City Code,In Town,On Roadway Name,Int Roadway Name,Reference Distance (Miles),Reference Direction,Officer Latitude,Officer Longitude,FDOT Latitude,FDOT Longitude,FDOT Roadway,Nearest Inventory MP,Nearest Node From Crash,State Road #,US Highway,Crash Side of Road,Accident Lane Number,Travel Direction Vehicle 1,FDOT Road Category,DHSMV Road System Id,Relation to Junction,Crash Harmful Event Location,Intersection Type,Shoulder Type,FDOT Roadway SKID Test Result,FDOT Roadway SKID Test Date,Functional Class,RCI Surface Width,RCI Shoulder Type First,RCI Shoulder Width First,RCI Shoulder Type Second,RCI Shoulder Width Second,RCI Shoulder Type Third,RCI Shoulder Width Third,RCI Median Width,Avg Daily Traffic,AADT Source,RCI Avg Per Truck Traffic,RCI Horiz Curve Condition,Posted Speed Limit,Highest Injury in Crash,CAR Status Code,Alcohols/Drug Involved,Site Location,Lighting,Weather,Road Surface,Roadway Grade,Roadway Alignment,Traffic Way Vehicle 1,Traffic Way Vehicle 2,Traffic Control Vehicle 1,Traffic Control Vehicle 2,Count of Lanes,Road Condition 1,Road Condition 2,Road Condition 3,Environment Condition 1,Environment Condition 2,Environment Condition 3,Crash Harmful Event,Manner of Collision,Vehicle Movement,Driver Action Vehicle 1,Driver Action Vehicle 2,Location Within Workzone,Type of Workzone,Workers Present in Workzone,Law Enforcement Present in Workzone,School Bus Related,Count of Nonfatal Injuries,Count of Traffic Fatalities,Count of Serious Injuries,Count of Pedestrians,Count of Drivers,Count of Bicyclists,Count of Vehicles,Count of Persons,Wrong Way,Workzone Inv,Commercial Vehicle Inv,Intersection Inv,Lane Departure,Speeding,Agressive Driving,Impaired Driver,Impaired Pedestrian,Impaired Bicyclist,Distracted Driver,Speeding or Aggressive Driving,Pedestrian Related,Bicyclist Related,Pedestrian or Bicyclist Related,Motorcycle Inv,No Belt,No Belt - Ages 1-4,No Belt - Ages 5-12,No Belt - Ages 13-17,Driver - Ages Teen,Driver - Ages 65 plus,Driver - Ages 65-69,Driver - Ages 70-74,Driver - Ages 75-79,Driver - Ages 80 plus,ARBM Latitude,ARBM Longitude,UTM Zone 17N X,UTM Zone 17N Y,ARBM Side of Road,Urban Rural Indicator,GIS Street Source,Extract Date,OBJECTID,x,y
2020240689580,2020,240689580,2020-00355065,COUNTY SHERIFF'S OFFICE,05 FIFTH,ORANGE,"November 9, 2020",0415,TUESDAY,7546 ORLANDO,0746,Y,SR 408,SEMORAN BLVD,0.189,W,0,0,28.5394471,-81.3142206,75008000,9.423,01172,SR 408,,M MEDIAN,M MIDDLE,E EAST,03 TOLL ROAD URBAN,03 STATE,01 NON-JUNCTION,01 ON ROADWAY,01 NOT AT INTERSECTION,01 PAVED,37,"March 2, 2020",12 URBAN PRIN ART EXPR.,48,PAVED WARN,8,,0,,0,24,146500,RCI,4.5,0D5958,65,1 NO INJURY,31 Q/C COMPLETED - LOC VERIFIED,0 NO,01 NOT AT INTERSECTION/RRX/BRIDGE,04 DARK-LIGHTED,03 RAIN,02 WET,01 LEVEL,1 STRAIGHT,ONE-WAY TRAFFICWAY,,NO CONTROLS,NOT CODED,8,"RD SURFC (WET, ICY, SNOW, ETC)",NOT CODED,NOT CODED,WEATHER CONDITIONS,NOT CODED,NOT CODED,30 CONCRETE TRAFFIC BARRIER,03 ANGLE,01 STRAIGHT AHEAD,DROVE TOO FAST FOR CONDITIONS,NOT CODED,00 NOT CODED,00 NOT CODED,00 NOT CODED,00 NOT CODED,01 NO,0,0,0,0,1,0,1,1,N,N,N,N,Y,Y,N,N,N,N,N,Y,N,N,N,N,N,N,N,N,N,N,N,N,N,N,28.539474149,-81.314233766,469258.894499,3157005.316432,R,,ARBM15Q1R2,"June 10, 2023",2613652,-9051859.441049164,3317161.6511646137
2020240689590,2020,240689590,2020-00366852,COUNTY SHERIFF'S OFFICE,05 FIFTH,ORANGE,"November 19, 2020",2151,FRIDAY,7546 ORLANDO,0746,Y,SR 408,I 4,0.002,W,0,0,28.5351365,-81.382819,75008000,5.211,04806,SR 408,,L LEFT,2 THRU LANE 2,W WEST,03 TOLL ROAD URBAN,03 STATE,01 NON-JUNCTION,01 ON ROADWAY,01 NOT AT INTERSECTION,01 PAVED,41,"September 28, 2003",12 URBAN PRIN ART EXPR.,33,PAVED WARN,8,,0,,0,44,159500,RCI,4.5,,55,1 NO INJURY,31 Q/C COMPLETED - LOC VERIFIED,0 NO,06 BRIDGE,04 DARK-LIGHTED,01 CLEAR,01 DRY,01 LEVEL,1 STRAIGHT,ONE-WAY TRAFFICWAY,ONE-WAY TRAFFICWAY,OTHER (SEE NARRATIVE),NO CONTROLS,5,WORK ZONE (CONST/MNT/UTLTY)NTE,NOT CODED,NOT CODED,NONE,NOT CODED,NOT CODED,14 MOTOR VEHICLE IN TRANSPORT,01 FRONT TO REAR,01 STRAIGHT AHEAD,OPERATED MV IN CARLESS OR NEGL,NO CONTRIBUTING ACTION,04 ACTIVITY AREA,02 LANE SHIFT/CROSSOVER,02 YES,02 OFFICER PRESENT,01 NO,0,0,0,0,2,0,2,2,N,Y,N,N,Y,N,N,N,N,N,N,N,N,N,N,N,N,N,N,N,N,Y,N,Y,N,N,28.535284658,-81.382837682,462545.925928,3156560.688568,L,,ARBM15Q1R2,"June 10, 2023",2613653,-9059496.396181466,3316630.781136443
2020240692460,2020,240692460,2020-00403446,COUNTY SHERIFF'S OFFICE,05 FIFTH,ORANGE,"December 21, 2020",0756,TUESDAY,7546 ORLANDO,0746,Y,SR 528,CONWAY RD,0.25,W,0,0,28.4511828,-81.3324949,75002000,8.797,02819,SR 528,,M MEDIAN,M MIDDLE,W WEST,03 TOLL ROAD URBAN,06 TURNPIKE/TOLL,01 NON-JUNCTION,03 SHOULDER,01 NOT AT INTERSECTION,01 PAVED,38,"March 3, 2020",12 URBAN PRIN ART EXPR.,36,PAVED WARN,10,VALLEY GUTR,3,,0,22,108500,RCI,3.7,,55,1 NO INJURY,31 Q/C COMPLETED - LOC VERIFIED,0 NO,01 NOT AT INTERSECTION/RRX/BRIDGE,01 DAYLIGHT,01 CLEAR,01 DRY,01 LEVEL,1 STRAIGHT,"TWO-WAY, DIVIDED, POSITIVE MED",,NO CONTROLS,NOT CODED,6,NONE,NOT CODED,NOT CODED,NONE,NOT CODED,NOT CODED,30 CONCRETE TRAFFIC BARRIER,"04 SIDESWIPE, SAME DIRECTION",01 STRAIGHT AHEAD,OTHER CONTRIBUTING ACTION,NOT CODED,00 NOT CODED,00 NOT CODED,00 NOT CODED,00 NOT CODED,01 NO,0,0,0,0,1,0,1,1,N,N,N,N,Y,N,N,N,N,N,N,N,N,N,N,N,N,N,N,N,N,N,N,N,N,N,28.451169359,-81.332475319,467447.251762,3147227.354699,R,,ARBM15Q1R2,"June 10, 2023",2614204,-9053890.08159949,3305976.6016171593
2020240658820,2020,240658820,2020-00319711,COUNTY SHERIFF'S OFFICE,05 FIFTH,ORANGE,"October 9, 2020",1930,SATURDAY,7546 ORLANDO,0746,Y,SR 435,CARRIER DR,0.038,S,0,0,28.4563774,-81.458606,75270000,0.505,00115,SR 435,,L LEFT,3 THRU LANE 3,S SOUTH,33 SUBURBAN 6+LN 2WY DIVD RASD,03 STATE,01 NON-JUNCTION,01 ON ROADWAY,01 NOT AT INTERSECTION,01 PAVED,30,"February 11, 2020",14 URBAN PRIN ART OTHER,36,PAVED,4,LAWN,4,,0,56,30500,RCI,6.1,,45,1 NO INJURY,31 Q/C COMPLETED - LOC VERIFIED,0 NO,01 NOT AT INTERSECTION/RRX/BRIDGE,04 DARK-LIGHTED,01 CLEAR,02 WET,01 LEVEL,1 STRAIGHT,"TWO-WAY, DIVIDED, POSITIVE MED","TWO-WAY, DIVIDED, POSITIVE MED",NO CONTROLS,NO CONTROLS,6,NONE,NOT CODED,NOT CODED,NONE,NOT CODED,NOT CODED,14 MOTOR VEHICLE IN TRANSPORT,01 FRONT TO REAR,01 STRAIGHT AHEAD,FOLLOWED TOO CLOSELY,NO CONTRIBUTING ACTION,00 NOT CODED,00 NOT CODED,00 NOT CODED,00 NOT CODED,01 NO,0,0,0,0,3,0,3,5,N,N,N,N,N,N,N,N,N,N,N,N,N,N,N,N,N,N,N,N,Y,N,N,N,N,N,28.456905655,-81.458766871,455084.310883,3147903.52416,L,,ARBM15Q1R2,"June 10, 2023",2614236,-9067948.796994952,3306702.900077675
2020240661460,2020,240661460,2020-00316535,COUNTY SHERIFF'S OFFICE,05 FIFTH,ORANGE,"October 7, 2020",0245,THURSDAY,7546 ORLANDO,0746,Y,I 4,PRINCETON ST,0,,0,0,0,0,75280078,0,03628,SR 400,I 4,R RIGHT,X RAMP,W WEST,08 RAMP RURAL,03 STATE,02 INTERSECTION,01 ON ROADWAY,02 FOUR-WAY INTERSECTION,01 PAVED,0,"December 31, 2000",,14,PAVED,7,LAWN,7,,0,,8600,RCI,3.8,,,1 NO INJURY,31 Q/C COMPLETED - LOC VERIFIED,0 NO,08 EXIT RAMP,04 DARK-LIGHTED,01 CLEAR,01 DRY,01 LEVEL,1 STRAIGHT,"TWO-WAY, DIVIDED, POSITIVE MED",,NO CONTROLS,NOT CODED,1,WORK ZONE (CONST/MNT/UTLTY)NTE,NOT CODED,NOT CODED,NONE,NOT CODED,NOT CODED,30 CONCRETE TRAFFIC BARRIER,77 OTHER (SEE NARRATIVE),03 TURNING LEFT,FAILED TO KEEP IN PROPER LANE,NOT CODED,04 ACTIVITY AREA,77 OTHER (SEE NARRATIVE),02 YES,02 OFFICER PRESENT,01 NO,0,0,0,0,1,0,1,1,N,Y,N,N,N,N,N,N,N,N,Y,N,N,N,N,N,N,N,N,N,N,N,N,N,N,N,28.571444254,-81.375286193,463297.2567,3160564.309,O,,ARBM15Q1R2,"June 10, 2023",2614238,-9058655.768139493,3321213.4268178768
2020240681100,2020,240681100,2020-00367798,COUNTY SHERIFF'S OFFICE,05 FIFTH,ORANGE,"November 19, 2020",1630,FRIDAY,7546 ORLANDO,0746,Y,I 4,SR 50,1,N,0,0,28.5668439,-81.3757652,75280000,19.355,00385,SR 400,I 4,L LEFT,2 THRU LANE 2,W WEST,01 INTERSTATE URBAN,01 INTERSTATE,01 NON-JUNCTION,01 ON ROADWAY,01 NOT AT INTERSECTION,01 PAVED,25,"September 16, 2014",11 URBAN PRIN ART INT.,48,PAVED WARN,10,CURB&GUTTER,2,,0,18,170500,RCI,6.8,2D3000,50,1 NO INJURY,31 Q/C COMPLETED - LOC VERIFIED,0 NO,01 NOT AT INTERSECTION/RRX/BRIDGE,02 DUSK,01 CLEAR,01 DRY,01 LEVEL,1 STRAIGHT,"TWO-WAY, DIVIDED, POSITIVE MED","TWO-WAY, DIVIDED, POSITIVE MED",NO CONTROLS,NO CONTROLS,8,NONE,NOT CODED,NOT CODED,NONE,NOT CODED,NOT CODED,14 MOTOR VEHICLE IN TRANSPORT,"04 SIDESWIPE, SAME DIRECTION",01 STRAIGHT AHEAD,NOT CODED,NO CONTRIBUTING ACTION,00 NOT CODED,00 NOT CODED,00 NOT CODED,00 NOT CODED,01 NO,0,0,0,0,1,0,2,2,N,N,Y,N,Y,N,N,N,N,N,N,N,N,N,N,N,N,N,N,N,N,Y,N,N,Y,N,28.56692071,-81.375920578,463233.641351,3160063.359648,L,,ARBM15Q1R2,"June 10, 2023",2614241,-9058726.387505459,3320640.05429867
2020240681150,2020,240681150,2020-00332371,COUNTY SHERIFF'S OFFICE,05 FIFTH,ORANGE,"October 20, 2020",1625,WEDNESDAY,7546 ORLANDO,0746,Y,BUMBY AVE,SR 50,0.019,S,0,0,28.5531847,-81.3519739,75060000,2.653,05116,SR 50,,S SIDE RD RIGHT,1 THRU LANE 1,0,20 URBAN 4-5LN 2WY DIVD RASD,05 LOCAL,01 NON-JUNCTION,01 ON ROADWAY,01 NOT AT INTERSECTION,03 CURB,34,"September 9, 2019",14 URBAN PRIN ART OTHER,22,CURB&GUTTER,2,,0,,0,12,44500,RCI,3.5,,40,2 POSSIBLE INJURY,31 Q/C COMPLETED - LOC VERIFIED,0 NO,03 INFLUENCED BY INTERSECTION,01 DAYLIGHT,02 CLOUDY,01 DRY,00 NOT CODED,0 NOT CODED,NOT CODED,"TWO-WAY, NOT DIVIDED",NOT CODED,NO CONTROLS,4,NONE,NOT CODED,NOT CODED,NONE,NOT CODED,NOT CODED,14 MOTOR VEHICLE IN TRANSPORT,01 FRONT TO REAR,00 NOT CODED,NOT CODED,NO CONTRIBUTING ACTION,00 NOT CODED,00 NOT CODED,00 NOT CODED,00 NOT CODED,01 NO,1,0,0,0,1,0,3,3,N,N,N,Y,N,N,N,N,N,N,N,N,N,N,N,N,N,N,N,N,N,N,N,N,N,N,28.553105201,-81.352019084,465566.812695,3158525.702584,R,,ARBM15Q1R2,"June 10, 2023",2614242,-9056065.684596298,3318889.051048033
2020240686700,2020,240686700,2020-00338825,COUNTY SHERIFF'S OFFICE,05 FIFTH,ORANGE,"October 26, 2020",1102,TUESDAY,7546 ORLANDO,0746,Y,SR 527,HOLLENBECK ST,0,,0,0,28.5226662,-81.376401,75040000,12.659,00756,SR 527,,R RIGHT,1 THRU LANE 1,W WEST,21 URBAN 4-5LN 2WY DIVD PAVD,05 LOCAL,02 INTERSECTION,01 ON ROADWAY,03 T-INTERSECTION,03 CURB,34,"September 9, 2019",14 URBAN PRIN ART OTHER,20,PAVED,6,CURB&GUTTER,2,,0,10,32500,RCI,7.6,,30,2 POSSIBLE INJURY,31 Q/C COMPLETED - LOC VERIFIED,0 NO,02 AT INTERSECTION,01 DAYLIGHT,01 CLEAR,01 DRY,01 LEVEL,1 STRAIGHT,"TWO-WAY, NOT DIVIDED","TWO-WAY, NOT DIVIDED",STOP SIGN,NO CONTROLS,4,NONE,NOT CODED,NOT CODED,NONE,NOT CODED,NOT CODED,14 MOTOR VEHICLE IN TRANSPORT,03 ANGLE,03 TURNING LEFT,RAN STOP SIGN,NO CONTRIBUTING ACTION,00 NOT CODED,00 NOT CODED,00 NOT CODED,00 NOT CODED,01 NO,1,0,0,0,2,0,2,2,N,N,N,Y,N,N,N,N,N,N,N,N,N,N,N,N,N,N,N,N,N,N,N,N,N,N,28.522671919,-81.376413974,463169.995741,3155161.396959,C,,ARBM15Q1R2,"June 10, 2023",2614243,-9058781.312052777,3315032.6898976606
2020240686740,2020,240686740,2020-00339105,COUNTY SHERIFF'S OFFICE,05 FIFTH,ORANGE,"October 26, 2020",1502,TUESDAY,7546 ORLANDO,0746,Y,SR 435,VALENCIA COLLEGE DR,0.057,N,0,0,28.5232938,-81.4592068,75270000,5.086,04707,SR 435,,R RIGHT,1 THRU LANE 1,N NORTH,33 SUBURBAN 6+LN 2WY DIVD RASD,03 STATE,01 NON-JUNCTION,01 ON ROADWAY,01 NOT AT INTERSECTION,02 UNPAVED,28,"March 14, 2017",14 URBAN PRIN ART OTHER,36,PAVED,5,LAWN,7,,0,40,56500,RCI,2.8,,50,1 NO INJURY,31 Q/C COMPLETED - LOC VERIFIED,0 NO,01 NOT AT INTERSECTION/RRX/BRIDGE,01 DAYLIGHT,01 CLEAR,01 DRY,01 LEVEL,1 STRAIGHT,"TWO-WAY, DIVIDED, POSITIVE MED","TWO-WAY, DIVIDED, POSITIVE MED",NO CONTROLS,NO CONTROLS,6,NONE,NOT CODED,NOT CODED,NONE,NOT CODED,NOT CODED,14 MOTOR VEHICLE IN TRANSPORT,01 FRONT TO REAR,01 STRAIGHT AHEAD,FOLLOWED TOO CLOSELY,NO CONTRIBUTING ACTION,00 NOT CODED,00 NOT CODED,00 NOT CODED,00 NOT CODED,01 NO,0,0,0,0,2,0,2,2,N,N,N,N,N,N,N,N,N,N,N,N,N,N,N,N,N,N,N,N,N,Y,Y,N,N,N,28.52348153,-81.459080741,455081.771314,3155279.251332,R,,ARBM15Q1R2,"June 10, 2023",2614244,-9067983.737121124,3315135.2652444197
2020240686750,2020,240686750,2020-00345166,COUNTY SHERIFF'S OFFICE,05 FIFTH,ORANGE,"October 31, 2020",1639,SUNDAY,7546 ORLANDO,0746,Y,SR 526,BUMBY AVE,0.019,E,0,0,28.545941,-81.351601,75130000,0.776,05812,SR 526,,L LEFT,L LEFT TURN,W WEST,21 URBAN 4-5LN 2WY DIVD PAVD,03 STATE,01 NON-JUNCTION,01 ON ROADWAY,01 NOT AT INTERSECTION,03 CURB,39,"February 11, 2020",16 URBAN MINOR ART,20,CURB W RESF,2,,0,,0,10,14100,RCI,3.8,,35,2 POSSIBLE INJURY,31 Q/C COMPLETED - LOC VERIFIED,0 NO,03 INFLUENCED BY INTERSECTION,02 DUSK,01 CLEAR,01 DRY,01 LEVEL,1 STRAIGHT,"TWO-WAY, NOT DIV, W/CONT LTURN","TWO-WAY, NOT DIV, W/CONT LTURN",TRAFFIC CONTROL SIGNAL,NO CONTROLS,4,NONE,NOT CODED,NOT CODED,NONE,NOT CODED,NOT CODED,14 MOTOR VEHICLE IN TRANSPORT,"04 SIDESWIPE, SAME DIRECTION",05 TURNING RIGHT,OPERATED MV IN CARLESS OR NEGL,NO CONTRIBUTING ACTION,00 NOT CODED,00 NOT CODED,00 NOT CODED,00 NOT CODED,01 NO,1,0,0,0,2,0,2,3,N,N,Y,Y,N,N,N,N,N,N,N,N,N,N,N,N,N,N,N,N,N,N,N,N,N,N,28.545944655,-81.351573478,465608.074139,3157732.292188,C,,ARBM15Q1R2,"June 10, 2023",2614245,-9056016.0799555,3317981.600303119
2020240930510,2020,240930510,OCPD20OFF004165,COUNTY SHERIFF'S OFFICE,05 FIFTH,ORANGE,"October 26, 2020",2330,TUESDAY,7542 OCOEE,0742,Y,SR 429,WEST RD,0.004,N,28.6014795,-81.5431777,28.6012149,-81.5427837,75320006,0.004,04214,SR 429,,R RIGHT,X RAMP,N NORTH,07 RAMP URBAN,03 STATE,01 NON-JUNCTION,03 SHOULDER,02 FOUR-WAY INTERSECTION,03 CURB,0,"December 31, 2000",,16,PAVED,4,LAWN,3.5,LAWN,12,,1100,RCI,4.1,,,2 POSSIBLE INJURY,31 Q/C COMPLETED - LOC VERIFIED,0 NO,07 ENTRANCE RAMP,04 DARK-LIGHTED,01 CLEAR,01 DRY,01 LEVEL,1 STRAIGHT,"TWO-WAY, DIVIDED, POSITIVE MED",,TRAFFIC CONTROL SIGNAL,NOT CODED,1,NONE,NOT CODED,NOT CODED,NONE,NOT CODED,NOT CODED,24 CURB,77 OTHER (SEE NARRATIVE),05 TURNING RIGHT,OPERATED MV IN CARLESS OR NEGL,NOT CODED,00 NOT CODED,00 NOT CODED,00 NOT CODED,00 NOT CODED,01 NO,2,0,0,0,1,0,1,2,N,N,N,N,Y,N,N,N,N,N,N,N,N,N,N,N,N,N,N,N,N,N,N,N,N,N,28.601215145,-81.542810001,446928.263209,3163925.327447,O,,ARBM15Q1R2,"June 10, 2023",2614257,-9077304.438715247,3324987.588778163
2020240700120,2020,240700120,2020-00397757,COUNTY SHERIFF'S OFFICE,05 FIFTH,ORANGE,"December 16, 2020",0735,THURSDAY,7546 ORLANDO,0746,Y,I 4,AMELIA ST,0.002,S,0,0,28.5493102,-81.3824548,75280000,18.06,00378,SR 400,I 4,R RIGHT,1 THRU LANE 1,E EAST,01 INTERSTATE URBAN,01 INTERSTATE,01 NON-JUNCTION,01 ON ROADWAY,01 NOT AT INTERSECTION,01 PAVED,27,"September 16, 2014",11 URBAN PRIN ART INT.,60,PAVED,10,CURB&GUTTER,2,,0,30,125000,RCI,6.8,,50,3 NO-INCAPACITATING INJURY,31 Q/C COMPLETED - LOC VERIFIED,0 NO,01 NOT AT INTERSECTION/RRX/BRIDGE,01 DAYLIGHT,01 CLEAR,01 DRY,01 LEVEL,1 STRAIGHT,"TWO-WAY, DIVIDED, POSITIVE MED","TWO-WAY, DIVIDED, POSITIVE MED",NO CONTROLS,NO CONTROLS,8,NONE,NOT CODED,NOT CODED,NONE,NOT CODED,NOT CODED,14 MOTOR VEHICLE IN TRANSPORT,01 FRONT TO REAR,14 SLOWING,FOLLOWED TOO CLOSELY,NO CONTRIBUTING ACTION,00 NOT CODED,00 NOT CODED,00 NOT CODED,00 NOT CODED,01 NO,2,0,0,0,3,0,3,4,N,N,N,N,N,N,N,N,N,N,N,N,N,N,N,N,N,N,N,N,Y,N,N,N,N,N,28.549332472,-81.382435835,462590.20345,3158116.854045,R,,ARBM15Q1R2,"June 10, 2023",2614261,-9059451.662940629,3318410.9280338446
2020240700130,2020,240700130,2020-00385856,COUNTY SHERIFF'S OFFICE,05 FIFTH,ORANGE,"December 7, 2020",1456,TUESDAY,7546 ORLANDO,0746,Y,COLONIAL DR E,LAKE BALDWIN LN,0.019,E,0,0,28.5533743,-81.3268478,75060000,4.18,05135,SR 50,,L LEFT,3 THRU LANE 3,W WEST,30 URBAN 6+LN 2WY DIVD RASD,03 STATE,01 NON-JUNCTION,01 ON ROADWAY,01 NOT AT INTERSECTION,03 CURB,33,"September 9, 2019",14 URBAN PRIN ART OTHER,36,CURB&GUTTER,2,,0,,0,18,68500,RCI,2.5,,45,1 NO INJURY,31 Q/C COMPLETED - LOC VERIFIED,0 NO,03 INFLUENCED BY INTERSECTION,01 DAYLIGHT,01 CLEAR,01 DRY,01 LEVEL,1 STRAIGHT,"TWO-WAY, DIVIDED, POSITIVE MED","TWO-WAY, DIVIDED, POSITIVE MED",NO CONTROLS,NO CONTROLS,6,NONE,NOT CODED,NOT CODED,NONE,NOT CODED,NOT CODED,14 MOTOR VEHICLE IN TRANSPORT,01 FRONT TO REAR,01 STRAIGHT AHEAD,OPERATED MV IN CARLESS OR NEGL,NO CONTRIBUTING ACTION,00 NOT CODED,00 NOT CODED,00 NOT CODED,00 NOT CODED,01 NO,0,0,0,0,2,0,2,2,N,N,N,Y,N,N,N,N,N,N,Y,N,N,N,N,N,N,N,N,N,N,N,N,N,N,N,28.553444652,-81.326924328,468021.605326,3158556.357055,L,,ARBM15Q1R2,"June 10, 2023",2614262,-9053272.148401376,3318932.071050962
2020240700180,2020,240700180,2020-00378123,COUNTY SHERIFF'S OFFICE,05 FIFTH,ORANGE,"November 29, 2020",1722,MONDAY,7546 ORLANDO,0746,Y,I 4,SOUTH ST,0.019,N,0,0,28.5308689,-81.385783,75280000,16.736,00367,SR 400,I 4,R RIGHT,3 THRU LANE 3,E EAST,01 INTERSTATE URBAN,01 INTERSTATE,01 NON-JUNCTION,01 ON ROADWAY,01 NOT AT INTERSECTION,01 PAVED,27,"September 16, 2014",11 URBAN PRIN ART INT.,48,PAVED,10,CURB&GUTTER,2,,0,42,148000,RCI,6.8,3D0000,50,2 POSSIBLE INJURY,31 Q/C COMPLETED - LOC VERIFIED,0 NO,01 NOT AT INTERSECTION/RRX/BRIDGE,02 DUSK,01 CLEAR,01 DRY,01 LEVEL,1 STRAIGHT,"TWO-WAY, DIVIDED, POSITIVE MED","TWO-WAY, DIVIDED, POSITIVE MED",NO CONTROLS,NO CONTROLS,7,NONE,NOT CODED,NOT CODED,NONE,NOT CODED,NOT CODED,14 MOTOR VEHICLE IN TRANSPORT,"04 SIDESWIPE, SAME DIRECTION",06 CHANGING LANES,OPERATED MV IN CARLESS OR NEGL,NO CONTRIBUTING ACTION,00 NOT CODED,00 NOT CODED,00 NOT CODED,00 NOT CODED,01 NO,2,0,0,0,2,0,4,5,N,N,Y,N,Y,N,N,N,N,N,N,N,N,N,N,N,Y,N,N,N,N,N,N,N,N,N,28.530878974,-81.38578968,462255.551535,3156073.529666,R,,ARBM15Q1R2,"June 10, 2023",2614263,-9059825.011195626,3316072.5392879406
2020240700220,2020,240700220,2020-00380460,COUNTY SHERIFF'S OFFICE,05 FIFTH,ORANGE,"December 1, 2020",1752,WEDNESDAY,7546 ORLANDO,0746,Y,MILLS AVE N,CONCORD ST,0,,0,0,28.5512082,-81.3644228,75030000,2.496,02525,SR 15,,L LEFT,1 THRU LANE 1,W WEST,22 URBAN 4-5LN 2WY UNDIVD,05 LOCAL,02 INTERSECTION,01 ON ROADWAY,02 FOUR-WAY INTERSECTION,03 CURB,48,"March 1, 2020",16 URBAN MINOR ART,40,CURB&GUTTER,2,,0,,0,,18500,RCI,2.9,,30,2 POSSIBLE INJURY,31 Q/C COMPLETED - LOC VERIFIED,0 NO,02 AT INTERSECTION,04 DARK-LIGHTED,01 CLEAR,01 DRY,01 LEVEL,1 STRAIGHT,"TWO-WAY, NOT DIVIDED","TWO-WAY, NOT DIVIDED",STOP SIGN,NO CONTROLS,4,NONE,NOT CODED,NOT CODED,NONE,NOT CODED,NOT CODED,14 MOTOR VEHICLE IN TRANSPORT,03 ANGLE,01 STRAIGHT AHEAD,RAN STOP SIGN,NO CONTRIBUTING ACTION,00 NOT CODED,00 NOT CODED,00 NOT CODED,00 NOT CODED,01 NO,1,0,0,0,2,0,2,2,N,N,N,Y,N,N,N,N,N,N,N,N,N,N,N,N,N,N,N,N,N,N,N,N,N,N,28.551203722,-81.364394535,464355.643317,3158318.664002,C,,ARBM15Q1R2,"June 10, 2023",2614264,-9057443.313938871,3318648.071915901
2020240700230,2020,240700230,2020-00382093,COUNTY SHERIFF'S OFFICE,05 FIFTH,ORANGE,"December 3, 2020",0203,FRIDAY,7546 ORLANDO,0746,Y,SR 408,MILLS AVE S,0.003,E,0,0,28.5370447,-81.3670236,75008000,6.192,01543,SR 408,,R RIGHT,S SIDE OF ROAD,E EAST,03 TOLL ROAD URBAN,03 STATE,01 NON-JUNCTION,03 SHOULDER,01 NOT AT INTERSECTION,01 PAVED,37,"March 2, 2020",12 URBAN PRIN ART EXPR.,48,PAVED WARN,8,,0,,0,35,159500,RCI,4.5,,55,3 NO-INCAPACITATING INJURY,31 Q/C COMPLETED - LOC VERIFIED,0 NO,01 NOT AT INTERSECTION/RRX/BRIDGE,02 DUSK,01 CLEAR,01 DRY,01 LEVEL,1 STRAIGHT,"TWO-WAY, DIVIDED, POSITIVE MED",,NO CONTROLS,NOT CODED,9,NONE,NONE,NONE,NONE,NONE,NONE,14 MOTOR VEHICLE IN TRANSPORT,77 OTHER (SEE NARRATIVE),16 LEAVING TRAFFIC LANE,OPERATED MV IN CARLESS OR NEGL,NOT CODED,00 NOT CODED,00 NOT CODED,00 NOT CODED,00 NOT CODED,01 NO,1,0,0,0,1,0,1,1,N,N,N,N,Y,N,N,N,N,N,N,N,N,N,N,N,N,N,N,N,N,N,N,N,N,N,28.53706401,-81.3670356,464092.502504,3156752.981371,R,,ARBM15Q1R2,"June 10, 2023",2614265,-9057737.316038117,3316856.2485228353
2020240658670,2020,240658670,2020-00335435,COUNTY SHERIFF'S OFFICE,05 FIFTH,ORANGE,"October 23, 2020",0405,SATURDAY,7546 ORLANDO,0746,Y,I 4,ORANGE BLOSSOM TRL EXIT R,1,S,0,0,28.5091532,-81.4139184,75280000,13.966,04263,SR 400,I 4,L LEFT,3 THRU LANE 3,0,01 INTERSTATE URBAN,03 STATE,01 NON-JUNCTION,01 ON ROADWAY,01 NOT AT INTERSECTION,01 PAVED,35,"September 16, 2014",11 URBAN PRIN ART INT.,36,PAVED WARN,12,LAWN,12,,0,142,179000,RCI,5.6,,55,2 POSSIBLE INJURY,31 Q/C COMPLETED - LOC VERIFIED,0 NO,01 NOT AT INTERSECTION/RRX/BRIDGE,04 DARK-LIGHTED,01 CLEAR,01 DRY,00 NOT CODED,0 NOT CODED,NOT CODED,"TWO-WAY, DIVIDED, POSITIVE MED",NOT CODED,NO CONTROLS,6,UNKNOWN,NOT CODED,NOT CODED,NONE,NOT CODED,NOT CODED,14 MOTOR VEHICLE IN TRANSPORT,01 FRONT TO REAR,00 NOT CODED,NOT CODED,NO CONTRIBUTING ACTION,04 ACTIVITY AREA,01 LANE CLOSURE,88 UNKNOWN,01 NO,01 NO,1,0,0,0,1,0,2,2,N,Y,N,N,N,N,N,N,N,N,N,N,N,N,N,N,N,N,N,N,N,N,N,N,N,N,28.509630025,-81.414424116,459445.892498,3153728.806041,L,,ARBM15Q1R2,"June 10, 2023",2614279,-9063012.58283382,3313380.4236240755