Crash Id,Calendar Year,FDOT Crash Number,Reporting Agency Case Number,Reporting Agency Type,FDOT Managing District,County Name,Crash Date,Crash Time,Day,DHSMV City,Crash Report City Code,In Town,On Roadway Name,Int Roadway Name,Reference Distance (Miles),Reference Direction,Officer Latitude,Officer Longitude,FDOT Latitude,FDOT Longitude,FDOT Roadway,Nearest Inventory MP,Nearest Node From Crash,State Road #,US Highway,Crash Side of Road,Accident Lane Number,Travel Direction Vehicle 1,FDOT Road Category,DHSMV Road System Id,Relation to Junction,Crash Harmful Event Location,Intersection Type,Shoulder Type,FDOT Roadway SKID Test Result,FDOT Roadway SKID Test Date,Functional Class,RCI Surface Width,RCI Shoulder Type First,RCI Shoulder Width First,RCI Shoulder Type Second,RCI Shoulder Width Second,RCI Shoulder Type Third,RCI Shoulder Width Third,RCI Median Width,Avg Daily Traffic,AADT Source,RCI Avg Per Truck Traffic,RCI Horiz Curve Condition,Posted Speed Limit,Highest Injury in Crash,CAR Status Code,Alcohols/Drug Involved,Site Location,Lighting,Weather,Road Surface,Roadway Grade,Roadway Alignment,Traffic Way Vehicle 1,Traffic Way Vehicle 2,Traffic Control Vehicle 1,Traffic Control Vehicle 2,Count of Lanes,Road Condition 1,Road Condition 2,Road Condition 3,Environment Condition 1,Environment Condition 2,Environment Condition 3,Crash Harmful Event,Manner of Collision,Vehicle Movement,Driver Action Vehicle 1,Driver Action Vehicle 2,Location Within Workzone,Type of Workzone,Workers Present in Workzone,Law Enforcement Present in Workzone,School Bus Related,Count of Nonfatal Injuries,Count of Traffic Fatalities,Count of Serious Injuries,Count of Pedestrians,Count of Drivers,Count of Bicyclists,Count of Vehicles,Count of Persons,Wrong Way,Workzone Inv,Commercial Vehicle Inv,Intersection Inv,Lane Departure,Speeding,Agressive Driving,Impaired Driver,Impaired Pedestrian,Impaired Bicyclist,Distracted Driver,Speeding or Aggressive Driving,Pedestrian Related,Bicyclist Related,Pedestrian or Bicyclist Related,Motorcycle Inv,No Belt,No Belt - Ages 1-4,No Belt - Ages 5-12,No Belt - Ages 13-17,Driver - Ages Teen,Driver - Ages 65 plus,Driver - Ages 65-69,Driver - Ages 70-74,Driver - Ages 75-79,Driver - Ages 80 plus,ARBM Latitude,ARBM Longitude,UTM Zone 17N X,UTM Zone 17N Y,ARBM Side of Road,Urban Rural Indicator,GIS Street Source,Extract Date,OBJECTID,x,y
2020240692430,2020,240692430,2020-00355114,COUNTY SHERIFF'S OFFICE,05 FIFTH,ORANGE,"November 9, 2020",0638,TUESDAY,7546 ORLANDO,0746,Y,SR 527,UNDERWOOD ST,0.009,N,0,0,28.5276625,-81.3764498,75040000,13.003,00762,SR 527,,L LEFT,2 THRU LANE 2,S SOUTH,21 URBAN 4-5LN 2WY DIVD PAVD,03 STATE,01 NON-JUNCTION,01 ON ROADWAY,01 NOT AT INTERSECTION,03 CURB,34,"September 9, 2019",14 URBAN PRIN ART OTHER,20,PAVED,6,CURB&GUTTER,2,,0,10,32500,RCI,7.6,,30,1 NO INJURY,31 Q/C COMPLETED - LOC VERIFIED,0 NO,03 INFLUENCED BY INTERSECTION,01 DAYLIGHT,03 RAIN,02 WET,01 LEVEL,1 STRAIGHT,"TWO-WAY, NOT DIVIDED","TWO-WAY, NOT DIVIDED",NO CONTROLS,NO CONTROLS,4,NONE,NOT CODED,NOT CODED,NONE,NOT CODED,NOT CODED,14 MOTOR VEHICLE IN TRANSPORT,01 FRONT TO REAR,01 STRAIGHT AHEAD,FOLLOWED TOO CLOSELY,NO CONTRIBUTING ACTION,00 NOT CODED,00 NOT CODED,00 NOT CODED,00 NOT CODED,01 NO,0,0,0,0,2,0,2,2,N,N,N,Y,N,N,N,N,N,N,N,N,N,N,N,N,N,N,N,N,N,N,N,N,N,N,28.527665991,-81.376466893,463166.553905,3155714.681229,C,,ARBM15Q1R2,"June 10, 2023",2615382,-9058787.202957535,3315665.438535465
2020241243240,2020,241243240,2020TA012746,COUNTY SHERIFF'S OFFICE,05 FIFTH,ORANGE,"December 15, 2020",1921,WEDNESDAY,7554 WINTER PARK,0754,Y,ORLANDO AVE N,LEE RD,0,,28.606063,-81.365342,28.6061698,-81.3652405,75030000,6.27,06247,SR 15,US 17,L LEFT,R RIGHT TURN,S SOUTH,20 URBAN 4-5LN 2WY DIVD RASD,02 U.S.,03 INTERSECTION-RELATED,01 ON ROADWAY,02 FOUR-WAY INTERSECTION,03 CURB,39,"March 1, 2020",14 URBAN PRIN ART OTHER,23,CURB&GUTTER,2,,0,,0,34,37000,RCI,10,,35,2 POSSIBLE INJURY,31 Q/C COMPLETED - LOC VERIFIED,0 NO,02 AT INTERSECTION,04 DARK-LIGHTED,02 CLOUDY,02 WET,01 LEVEL,1 STRAIGHT,"TWO-WAY, DIVIDED, POSITIVE MED","TWO-WAY, NOT DIVIDED",TRAFFIC CONTROL SIGNAL,TRAFFIC CONTROL SIGNAL,4,NONE,NOT CODED,NOT CODED,NONE,NOT CODED,NOT CODED,14 MOTOR VEHICLE IN TRANSPORT,01 FRONT TO REAR,05 TURNING RIGHT,FOLLOWED TOO CLOSELY,NO CONTRIBUTING ACTION,00 NOT CODED,00 NOT CODED,00 NOT CODED,00 NOT CODED,01 NO,1,0,0,0,2,0,2,4,N,N,Y,Y,N,N,N,N,N,N,Y,N,N,N,N,N,N,N,N,N,N,N,N,N,N,N,28.606161339,-81.365286893,464286.922924,3164407.450179,L,,ARBM15Q1R2,"June 10, 2023",2615425,-9057542.651077762,3325614.739773758
2020241243270,2020,241243270,2020TA012852,COUNTY SHERIFF'S OFFICE,05 FIFTH,ORANGE,"December 18, 2020",2232,SATURDAY,7554 WINTER PARK,0754,Y,LEE RD,WYMORE RD,0,,28.605899,-81.385072,28.6057656,-81.385014,75190000,8.665,06230,SR 423,,L LEFT,3 THRU LANE 3,W WEST,30 URBAN 6+LN 2WY DIVD RASD,03 STATE,02 INTERSECTION,01 ON ROADWAY,02 FOUR-WAY INTERSECTION,03 CURB,40,"September 8, 2019",14 URBAN PRIN ART OTHER,44,CURB&GUTTER,2,,0,,0,16,39500,RCI,3.2,,35,1 NO INJURY,31 Q/C COMPLETED - LOC VERIFIED,0 NO,02 AT INTERSECTION,04 DARK-LIGHTED,01 CLEAR,01 DRY,01 LEVEL,1 STRAIGHT,"TWO-WAY, DIVIDED, POSITIVE MED","TWO-WAY, DIVIDED, POSITIVE MED",TRAFFIC CONTROL SIGNAL,TRAFFIC CONTROL SIGNAL,6,NONE,NOT CODED,NOT CODED,NONE,NOT CODED,NOT CODED,14 MOTOR VEHICLE IN TRANSPORT,03 ANGLE,01 STRAIGHT AHEAD,NO CONTRIBUTING ACTION,NO CONTRIBUTING ACTION,00 NOT CODED,00 NOT CODED,00 NOT CODED,00 NOT CODED,01 NO,0,0,0,0,2,0,2,6,N,N,N,Y,N,N,N,N,N,N,N,N,N,N,N,N,N,N,N,N,N,N,N,N,N,N,28.605865231,-81.385015614,462357.98016,3164380.692247,L,,ARBM15Q1R2,"June 10, 2023",2615426,-9059738.84277059,3325577.193883346
2020241243320,2020,241243320,2020TA012903,COUNTY SHERIFF'S OFFICE,05 FIFTH,ORANGE,"December 20, 2020",1421,MONDAY,7554 WINTER PARK,0754,Y,FAIRBANKS AVE W,OHIO ST,0,E,28.593147,-81.375366,28.5931771,-81.3752984,75006000,0.467,01035,SR 426,,R RIGHT,2 THRU LANE 2,E EAST,21 URBAN 4-5LN 2WY DIVD PAVD,03 STATE,01 NON-JUNCTION,01 ON ROADWAY,01 NOT AT INTERSECTION,03 CURB,40,"September 8, 2019",14 URBAN PRIN ART OTHER,22,PAVED,4,CURB&GUTTER,2,,0,12,42000,RCI,3,,35,2 POSSIBLE INJURY,31 Q/C COMPLETED - LOC VERIFIED,0 NO,01 NOT AT INTERSECTION/RRX/BRIDGE,01 DAYLIGHT,01 CLEAR,01 DRY,01 LEVEL,1 STRAIGHT,"TWO-WAY, NOT DIV, W/CONT LTURN","TWO-WAY, NOT DIVIDED",NO CONTROLS,NO CONTROLS,4,NONE,NOT CODED,NOT CODED,NONE,NOT CODED,NOT CODED,14 MOTOR VEHICLE IN TRANSPORT,01 FRONT TO REAR,01 STRAIGHT AHEAD,FOLLOWED TOO CLOSELY,NO CONTRIBUTING ACTION,00 NOT CODED,00 NOT CODED,00 NOT CODED,00 NOT CODED,01 NO,1,0,0,0,3,0,3,3,N,N,N,N,N,N,N,N,N,N,Y,N,N,N,N,N,N,N,N,N,N,N,N,N,N,N,28.593164644,-81.375513114,463282.60896,3162970.690877,C,,ARBM15Q1R2,"June 10, 2023",2615427,-9058681.028959211,3323966.893087302
2020241243350,2020,241243350,2020TA012981,COUNTY SHERIFF'S OFFICE,05 FIFTH,ORANGE,"December 21, 2020",2224,TUESDAY,7554 WINTER PARK,0754,Y,LEE RD,FREMONT AVE,0,,28.605908,-81.381621,28.605831,-81.3815352,75190000,8.876,06234,SR 423,,L LEFT,2 THRU LANE 2,W WEST,20 URBAN 4-5LN 2WY DIVD RASD,05 LOCAL,03 INTERSECTION-RELATED,01 ON ROADWAY,02 FOUR-WAY INTERSECTION,01 PAVED,40,"September 8, 2019",14 URBAN PRIN ART OTHER,22,PAVED,4,CURB&GUTTER,2,,0,27,39500,RCI,3.2,,45,2 POSSIBLE INJURY,31 Q/C COMPLETED - LOC VERIFIED,0 NO,02 AT INTERSECTION,04 DARK-LIGHTED,01 CLEAR,01 DRY,01 LEVEL,1 STRAIGHT,"TWO-WAY, DIVIDED, POSITIVE MED","TWO-WAY, DIVIDED, POSITIVE MED",NO CONTROLS,NO CONTROLS,4,NONE,NOT CODED,NOT CODED,NONE,NOT CODED,NOT CODED,14 MOTOR VEHICLE IN TRANSPORT,01 FRONT TO REAR,01 STRAIGHT AHEAD,FOLLOWED TOO CLOSELY,NO CONTRIBUTING ACTION,00 NOT CODED,00 NOT CODED,00 NOT CODED,00 NOT CODED,01 NO,1,0,0,0,2,0,2,2,N,N,N,Y,N,N,N,N,N,N,N,N,N,N,N,N,N,N,N,N,N,N,N,N,N,N,28.605906619,-81.381529325,462698.843384,3164384.185834,L,,ARBM15Q1R2,"June 10, 2023",2615428,-9059350.750732597,3325582.441827571
2020241243480,2020,241243480,2020TA013120,COUNTY SHERIFF'S OFFICE,05 FIFTH,ORANGE,"December 26, 2020",1839,SUNDAY,7554 WINTER PARK,0754,Y,OSCEOLA AVE,HENKEL CIR,0.076,E,28.597042,-81.339987,28.5963872,-81.3408784,75090000,0.668,06714,SR 426,,L LEFT,2 THRU LANE 2,E EAST,21 URBAN 4-5LN 2WY DIVD PAVD,03 STATE,01 NON-JUNCTION,01 ON ROADWAY,01 NOT AT INTERSECTION,03 CURB,41,"February 11, 2020",14 URBAN PRIN ART OTHER,20,CURB&GUTTER,2,,0,,0,12,38500,RCI,1.6,,30,1 NO INJURY,31 Q/C COMPLETED - LOC VERIFIED,0 NO,01 NOT AT INTERSECTION/RRX/BRIDGE,04 DARK-LIGHTED,01 CLEAR,01 DRY,01 LEVEL,2 CURVE RIGHT,"TWO-WAY, NOT DIVIDED",,NO CONTROLS,NOT CODED,4,NONE,NOT CODED,NOT CODED,NONE,NOT CODED,NOT CODED,24 CURB,00 NOT CODED,15 NEGOTIATING A CURVE,"OPER MV AGRSIVE, ERATIC, RCKLS",NOT CODED,00 NOT CODED,00 NOT CODED,00 NOT CODED,00 NOT CODED,01 NO,0,0,0,0,1,0,1,2,N,N,N,N,Y,N,Y,N,N,N,N,Y,N,N,N,N,N,N,N,N,N,N,N,N,N,N,28.59639688,-81.340859655,466672.040795,3163318.639029,C,,ARBM15Q1R2,"June 10, 2023",2615429,-9054823.422434067,3324376.688314818
2020241243190,2020,241243190,2020TA012739,COUNTY SHERIFF'S OFFICE,05 FIFTH,ORANGE,"December 15, 2020",1846,WEDNESDAY,7554 WINTER PARK,0754,Y,ORLANDO AVE S,NEW ENGLAND AVE W,0.003,S,28.595528,-81.36515,28.595732,-81.3651004,75030000,5.553,01660,SR 15,US 17,L LEFT,1 THRU LANE 1,0,21 URBAN 4-5LN 2WY DIVD PAVD,02 U.S.,01 NON-JUNCTION,01 ON ROADWAY,01 NOT AT INTERSECTION,03 CURB,39,"March 1, 2020",14 URBAN PRIN ART OTHER,26,PAVED,4,CURB&GUTTER,2,,0,14,37000,RCI,10,,35,2 POSSIBLE INJURY,31 Q/C COMPLETED - LOC VERIFIED,0 NO,01 NOT AT INTERSECTION/RRX/BRIDGE,04 DARK-LIGHTED,03 RAIN,02 WET,01 LEVEL,1 STRAIGHT,"TWO-WAY, NOT DIV, W/CONT LTURN","TWO-WAY, NOT DIV, W/CONT LTURN",NO CONTROLS,NO CONTROLS,4,NONE,NOT CODED,NOT CODED,NONE,NOT CODED,NOT CODED,14 MOTOR VEHICLE IN TRANSPORT,01 FRONT TO REAR,01 STRAIGHT AHEAD,FOLLOWED TOO CLOSELY,NO CONTRIBUTING ACTION,00 NOT CODED,00 NOT CODED,00 NOT CODED,00 NOT CODED,01 NO,1,0,0,0,2,0,2,2,N,N,N,N,N,N,N,N,N,N,N,N,N,N,N,N,N,N,N,N,N,N,N,N,N,N,28.595726726,-81.365107657,464300.92005,3163251.386512,C,,ARBM15Q1R2,"June 10, 2023",2615452,-9057522.698461885,3324291.722470822
2020240669460,2020,240669460,2020-00309247,COUNTY SHERIFF'S OFFICE,05 FIFTH,ORANGE,"September 30, 2020",2216,THURSDAY,7546 ORLANDO,0746,Y,I 4,COLONIAL DR,0.002,N,0,0,28.5529453,-81.3822823,75280000,18.311,01428,SR 400,I 4,R RIGHT,1 THRU LANE 1,E EAST,01 INTERSTATE URBAN,01 INTERSTATE,01 NON-JUNCTION,01 ON ROADWAY,01 NOT AT INTERSECTION,01 PAVED,27,"September 16, 2014",11 URBAN PRIN ART INT.,48,PAVED,10,CURB&GUTTER,2,,0,30,147500,RCI,6.8,2D0000,50,1 NO INJURY,31 Q/C COMPLETED - LOC VERIFIED,0 NO,01 NOT AT INTERSECTION/RRX/BRIDGE,04 DARK-LIGHTED,01 CLEAR,01 DRY,01 LEVEL,1 STRAIGHT,ONE-WAY TRAFFICWAY,ONE-WAY TRAFFICWAY,NO CONTROLS,NO CONTROLS,9,NONE,NOT CODED,NOT CODED,NONE,NOT CODED,NOT CODED,14 MOTOR VEHICLE IN TRANSPORT,"04 SIDESWIPE, SAME DIRECTION",01 STRAIGHT AHEAD,FAILED TO KEEP IN PROPER LANE,NO CONTRIBUTING ACTION,00 NOT CODED,00 NOT CODED,00 NOT CODED,00 NOT CODED,01 NO,0,0,0,0,2,0,2,2,N,N,N,N,Y,N,N,N,N,N,N,N,N,N,N,N,N,N,N,N,N,N,N,N,N,N,28.552971053,-81.38230249,462604.532871,3158519.91416,R,,ARBM15Q1R2,"June 10, 2023",2615889,-9059436.81895728,3318872.049914581
2020240669480,2020,240669480,2020-00336000,COUNTY SHERIFF'S OFFICE,05 FIFTH,ORANGE,"October 23, 2020",2030,SATURDAY,7546 ORLANDO,0746,Y,COLONIAL DR W,TEXAS AVE,0.028,E,0,0,0,0,75050000,15.148,05064,SR 50,,L LEFT,2 THRU LANE 2,W WEST,30 URBAN 6+LN 2WY DIVD RASD,05 LOCAL,01 NON-JUNCTION,01 ON ROADWAY,01 NOT AT INTERSECTION,03 CURB,34,"April 1, 2018",14 URBAN PRIN ART OTHER,36,PAVED,8,CURB&GUTTER,2,,0,41,38000,RCI,4.6,,45,4 INCAPACITATING INJURY,31 Q/C COMPLETED - LOC VERIFIED,0 NO,01 NOT AT INTERSECTION/RRX/BRIDGE,04 DARK-LIGHTED,01 CLEAR,01 DRY,01 LEVEL,1 STRAIGHT,"TWO-WAY, DIVIDED, POSITIVE MED",,NO CONTROLS,NOT CODED,6,NONE,NOT CODED,NOT CODED,NONE,NOT CODED,NOT CODED,10 PEDESTRIAN,77 OTHER (SEE NARRATIVE),01 STRAIGHT AHEAD,NO CONTRIBUTING ACTION,NOT CODED,00 NOT CODED,00 NOT CODED,00 NOT CODED,00 NOT CODED,01 NO,1,0,1,1,1,0,1,2,N,N,N,N,N,N,N,N,N,N,Y,N,Y,N,Y,N,N,N,N,N,N,N,N,N,N,N,28.552958486,-81.409233904,459970.16954,3158527.219536,L,,ARBM15Q1R2,"June 10, 2023",2615890,-9062434.811130904,3318870.457048535
2020883153890,2020,883153890,FHPK20OFF048179,FLORIDA HIGHWAY PATROL,08 TURNPIKE,ORANGE,"October 18, 2020",1809,MONDAY,7546 ORLANDO,0746,N,SR 91,I 4,0.095,N,28.4743988,-81.4483718,0,0,75470143,1.061,00465,SR 91,,L LEFT,X RAMP,S SOUTH,08 RAMP RURAL,06 TURNPIKE/TOLL,14 ENTRANCE/EXIT RAMP,01 ON ROADWAY,01 NOT AT INTERSECTION,01 PAVED,0,"December 31, 2000",,16,CURB W RESF,2,,2,,0,,16400,RCI,17.8,,,1 NO INJURY,31 Q/C COMPLETED - LOC VERIFIED,0 NO,07 ENTRANCE RAMP,01 DAYLIGHT,01 CLEAR,01 DRY,01 LEVEL,3 CURVE LEFT,"TWO-WAY, DIVIDED, POSITIVE MED",,NO CONTROLS,NOT CODED,1,NONE,NOT CODED,NOT CODED,NONE,NOT CODED,NOT CODED,30 CONCRETE TRAFFIC BARRIER,77 OTHER (SEE NARRATIVE),01 STRAIGHT AHEAD,OPERATED MV IN CARLESS OR NEGL,NOT CODED,00 NOT CODED,00 NOT CODED,00 NOT CODED,00 NOT CODED,01 NO,0,0,0,0,1,0,1,1,N,N,N,N,Y,N,N,N,N,N,Y,N,N,N,N,N,N,N,N,N,N,N,N,N,N,N,28.482273803,-81.44727383,456220.011146,3150709.684557,O,,ARBM15Q1R2,"June 10, 2023",2616149,-9066669.397358948,3309915.3512266995
2020883153900,2020,883153900,FHPK20OFF048835,FLORIDA HIGHWAY PATROL,08 TURNPIKE,ORANGE,"October 22, 2020",1456,FRIDAY,7546 ORLANDO,0746,N,SR 91,MILE MARKER #253,0,,28.3975447,-81.3912642,28.3979749,-81.391268,75470000,3.516,03307,SR 91,,M MEDIAN,M MIDDLE,N NORTH,03 TOLL ROAD URBAN,06 TURNPIKE/TOLL,01 NON-JUNCTION,04 MEDIAN,01 NOT AT INTERSECTION,01 PAVED,30,"March 15, 2017",12 URBAN PRIN ART EXPR.,24,PAVED WARN,10,VALLEY GUTR,3.5,,0,40,77400,RCI,17.8,,70,1 NO INJURY,31 Q/C COMPLETED - LOC VERIFIED,0 NO,01 NOT AT INTERSECTION/RRX/BRIDGE,01 DAYLIGHT,03 RAIN,02 WET,01 LEVEL,1 STRAIGHT,"TWO-WAY, DIVIDED, POSITIVE MED",,NO CONTROLS,NOT CODED,4,"RD SURFC (WET, ICY, SNOW, ETC)",NOT CODED,NOT CODED,WEATHER CONDITIONS,NOT CODED,NOT CODED,30 CONCRETE TRAFFIC BARRIER,77 OTHER (SEE NARRATIVE),01 STRAIGHT AHEAD,OPERATED MV IN CARLESS OR NEGL,NOT CODED,04 ACTIVITY AREA,03 WORK ON SHOULDER OR MEDIAN,01 NO,01 NO,01 NO,0,0,0,0,1,0,1,1,N,Y,N,N,Y,N,N,N,N,N,Y,N,N,N,N,N,N,N,N,N,Y,N,N,N,N,N,28.397930613,-81.391263466,461672.070989,3141346.703673,R,,ARBM15Q1R2,"June 10, 2023",2616150,-9060434.349991625,3299237.6760491873
2020883153820,2020,883153820,FHPK20OFF045711,FLORIDA HIGHWAY PATROL,05 FIFTH,ORANGE,"October 5, 2020",1623,TUESDAY,7552 WINTER GARDEN,0752,N,SR 429,MILE MARKER #23 R,1,N,28.5711476,-81.5570259,28.5706054,-81.5566974,75320000,31.091,03394,SR 429,,L LEFT,1 THRU LANE 1,S SOUTH,03 TOLL ROAD URBAN,06 TURNPIKE/TOLL,01 NON-JUNCTION,01 ON ROADWAY,01 NOT AT INTERSECTION,01 PAVED,37,"November 11, 2019",12 URBAN PRIN ART EXPR.,24,PAVED WARN,8,VALLEY GUTR,3,,0,64,77500,RCI,10.5,,70,1 NO INJURY,31 Q/C COMPLETED - LOC VERIFIED,0 NO,01 NOT AT INTERSECTION/RRX/BRIDGE,01 DAYLIGHT,01 CLEAR,01 DRY,01 LEVEL,1 STRAIGHT,"TWO-WAY, DIVIDED, POSITIVE MED","TWO-WAY, DIVIDED, POSITIVE MED",NO CONTROLS,NO CONTROLS,4,NONE,NOT CODED,NOT CODED,NONE,NOT CODED,NOT CODED,14 MOTOR VEHICLE IN TRANSPORT,03 ANGLE,06 CHANGING LANES,OTHER CONTRIBUTING ACTION,NO CONTRIBUTING ACTION,00 NOT CODED,00 NOT CODED,00 NOT CODED,00 NOT CODED,01 NO,0,0,0,0,2,0,2,2,N,N,N,N,N,N,N,N,N,N,Y,N,N,N,N,N,N,N,N,N,N,N,N,N,N,N,28.570493714,-81.556976865,445527.282571,3160528.14134,L,,ARBM15Q1R2,"June 10, 2023",2616176,-9078881.487127062,3321092.9403942185
2020883153830,2020,883153830,FHPK20OFF045730,FLORIDA HIGHWAY PATROL,05 FIFTH,ORANGE,"October 5, 2020",1805,TUESDAY,7552 WINTER GARDEN,0752,N,SR 429,MILE MARKER #19 R,0,,28.5224307,-81.5793205,28.5155435,-81.5914887,75320000,26.068,03975,SR 429,,L LEFT,R RIGHT TURN,S SOUTH,03 TOLL ROAD URBAN,06 TURNPIKE/TOLL,01 NON-JUNCTION,01 ON ROADWAY,01 NOT AT INTERSECTION,01 PAVED,39,"November 11, 2019",12 URBAN PRIN ART EXPR.,24,PAVED WARN,10,LAWN,12,,0,64,49000,RCI,4.5,1D15,70,1 NO INJURY,31 Q/C COMPLETED - LOC VERIFIED,0 NO,01 NOT AT INTERSECTION/RRX/BRIDGE,01 DAYLIGHT,01 CLEAR,01 DRY,01 LEVEL,1 STRAIGHT,"TWO-WAY, DIVIDED, POSITIVE MED","TWO-WAY, DIVIDED, POSITIVE MED",NO CONTROLS,NO CONTROLS,4,NONE,NOT CODED,NOT CODED,NONE,NOT CODED,NOT CODED,14 MOTOR VEHICLE IN TRANSPORT,01 FRONT TO REAR,01 STRAIGHT AHEAD,OPERATED MV IN CARLESS OR NEGL,NO CONTRIBUTING ACTION,00 NOT CODED,00 NOT CODED,00 NOT CODED,00 NOT CODED,01 NO,0,0,0,0,2,0,2,2,N,N,N,N,N,N,N,N,N,N,Y,N,N,N,N,N,N,N,N,N,N,N,N,N,N,N,28.515707221,-81.592099936,442062.185448,3154474.974781,L,,ARBM15Q1R2,"June 10, 2023",2616177,-9082791.37053391,3314150.3122779024
2020883153840,2020,883153840,FHPK20OFF046294,FLORIDA HIGHWAY PATROL,08 TURNPIKE,ORANGE,"October 8, 2020",1652,FRIDAY,7552 WINTER GARDEN,0752,N,SR 91,MILE MARKER #271,0,,28.5449827,-81.6073026,28.5452083,-81.6026875,75470000,21.513,08855,SR 91,,R RIGHT,4 THRU LANE 4,N NORTH,03 TOLL ROAD URBAN,06 TURNPIKE/TOLL,01 NON-JUNCTION,01 ON ROADWAY,01 NOT AT INTERSECTION,01 PAVED,41,"August 23, 2020",12 URBAN PRIN ART EXPR.,48,PAVED WARN,11,LAWN,12,,0,26,102500,RCI,17.8,,70,1 NO INJURY,31 Q/C COMPLETED - LOC VERIFIED,0 NO,01 NOT AT INTERSECTION/RRX/BRIDGE,01 DAYLIGHT,03 RAIN,02 WET,01 LEVEL,1 STRAIGHT,"TWO-WAY, DIVIDED, POSITIVE MED","TWO-WAY, DIVIDED, POSITIVE MED",NO CONTROLS,NO CONTROLS,8,"RD SURFC (WET, ICY, SNOW, ETC)",NOT CODED,NOT CODED,WEATHER CONDITIONS,NOT CODED,NOT CODED,14 MOTOR VEHICLE IN TRANSPORT,01 FRONT TO REAR,01 STRAIGHT AHEAD,OPERATED MV IN CARLESS OR NEGL,NO CONTRIBUTING ACTION,00 NOT CODED,00 NOT CODED,00 NOT CODED,00 NOT CODED,01 NO,0,0,0,0,6,0,6,6,N,N,Y,N,N,N,N,N,N,N,Y,N,N,N,N,N,N,N,N,N,Y,N,N,N,N,N,28.545217472,-81.602731802,441038.248841,3157749.508321,R,,ARBM15Q1R2,"June 10, 2023",2616178,-9083974.904904673,3317889.4475597567
2020883153850,2020,883153850,FHPK20OFF046329,FLORIDA HIGHWAY PATROL,08 TURNPIKE,ORANGE,"October 8, 2020",1653,FRIDAY,7552 WINTER GARDEN,0752,N,SR 91,MILE MARKER #271,0,,28.5452505,-81.6065502,28.5452083,-81.6026875,75470000,21.513,08855,SR 91,,R RIGHT,4 THRU LANE 4,N NORTH,03 TOLL ROAD URBAN,06 TURNPIKE/TOLL,01 NON-JUNCTION,01 ON ROADWAY,01 NOT AT INTERSECTION,01 PAVED,41,"August 23, 2020",12 URBAN PRIN ART EXPR.,48,PAVED WARN,11,LAWN,12,,0,26,102500,RCI,17.8,,70,1 NO INJURY,31 Q/C COMPLETED - LOC VERIFIED,0 NO,01 NOT AT INTERSECTION/RRX/BRIDGE,01 DAYLIGHT,03 RAIN,02 WET,01 LEVEL,1 STRAIGHT,"TWO-WAY, DIVIDED, POSITIVE MED","TWO-WAY, DIVIDED, POSITIVE MED",NO CONTROLS,NO CONTROLS,8,"RD SURFC (WET, ICY, SNOW, ETC)",NOT CODED,NOT CODED,WEATHER CONDITIONS,NOT CODED,NOT CODED,14 MOTOR VEHICLE IN TRANSPORT,01 FRONT TO REAR,01 STRAIGHT AHEAD,NO CONTRIBUTING ACTION,NO CONTRIBUTING ACTION,00 NOT CODED,00 NOT CODED,00 NOT CODED,00 NOT CODED,01 NO,0,0,0,0,3,0,3,3,N,N,N,N,N,N,N,N,N,N,N,N,N,N,N,N,N,N,N,N,N,Y,Y,N,N,N,28.545217472,-81.602731802,441038.248841,3157749.508321,R,,ARBM15Q1R2,"June 10, 2023",2616179,-9083974.904904673,3317889.4475597567
2020883153860,2020,883153860,FHPK20OFF047543,FLORIDA HIGHWAY PATROL,08 TURNPIKE,ORANGE,"October 15, 2020",1609,FRIDAY,7546 ORLANDO,0746,N,SR 91,MILE MARKER #251,0,,28.3583293,-81.3873232,28.3691154,-81.3895558,75470000,1.523,04958,SR 91,,L LEFT,2 THRU LANE 2,S SOUTH,03 TOLL ROAD URBAN,06 TURNPIKE/TOLL,01 NON-JUNCTION,01 ON ROADWAY,01 NOT AT INTERSECTION,01 PAVED,30,"March 15, 2017",12 URBAN PRIN ART EXPR.,24,PAVED WARN,12,LAWN,0,,0,40,77400,RCI,17.8,,70,3 NO-INCAPACITATING INJURY,31 Q/C COMPLETED - LOC VERIFIED,0 NO,01 NOT AT INTERSECTION/RRX/BRIDGE,01 DAYLIGHT,01 CLEAR,01 DRY,01 LEVEL,1 STRAIGHT,"TWO-WAY, DIVIDED, POSITIVE MED","TWO-WAY, DIVIDED, POSITIVE MED",NO CONTROLS,NO CONTROLS,4,NONE,NOT CODED,NOT CODED,NONE,NOT CODED,NOT CODED,14 MOTOR VEHICLE IN TRANSPORT,01 FRONT TO REAR,01 STRAIGHT AHEAD,OPERATED MV IN CARLESS OR NEGL,NO CONTRIBUTING ACTION,00 NOT CODED,00 NOT CODED,00 NOT CODED,00 NOT CODED,01 NO,1,0,0,0,4,0,4,4,N,N,N,N,N,N,N,N,N,N,Y,N,N,N,N,N,N,N,N,N,N,N,N,N,N,N,28.369041158,-81.389759717,461809.02894,3138145.772981,L,,ARBM15Q1R2,"June 10, 2023",2616180,-9060266.953322602,3295582.285098774