Crash Id,Calendar Year,FDOT Crash Number,Reporting Agency Case Number,Reporting Agency Type,FDOT Managing District,County Name,Crash Date,Crash Time,Day,DHSMV City,Crash Report City Code,In Town,On Roadway Name,Int Roadway Name,Reference Distance (Miles),Reference Direction,Officer Latitude,Officer Longitude,FDOT Latitude,FDOT Longitude,FDOT Roadway,Nearest Inventory MP,Nearest Node From Crash,State Road #,US Highway,Crash Side of Road,Accident Lane Number,Travel Direction Vehicle 1,FDOT Road Category,DHSMV Road System Id,Relation to Junction,Crash Harmful Event Location,Intersection Type,Shoulder Type,FDOT Roadway SKID Test Result,FDOT Roadway SKID Test Date,Functional Class,RCI Surface Width,RCI Shoulder Type First,RCI Shoulder Width First,RCI Shoulder Type Second,RCI Shoulder Width Second,RCI Shoulder Type Third,RCI Shoulder Width Third,RCI Median Width,Avg Daily Traffic,AADT Source,RCI Avg Per Truck Traffic,RCI Horiz Curve Condition,Posted Speed Limit,Highest Injury in Crash,CAR Status Code,Alcohols/Drug Involved,Site Location,Lighting,Weather,Road Surface,Roadway Grade,Roadway Alignment,Traffic Way Vehicle 1,Traffic Way Vehicle 2,Traffic Control Vehicle 1,Traffic Control Vehicle 2,Count of Lanes,Road Condition 1,Road Condition 2,Road Condition 3,Environment Condition 1,Environment Condition 2,Environment Condition 3,Crash Harmful Event,Manner of Collision,Vehicle Movement,Driver Action Vehicle 1,Driver Action Vehicle 2,Location Within Workzone,Type of Workzone,Workers Present in Workzone,Law Enforcement Present in Workzone,School Bus Related,Count of Nonfatal Injuries,Count of Traffic Fatalities,Count of Serious Injuries,Count of Pedestrians,Count of Drivers,Count of Bicyclists,Count of Vehicles,Count of Persons,Wrong Way,Workzone Inv,Commercial Vehicle Inv,Intersection Inv,Lane Departure,Speeding,Agressive Driving,Impaired Driver,Impaired Pedestrian,Impaired Bicyclist,Distracted Driver,Speeding or Aggressive Driving,Pedestrian Related,Bicyclist Related,Pedestrian or Bicyclist Related,Motorcycle Inv,No Belt,No Belt - Ages 1-4,No Belt - Ages 5-12,No Belt - Ages 13-17,Driver - Ages Teen,Driver - Ages 65 plus,Driver - Ages 65-69,Driver - Ages 70-74,Driver - Ages 75-79,Driver - Ages 80 plus,ARBM Latitude,ARBM Longitude,UTM Zone 17N X,UTM Zone 17N Y,ARBM Side of Road,Urban Rural Indicator,GIS Street Source,Extract Date,OBJECTID,x,y
2020241242000,2020,241242000,2020TA010345,COUNTY SHERIFF'S OFFICE,05 FIFTH,ORANGE,"October 17, 2020",1315,SUNDAY,7554 WINTER PARK,0754,Y,ORLANDO AVE S,BEACHVIEW AVE,0.007,S,28.596432,-81.365192,0,0,75030000,5.615,00978,SR 15,US 17,L LEFT,S SIDE OF ROAD,S SOUTH,21 URBAN 4-5LN 2WY DIVD PAVD,02 U.S.,03 INTERSECTION-RELATED,01 ON ROADWAY,03 T-INTERSECTION,03 CURB,39,"March 1, 2020",14 URBAN PRIN ART OTHER,26,PAVED,4,CURB&GUTTER,2,,0,14,37000,RCI,10,,35,4 INCAPACITATING INJURY,31 Q/C COMPLETED - LOC VERIFIED,0 NO,03 INFLUENCED BY INTERSECTION,01 DAYLIGHT,02 CLOUDY,01 DRY,01 LEVEL,1 STRAIGHT,"TWO-WAY, NOT DIV, W/CONT LTURN",,NO CONTROLS,NOT CODED,4,NONE,NOT CODED,NOT CODED,NONE,NOT CODED,NOT CODED,11 PEDALCYCLE,00 NOT CODED,10 MAKING U-TURN,NO CONTRIBUTING ACTION,NOT CODED,00 NOT CODED,00 NOT CODED,00 NOT CODED,00 NOT CODED,01 NO,1,0,1,0,1,1,1,3,N,N,N,Y,N,N,N,N,N,N,N,N,N,Y,Y,N,N,N,N,N,N,N,N,N,N,N,28.596631228,-81.365126894,464299.344798,3163351.598471,C,,ARBM15Q1R2,"June 10, 2023",2619426,-9057524.839922396,3324406.400264046
2020240929260,2020,240929260,OCPD20OFF003834,COUNTY SHERIFF'S OFFICE,05 FIFTH,ORANGE,"October 2, 2020",2000,SATURDAY,7542 OCOEE,0742,Y,SILVER STAR RD,OCOEE APOPKA RD,0,,28.57442,-81.5507099,28.5735975,-81.5506862,75250000,0,00051,SR 438,,L LEFT,1 THRU LANE 1,0,14 SUBURBAN 2-3LN 2WY DIVD PAVD,03 STATE,02 INTERSECTION,01 ON ROADWAY,02 FOUR-WAY INTERSECTION,01 PAVED,39,"September 8, 2019",16 URBAN MINOR ART,12,PAVED,4,LAWN,2,,0,12,14200,RCI,6.1,,35,1 NO INJURY,31 Q/C COMPLETED - LOC VERIFIED,0 NO,02 AT INTERSECTION,04 DARK-LIGHTED,03 RAIN,02 WET,01 LEVEL,1 STRAIGHT,"TWO-WAY, NOT DIV, W/CONT LTURN","TWO-WAY, NOT DIV, W/CONT LTURN",TRAFFIC CONTROL SIGNAL,TRAFFIC CONTROL SIGNAL,2,"RD SURFC (WET, ICY, SNOW, ETC)",NOT CODED,NOT CODED,WEATHER CONDITIONS,NOT CODED,NOT CODED,14 MOTOR VEHICLE IN TRANSPORT,01 FRONT TO REAR,00 NOT CODED,NOT CODED,NO CONTRIBUTING ACTION,00 NOT CODED,00 NOT CODED,00 NOT CODED,00 NOT CODED,01 NO,0,0,0,0,1,0,2,2,N,N,N,Y,N,N,N,N,N,N,N,N,N,N,N,N,N,N,N,N,N,N,N,N,N,N,28.573614653,-81.55068684,446144.0511,3160871.0575,C,,ARBM15Q1R2,"June 10, 2023",2619804,-9078181.284630403,3321488.539349147
2020240931770,2020,240931770,OCPD20OFF004376,COUNTY SHERIFF'S OFFICE,05 FIFTH,ORANGE,"November 11, 2020",1740,THURSDAY,7542 OCOEE,0742,Y,SR 429,SR 438,0,,28.5720099,-81.5506599,28.5718207,-81.5560826,75320001,0.491,04039,SR 429,,R RIGHT,X RAMP,0,07 RAMP URBAN,05 LOCAL,02 INTERSECTION,01 ON ROADWAY,03 T-INTERSECTION,03 CURB,0,"December 31, 2000",,24,PAVED,4,LAWN,12,,0,,5200,RCI,4.1,,,1 NO INJURY,31 Q/C COMPLETED - LOC VERIFIED,0 NO,08 EXIT RAMP,06 DARK-UNKNOWN LIGHTING,02 CLOUDY,01 DRY,00 NOT CODED,0 NOT CODED,ONE-WAY TRAFFICWAY,ONE-WAY TRAFFICWAY,TRAFFIC CONTROL SIGNAL,TRAFFIC CONTROL SIGNAL,2,NONE,NOT CODED,NOT CODED,NONE,NOT CODED,NOT CODED,14 MOTOR VEHICLE IN TRANSPORT,01 FRONT TO REAR,00 NOT CODED,NOT CODED,NO CONTRIBUTING ACTION,00 NOT CODED,00 NOT CODED,00 NOT CODED,00 NOT CODED,01 NO,0,0,0,0,1,0,2,1,N,N,N,N,N,N,N,N,N,N,N,N,N,N,N,N,N,N,N,N,N,N,N,N,N,N,28.57182203,-81.556105084,445613.2279,3160674.9057,O,,ARBM15Q1R2,"June 10, 2023",2619805,-9078784.440951157,3321261.3115085093
2020240931800,2020,240931800,OCPD20OFF004301,COUNTY SHERIFF'S OFFICE,05 FIFTH,ORANGE,"November 5, 2020",0600,FRIDAY,7542 OCOEE,0742,Y,SILVER STAR RD W,CIRCLE KEY DR W,0.019,E,28.57368,-81.54797,28.5736927,-81.5476846,75250000,0.183,02258,SR 438,,L LEFT,S SIDE OF ROAD,E EAST,15 SUBURBAN 2-3LN 2WY UNDIVD,05 LOCAL,04 DRIVEWAY/ALLEY ACCESS RELATED,02 OFF ROADWAY,03 T-INTERSECTION,02 UNPAVED,39,"September 8, 2019",16 URBAN MINOR ART,24,PAVED,4,LAWN,12,,0,,14200,RCI,6.1,,35,1 NO INJURY,31 Q/C COMPLETED - LOC VERIFIED,0 NO,04 DRIVEWAY ACCESS,06 DARK-UNKNOWN LIGHTING,01 CLEAR,01 DRY,01 LEVEL,1 STRAIGHT,"TWO-WAY, NOT DIVIDED",,NO CONTROLS,NOT CODED,2,NONE,NOT CODED,NOT CODED,NONE,NOT CODED,NOT CODED,18 OTHER NON-FIXED OBJECT,77 OTHER (SEE NARRATIVE),03 TURNING LEFT,RAN OFF ROADWAY,NOT CODED,00 NOT CODED,00 NOT CODED,00 NOT CODED,00 NOT CODED,01 NO,0,0,0,0,1,0,1,1,N,N,N,N,Y,N,N,N,N,N,Y,N,N,N,N,N,N,N,N,N,N,N,N,N,N,N,28.573696061,-81.547679738,446438.185217,3160878.728201,C,,ARBM15Q1R2,"June 10, 2023",2619806,-9077846.535395376,3321498.8585229777
2020240712400,2020,240712400,2020-00412063,COUNTY SHERIFF'S OFFICE,05 FIFTH,ORANGE,"December 30, 2020",1300,THURSDAY,7546 ORLANDO,0746,Y,SR 50,LAKE DOT CIR R,0,,0,0,28.5529729,-81.3872059,75060000,0.511,05087,SR 50,US 17,R RIGHT,2 THRU LANE 2,0,20 URBAN 4-5LN 2WY DIVD RASD,03 STATE,01 NON-JUNCTION,01 ON ROADWAY,03 T-INTERSECTION,03 CURB,33,"September 9, 2019",14 URBAN PRIN ART OTHER,22,PAVED,6,CURB&GUTTER,2,,0,12,36000,RCI,4.8,0D25,40,3 NO-INCAPACITATING INJURY,31 Q/C COMPLETED - LOC VERIFIED,0 NO,02 AT INTERSECTION,04 DARK-LIGHTED,01 CLEAR,01 DRY,00 NOT CODED,0 NOT CODED,NOT CODED,,NOT CODED,NOT CODED,4,NONE,NOT CODED,NOT CODED,NONE,NOT CODED,NOT CODED,10 PEDESTRIAN,77 OTHER (SEE NARRATIVE),00 NOT CODED,NOT CODED,NOT CODED,00 NOT CODED,00 NOT CODED,00 NOT CODED,00 NOT CODED,01 NO,1,0,0,1,0,0,1,1,N,N,N,Y,N,N,N,N,N,N,N,N,Y,N,Y,N,N,N,N,N,N,N,N,N,N,N,28.552994653,-81.387218733,462123.648002,3158524.072265,C,,ARBM15Q1R2,"June 10, 2023",2619825,-9059984.09277975,3318875.0408041053
2020240698850,2020,240698850,2020-00378745,COUNTY SHERIFF'S OFFICE,05 FIFTH,ORANGE,"November 30, 2020",0853,TUESDAY,7546 ORLANDO,0746,Y,RALEIGH ST,SR 435,0.028,W,0,0,28.5278852,-81.4592608,75270000,5.4,00127,SR 435,,T SIDE RD LEFT,L LEFT TURN,0,33 SUBURBAN 6+LN 2WY DIVD RASD,05 LOCAL,03 INTERSECTION-RELATED,01 ON ROADWAY,01 NOT AT INTERSECTION,03 CURB,28,"March 14, 2017",14 URBAN PRIN ART OTHER,36,PAVED,5,LAWN,7,,0,40,59500,RCI,6.1,,50,2 POSSIBLE INJURY,31 Q/C COMPLETED - LOC VERIFIED,0 NO,03 INFLUENCED BY INTERSECTION,01 DAYLIGHT,01 CLEAR,01 DRY,00 NOT CODED,0 NOT CODED,NOT CODED,"TWO-WAY, DIVIDED, POSITIVE MED",NOT CODED,TRAFFIC CONTROL SIGNAL,6,NONE,NOT CODED,NOT CODED,NONE,NOT CODED,NOT CODED,14 MOTOR VEHICLE IN TRANSPORT,01 FRONT TO REAR,00 NOT CODED,NOT CODED,NO CONTRIBUTING ACTION,00 NOT CODED,00 NOT CODED,00 NOT CODED,00 NOT CODED,01 NO,1,0,0,0,1,0,2,1,N,N,N,Y,N,N,N,N,N,N,N,N,N,N,N,N,N,N,N,N,N,N,N,N,N,N,28.527928257,-81.459386869,455053.704539,3155771.999291,L,,ARBM15Q1R2,"June 10, 2023",2619842,-9068017.815166583,3315698.6682726773
2020240698860,2020,240698860,2020-00372925,COUNTY SHERIFF'S OFFICE,05 FIFTH,ORANGE,"November 24, 2020",1300,WEDNESDAY,7546 ORLANDO,0746,Y,I 4,SOUTH ST W,0.095,N,0,0,28.539573,-81.3818235,75280000,17.389,04835,SR 400,I 4,R RIGHT,2 THRU LANE 2,E EAST,01 INTERSTATE URBAN,01 INTERSTATE,01 NON-JUNCTION,01 ON ROADWAY,01 NOT AT INTERSECTION,01 PAVED,27,"September 16, 2014",11 URBAN PRIN ART INT.,48,PAVED,10,LAWN,2,,0,90,148000,RCI,6.8,2D3000,50,2 POSSIBLE INJURY,31 Q/C COMPLETED - LOC VERIFIED,0 NO,01 NOT AT INTERSECTION/RRX/BRIDGE,01 DAYLIGHT,01 CLEAR,01 DRY,01 LEVEL,1 STRAIGHT,"TWO-WAY, DIVIDED, POSITIVE MED","TWO-WAY, DIVIDED, POSITIVE MED",NO CONTROLS,NO CONTROLS,8,NONE,NOT CODED,NOT CODED,NONE,NOT CODED,NOT CODED,14 MOTOR VEHICLE IN TRANSPORT,01 FRONT TO REAR,01 STRAIGHT AHEAD,FOLLOWED TOO CLOSELY,NO CONTRIBUTING ACTION,04 ACTIVITY AREA,03 WORK ON SHOULDER OR MEDIAN,88 UNKNOWN,01 NO,01 NO,3,0,0,0,3,0,3,5,N,Y,N,N,N,N,N,N,N,N,Y,N,N,N,N,N,N,N,N,N,N,N,N,N,N,N,28.539591566,-81.381866482,462642.461103,3157037.527293,R,,ARBM15Q1R2,"June 10, 2023",2619843,-9059388.282689052,3317176.529719453
2020240694360,2020,240694360,2020-00372176,COUNTY SHERIFF'S OFFICE,05 FIFTH,ORANGE,"November 24, 2020",1913,WEDNESDAY,7546 ORLANDO,0746,Y,SR 408,MILLS AVE,0.028,E,0,0,28.5371822,-81.3638575,75008000,6.385,01167,SR 408,,R RIGHT,1 THRU LANE 1,E EAST,03 TOLL ROAD URBAN,03 STATE,01 NON-JUNCTION,01 ON ROADWAY,01 NOT AT INTERSECTION,01 PAVED,37,"March 2, 2020",12 URBAN PRIN ART EXPR.,48,PAVED WARN,8,,0,,0,35,159500,RCI,4.5,1D3000,55,1 NO INJURY,31 Q/C COMPLETED - LOC VERIFIED,0 NO,01 NOT AT INTERSECTION/RRX/BRIDGE,04 DARK-LIGHTED,01 CLEAR,01 DRY,01 LEVEL,1 STRAIGHT,"TWO-WAY, DIVIDED, POSITIVE MED","TWO-WAY, DIVIDED, POSITIVE MED",NO CONTROLS,NO CONTROLS,9,NONE,NOT CODED,NOT CODED,NONE,NOT CODED,NOT CODED,14 MOTOR VEHICLE IN TRANSPORT,01 FRONT TO REAR,01 STRAIGHT AHEAD,OPERATED MV IN CARLESS OR NEGL,NO CONTRIBUTING ACTION,00 NOT CODED,00 NOT CODED,00 NOT CODED,00 NOT CODED,01 NO,0,0,0,0,2,0,2,2,N,N,N,N,N,N,N,N,N,N,Y,N,N,N,N,N,N,N,N,N,N,N,N,N,N,N,28.537162151,-81.363869135,464402.316636,3156762.910032,R,,ARBM15Q1R2,"June 10, 2023",2619844,-9057384.826595621,3316868.684395818
2020240694370,2020,240694370,2020-00367973,COUNTY SHERIFF'S OFFICE,05 FIFTH,ORANGE,"November 19, 2020",2107,FRIDAY,7546 ORLANDO,0746,Y,CURRY FORD RD,WOODGATE BLVD,0,,0,0,28.518479,-81.2967103,75012000,2.171,02380,SR 552,,L LEFT,2 THRU LANE 2,W WEST,20 URBAN 4-5LN 2WY DIVD RASD,04 COUNTY,01 NON-JUNCTION,01 ON ROADWAY,02 FOUR-WAY INTERSECTION,03 CURB,36,"February 11, 2020",16 URBAN MINOR ART,22,CURB&GUTTER,2,,0,,0,22,35000,RCI,2.6,,45,2 POSSIBLE INJURY,31 Q/C COMPLETED - LOC VERIFIED,0 NO,02 AT INTERSECTION,04 DARK-LIGHTED,01 CLEAR,01 DRY,01 LEVEL,1 STRAIGHT,"TWO-WAY, DIVIDED, POSITIVE MED",,NO CONTROLS,NOT CODED,4,NONE,NOT CODED,NOT CODED,NONE,NOT CODED,NOT CODED,10 PEDESTRIAN,03 ANGLE,01 STRAIGHT AHEAD,NO CONTRIBUTING ACTION,NOT CODED,00 NOT CODED,00 NOT CODED,00 NOT CODED,00 NOT CODED,01 NO,1,0,0,1,1,0,1,2,N,N,N,Y,N,N,N,N,N,N,N,N,Y,N,Y,N,N,N,N,N,N,N,N,N,N,N,28.518523135,-81.296654904,470972.882192,3154679.888343,L,,ARBM15Q1R2,"June 10, 2023",2619845,-9049902.570344444,3314507.0621400233
2020240694390,2020,240694390,2020-00359465,COUNTY SHERIFF'S OFFICE,05 FIFTH,ORANGE,"November 12, 2020",1834,FRIDAY,7546 ORLANDO,0746,Y,SR 50,MERCY DR,0,,0,0,28.5526443,-81.4302433,75050000,13.872,02146,SR 50,,L LEFT,3 THRU LANE 3,E EAST,30 URBAN 6+LN 2WY DIVD RASD,03 STATE,01 NON-JUNCTION,01 ON ROADWAY,02 FOUR-WAY INTERSECTION,01 PAVED,34,"April 1, 2018",14 URBAN PRIN ART OTHER,36,PAVED,8,CURB&GUTTER,2,,0,41,42000,RCI,4.7,,45,1 NO INJURY,31 Q/C COMPLETED - LOC VERIFIED,0 NO,02 AT INTERSECTION,04 DARK-LIGHTED,01 CLEAR,01 DRY,01 LEVEL,1 STRAIGHT,"TWO-WAY, DIVIDED, UNPROTECTED","TWO-WAY, DIVIDED, UNPROTECTED",TRAFFIC CONTROL SIGNAL,TRAFFIC CONTROL SIGNAL,6,NONE,NOT CODED,NOT CODED,NONE,NOT CODED,NOT CODED,14 MOTOR VEHICLE IN TRANSPORT,03 ANGLE,03 TURNING LEFT,FAILED TO YIELD RIGHT-OF-WAY,NO CONTRIBUTING ACTION,00 NOT CODED,00 NOT CODED,00 NOT CODED,00 NOT CODED,01 NO,0,0,0,0,2,0,2,4,N,N,N,Y,N,N,N,N,N,N,N,N,N,N,N,N,N,N,N,N,N,N,N,N,N,N,28.552754655,-81.4302424,457915.090134,3158511.833702,L,,ARBM15Q1R2,"June 10, 2023",2619846,-9064773.466963323,3318844.6248372262
2020240694450,2020,240694450,2020-00374899,COUNTY SHERIFF'S OFFICE,05 FIFTH,ORANGE,"November 26, 2020",1626,FRIDAY,7546 ORLANDO,0746,Y,CURRY FORD RD,TERRE CIA AVE,0.019,W,0,0,0,0,75012000,1.12,06813,SR 552,,R RIGHT,2 THRU LANE 2,0,20 URBAN 4-5LN 2WY DIVD RASD,03 STATE,02 INTERSECTION,01 ON ROADWAY,03 T-INTERSECTION,03 CURB,36,"February 11, 2020",16 URBAN MINOR ART,22,CURB&GUTTER,2,,0,,0,15,31500,RCI,3.8,8D00,40,4 INCAPACITATING INJURY,31 Q/C COMPLETED - LOC VERIFIED,0 NO,04 DRIVEWAY ACCESS,01 DAYLIGHT,01 CLEAR,01 DRY,00 NOT CODED,0 NOT CODED,NOT CODED,,NOT CODED,NOT CODED,4,NONE,NOT CODED,NOT CODED,NONE,NOT CODED,NOT CODED,10 PEDESTRIAN,77 OTHER (SEE NARRATIVE),00 NOT CODED,NOT CODED,NOT CODED,00 NOT CODED,00 NOT CODED,00 NOT CODED,00 NOT CODED,01 NO,1,0,1,1,0,0,1,1,N,N,N,N,N,N,N,N,N,N,N,N,Y,N,Y,N,N,N,N,N,N,N,N,N,N,N,28.52425392,-81.312594433,469414.87523,3155318.729433,R,,ARBM15Q1R2,"June 10, 2023",2619847,-9051676.951230453,3315233.1261948636
2020240675080,2020,240675080,2020-00313377,COUNTY SHERIFF'S OFFICE,05 FIFTH,ORANGE,"October 4, 2020",1315,MONDAY,7546 ORLANDO,0746,Y,SR 416,HANSROB RD,0,,0,0,28.5781321,-81.4152526,75250000,8.51,06027,SR 416,,L LEFT,1 THRU LANE 1,E EAST,14 SUBURBAN 2-3LN 2WY DIVD PAVD,03 STATE,02 INTERSECTION,01 ON ROADWAY,02 FOUR-WAY INTERSECTION,02 UNPAVED,34,"September 8, 2019",16 URBAN MINOR ART,12,PAVED,4,LAWN,6,,0,10,9200,RCI,6.1,,40,1 NO INJURY,31 Q/C COMPLETED - LOC VERIFIED,0 NO,02 AT INTERSECTION,01 DAYLIGHT,01 CLEAR,01 DRY,01 LEVEL,1 STRAIGHT,"TWO-WAY, NOT DIV, W/CONT LTURN","TWO-WAY, NOT DIV, W/CONT LTURN",NO CONTROLS,TRAFFIC CONTROL SIGNAL,2,NONE,NOT CODED,NOT CODED,NONE,NOT CODED,NOT CODED,14 MOTOR VEHICLE IN TRANSPORT,03 ANGLE,03 TURNING LEFT,OPERATED MV IN CARLESS OR NEGL,NO CONTRIBUTING ACTION,00 NOT CODED,00 NOT CODED,00 NOT CODED,00 NOT CODED,01 NO,0,0,0,0,2,0,2,2,N,N,Y,Y,N,N,N,N,N,N,N,N,N,N,N,N,N,N,N,N,Y,N,N,N,N,N,28.578115447,-81.415193209,459396.902814,3161316.260403,C,,ARBM15Q1R2,"June 10, 2023",2619850,-9063098.19826126,3322059.064843272
2020240677130,2020,240677130,2020-00316059,COUNTY SHERIFF'S OFFICE,05 FIFTH,ORANGE,"October 8, 2020",1745,FRIDAY,7546 ORLANDO,0746,Y,SR 408,I 4,0.028,S,0,0,28.5349709,-81.3861328,75280178,0.135,03541,SR 400,I 4,R RIGHT,X RAMP,E EAST,08 RAMP RURAL,03 STATE,01 NON-JUNCTION,01 ON ROADWAY,01 NOT AT INTERSECTION,01 PAVED,0,"December 31, 2000",,14,PAVED,5,,0,,0,,14500,RCI,4.1,,,1 NO INJURY,31 Q/C COMPLETED - LOC VERIFIED,0 NO,07 ENTRANCE RAMP,01 DAYLIGHT,01 CLEAR,01 DRY,01 LEVEL,1 STRAIGHT,"TWO-WAY, DIVIDED, POSITIVE MED","TWO-WAY, DIVIDED, POSITIVE MED",NO CONTROLS,NO CONTROLS,1,NONE,NOT CODED,NOT CODED,NONE,NOT CODED,NOT CODED,14 MOTOR VEHICLE IN TRANSPORT,"04 SIDESWIPE, SAME DIRECTION",06 CHANGING LANES,OTHER CONTRIBUTING ACTION,NO CONTRIBUTING ACTION,00 NOT CODED,00 NOT CODED,00 NOT CODED,00 NOT CODED,01 NO,0,0,0,0,2,0,2,2,N,N,Y,N,Y,N,N,N,N,N,N,N,N,N,N,N,N,N,N,N,N,N,N,N,N,N,28.534981325,-81.38611689,462225.001067,3156528.112133,O,,ARBM15Q1R2,"June 10, 2023",2619851,-9059861.435982132,3316592.34508826
2020240677140,2020,240677140,2020-00337933,COUNTY SHERIFF'S OFFICE,05 FIFTH,ORANGE,"October 25, 2020",1620,MONDAY,7546 ORLANDO,0746,Y,SR 423,I 4,0.014,E,0,0,28.6058284,-81.3859329,75190000,8.609,06228,SR 423,,L LEFT,3 THRU LANE 3,S SOUTH,30 URBAN 6+LN 2WY DIVD RASD,03 STATE,14 ENTRANCE/EXIT RAMP,01 ON ROADWAY,04 Y-INTERSECTION,01 PAVED,37,"September 8, 2019",14 URBAN PRIN ART OTHER,46,CURB&GUTTER,2,,0,,0,16,39500,RCI,3.2,6D0000,35,1 NO INJURY,31 Q/C COMPLETED - LOC VERIFIED,0 NO,03 INFLUENCED BY INTERSECTION,01 DAYLIGHT,01 CLEAR,01 DRY,01 LEVEL,1 STRAIGHT,"TWO-WAY, DIVIDED, POSITIVE MED","TWO-WAY, DIVIDED, POSITIVE MED",NO CONTROLS,NO CONTROLS,6,NONE,NOT CODED,NOT CODED,NONE,NOT CODED,NOT CODED,14 MOTOR VEHICLE IN TRANSPORT,01 FRONT TO REAR,11 OVERTAKING/PASSING,OPERATED MV IN CARLESS OR NEGL,NO CONTRIBUTING ACTION,00 NOT CODED,00 NOT CODED,00 NOT CODED,00 NOT CODED,01 NO,0,0,0,0,2,0,2,2,N,N,N,Y,N,N,N,N,N,N,N,N,N,N,N,N,N,N,N,N,N,N,N,N,N,N,28.605918797,-81.385937861,462267.832747,3164386.917053,L,,ARBM15Q1R2,"June 10, 2023",2619852,-9059841.506979272,3325583.985981921
2020240677180,2020,240677180,2020-00370701,COUNTY SHERIFF'S OFFICE,05 FIFTH,ORANGE,"November 22, 2020",1402,MONDAY,7546 ORLANDO,0746,Y,SR 408,SR 500,0.057,E,0,0,28.535101,-81.396296,75008000,4.391,03847,SR 408,,L LEFT,R RIGHT TURN,W WEST,03 TOLL ROAD URBAN,02 U.S.,01 NON-JUNCTION,01 ON ROADWAY,01 NOT AT INTERSECTION,01 PAVED,35,"March 2, 2020",12 URBAN PRIN ART EXPR.,22,PAVED WARN,8,,0,,0,22,101000,RCI,4.5,,55,3 NO-INCAPACITATING INJURY,31 Q/C COMPLETED - LOC VERIFIED,0 NO,01 NOT AT INTERSECTION/RRX/BRIDGE,01 DAYLIGHT,01 CLEAR,01 DRY,01 LEVEL,1 STRAIGHT,"TWO-WAY, DIVIDED, POSITIVE MED","TWO-WAY, DIVIDED, POSITIVE MED",NO CONTROLS,NO CONTROLS,6,NONE,NOT CODED,NOT CODED,NONE,NOT CODED,NOT CODED,14 MOTOR VEHICLE IN TRANSPORT,77 OTHER (SEE NARRATIVE),77 OTHER (SEE NARRATIVE),OPERATED MV IN CARLESS OR NEGL,NO CONTRIBUTING ACTION,00 NOT CODED,00 NOT CODED,00 NOT CODED,00 NOT CODED,01 NO,5,0,0,0,4,0,4,5,N,N,N,N,N,N,N,N,N,N,N,N,N,N,N,N,N,N,N,N,N,N,N,N,N,N,28.535264665,-81.396303788,461228.480708,3156562.752717,L,,ARBM15Q1R2,"June 10, 2023",2619853,-9060995.436688092,3316628.2476188783
2020240677190,2020,240677190,2020-00344270,COUNTY SHERIFF'S OFFICE,05 FIFTH,ORANGE,"October 30, 2020",2110,SATURDAY,7546 ORLANDO,0746,Y,SOUTH ST,CRYSTAL LAKE DR,0.095,N,0,0,28.5387129,-81.3449694,75080000,17.847,00234,SR 15,,L LEFT,1 THRU LANE 1,W WEST,41 SUBURBAN ONE WAY,05 LOCAL,01 NON-JUNCTION,01 ON ROADWAY,01 NOT AT INTERSECTION,03 CURB,43,"April 1, 2018",17 URBAN MAJOR COLLECTOR,33,LAWN,6,,0,,0,,10000,RCI,10.1,,30,1 NO INJURY,31 Q/C COMPLETED - LOC VERIFIED,0 NO,01 NOT AT INTERSECTION/RRX/BRIDGE,04 DARK-LIGHTED,01 CLEAR,01 DRY,01 LEVEL,1 STRAIGHT,ONE-WAY TRAFFICWAY,ONE-WAY TRAFFICWAY,NO CONTROLS,NO CONTROLS,3,NONE,NOT CODED,NOT CODED,NONE,NOT CODED,NOT CODED,14 MOTOR VEHICLE IN TRANSPORT,"04 SIDESWIPE, SAME DIRECTION",06 CHANGING LANES,IMPROPER PASSING,NO CONTRIBUTING ACTION,00 NOT CODED,00 NOT CODED,00 NOT CODED,00 NOT CODED,01 NO,0,0,0,0,2,0,2,7,N,N,Y,N,Y,N,N,N,N,N,N,N,N,N,N,N,N,N,N,N,Y,N,N,N,N,N,28.538715978,-81.344988884,466249.8983,3156929.592102,O,,ARBM15Q1R2,"June 10, 2023",2619854,-9055283.086039439,3317065.578187562