Crash Id,Calendar Year,FDOT Crash Number,Reporting Agency Case Number,Reporting Agency Type,FDOT Managing District,County Name,Crash Date,Crash Time,Day,DHSMV City,Crash Report City Code,In Town,On Roadway Name,Int Roadway Name,Reference Distance (Miles),Reference Direction,Officer Latitude,Officer Longitude,FDOT Latitude,FDOT Longitude,FDOT Roadway,Nearest Inventory MP,Nearest Node From Crash,State Road #,US Highway,Crash Side of Road,Accident Lane Number,Travel Direction Vehicle 1,FDOT Road Category,DHSMV Road System Id,Relation to Junction,Crash Harmful Event Location,Intersection Type,Shoulder Type,FDOT Roadway SKID Test Result,FDOT Roadway SKID Test Date,Functional Class,RCI Surface Width,RCI Shoulder Type First,RCI Shoulder Width First,RCI Shoulder Type Second,RCI Shoulder Width Second,RCI Shoulder Type Third,RCI Shoulder Width Third,RCI Median Width,Avg Daily Traffic,AADT Source,RCI Avg Per Truck Traffic,RCI Horiz Curve Condition,Posted Speed Limit,Highest Injury in Crash,CAR Status Code,Alcohols/Drug Involved,Site Location,Lighting,Weather,Road Surface,Roadway Grade,Roadway Alignment,Traffic Way Vehicle 1,Traffic Way Vehicle 2,Traffic Control Vehicle 1,Traffic Control Vehicle 2,Count of Lanes,Road Condition 1,Road Condition 2,Road Condition 3,Environment Condition 1,Environment Condition 2,Environment Condition 3,Crash Harmful Event,Manner of Collision,Vehicle Movement,Driver Action Vehicle 1,Driver Action Vehicle 2,Location Within Workzone,Type of Workzone,Workers Present in Workzone,Law Enforcement Present in Workzone,School Bus Related,Count of Nonfatal Injuries,Count of Traffic Fatalities,Count of Serious Injuries,Count of Pedestrians,Count of Drivers,Count of Bicyclists,Count of Vehicles,Count of Persons,Wrong Way,Workzone Inv,Commercial Vehicle Inv,Intersection Inv,Lane Departure,Speeding,Agressive Driving,Impaired Driver,Impaired Pedestrian,Impaired Bicyclist,Distracted Driver,Speeding or Aggressive Driving,Pedestrian Related,Bicyclist Related,Pedestrian or Bicyclist Related,Motorcycle Inv,No Belt,No Belt - Ages 1-4,No Belt - Ages 5-12,No Belt - Ages 13-17,Driver - Ages Teen,Driver - Ages 65 plus,Driver - Ages 65-69,Driver - Ages 70-74,Driver - Ages 75-79,Driver - Ages 80 plus,ARBM Latitude,ARBM Longitude,UTM Zone 17N X,UTM Zone 17N Y,ARBM Side of Road,Urban Rural Indicator,GIS Street Source,Extract Date,OBJECTID,x,y
2020883171630,2020,883171630,FHPD20OFF074473,FLORIDA HIGHWAY PATROL,05 FIFTH,ORANGE,"October 17, 2020",1600,SUNDAY,7546 ORLANDO,0746,N,I 4,SR 535,0.019,W,28.3778414,-81.5052705,28.3761393,-81.5062433,75280079,0.181,00486,SR 400,I 4,L LEFT,X RAMP,W WEST,07 RAMP URBAN,03 STATE,02 INTERSECTION,01 ON ROADWAY,77 OTHER (SEE NARRATIVE),02 UNPAVED,0,"December 31, 2000",,15,PAVED,6,,0,,0,,15000,RCI,6.9,,,2 POSSIBLE INJURY,31 Q/C COMPLETED - LOC VERIFIED,0 NO,07 ENTRANCE RAMP,01 DAYLIGHT,01 CLEAR,01 DRY,03 UPHILL,2 CURVE RIGHT,ONE-WAY TRAFFICWAY,ONE-WAY TRAFFICWAY,YIELD SIGN,YIELD SIGN,1,NONE,NOT CODED,NOT CODED,NONE,NOT CODED,NOT CODED,14 MOTOR VEHICLE IN TRANSPORT,01 FRONT TO REAR,15 NEGOTIATING A CURVE,NO CONTRIBUTING ACTION,NO CONTRIBUTING ACTION,00 NOT CODED,00 NOT CODED,00 NOT CODED,00 NOT CODED,01 NO,1,0,0,0,2,0,2,7,N,N,N,N,N,N,N,N,N,N,N,N,N,N,N,N,N,N,N,N,N,N,N,N,N,N,28.376127434,-81.506212154,450401.478712,3138973.209132,O,,ARBM15Q1R2,"June 10, 2023",2730144,-9073230.383044476,3296478.820968124
2020883171640,2020,883171640,FHPD20OFF073340,FLORIDA HIGHWAY PATROL,05 FIFTH,ORANGE,"October 22, 2020",1635,FRIDAY,7546 ORLANDO,0746,N,SR 400,SR 535,0.019,E,28.3780562,-81.5048751,28.3786447,-81.5043386,75280081,0.153,01276,SR 400,I 4,L LEFT,X RAMP,W WEST,07 RAMP URBAN,03 STATE,01 NON-JUNCTION,01 ON ROADWAY,01 NOT AT INTERSECTION,01 PAVED,0,"December 31, 2000",,24,PAVED,8,LAWN,12,,0,,22000,RCI,6.9,,,2 POSSIBLE INJURY,31 Q/C COMPLETED - LOC VERIFIED,0 NO,08 EXIT RAMP,01 DAYLIGHT,01 CLEAR,01 DRY,01 LEVEL,1 STRAIGHT,ONE-WAY TRAFFICWAY,ONE-WAY TRAFFICWAY,TRAFFIC CONTROL SIGNAL,TRAFFIC CONTROL SIGNAL,2,NONE,NOT CODED,NOT CODED,NONE,NOT CODED,NOT CODED,14 MOTOR VEHICLE IN TRANSPORT,03 ANGLE,01 STRAIGHT AHEAD,OPERATED MV IN CARLESS OR NEGL,NO CONTRIBUTING ACTION,00 NOT CODED,00 NOT CODED,00 NOT CODED,00 NOT CODED,01 NO,2,0,0,0,2,0,2,5,N,N,N,N,N,N,N,N,N,N,Y,N,N,N,N,N,N,N,N,N,N,N,N,N,N,N,28.378693166,-81.504305693,450589.465024,3139256.667294,O,,ARBM15Q1R2,"June 10, 2023",2730145,-9073018.156684458,3296803.4452353823
2020883171650,2020,883171650,FHPD20OFF073597,FLORIDA HIGHWAY PATROL,05 FIFTH,ORANGE,"October 23, 2020",1635,SATURDAY,7546 ORLANDO,0746,N,I 4,SR 535,0.25,S,28.3689832,-81.5119889,28.3741267,-81.5074282,75280000,2.362,00326,SR 400,I 4,R RIGHT,1 THRU LANE 1,E EAST,01 INTERSTATE URBAN,01 INTERSTATE,01 NON-JUNCTION,01 ON ROADWAY,01 NOT AT INTERSECTION,01 PAVED,35,"March 2, 2020",11 URBAN PRIN ART INT.,36,PAVED WARN,10,LAWN,2,,0,64,179500,RCI,7.6,,60,2 POSSIBLE INJURY,31 Q/C COMPLETED - LOC VERIFIED,0 NO,01 NOT AT INTERSECTION/RRX/BRIDGE,01 DAYLIGHT,01 CLEAR,01 DRY,01 LEVEL,1 STRAIGHT,"TWO-WAY, DIVIDED, POSITIVE MED","TWO-WAY, DIVIDED, POSITIVE MED",NO CONTROLS,NO CONTROLS,7,NONE,NOT CODED,NOT CODED,NONE,NOT CODED,NOT CODED,14 MOTOR VEHICLE IN TRANSPORT,01 FRONT TO REAR,01 STRAIGHT AHEAD,OPERATED MV IN CARLESS OR NEGL,NO CONTRIBUTING ACTION,00 NOT CODED,00 NOT CODED,00 NOT CODED,00 NOT CODED,01 NO,4,0,0,0,3,0,3,4,N,N,N,N,N,N,N,N,N,N,N,N,N,N,N,N,N,N,N,N,N,N,N,N,N,N,28.374140094,-81.507442355,450280.015598,3138753.551291,R,,ARBM15Q1R2,"June 10, 2023",2730146,-9073367.328338949,3296227.3822109303
2020883138800,2020,883138800,FHPD20OFF068064,FLORIDA HIGHWAY PATROL,05 FIFTH,ORANGE,"October 2, 2020",1640,SATURDAY,7546 ORLANDO,0746,N,I 4,SR 528,0.5,N,28.4247699,-81.47408,28.4292857,-81.4740984,75280000,6.848,00336,SR 400,I 4,L LEFT,2 THRU LANE 2,W WEST,01 INTERSTATE URBAN,01 INTERSTATE,01 NON-JUNCTION,01 ON ROADWAY,01 NOT AT INTERSECTION,01 PAVED,38,"March 2, 2020",11 URBAN PRIN ART INT.,48,PAVED WARN,10,LAWN,12,,0,64,204000,RCI,8,,60,1 NO INJURY,31 Q/C COMPLETED - LOC VERIFIED,0 NO,01 NOT AT INTERSECTION/RRX/BRIDGE,01 DAYLIGHT,03 RAIN,02 WET,01 LEVEL,1 STRAIGHT,"TWO-WAY, DIVIDED, POSITIVE MED","TWO-WAY, DIVIDED, POSITIVE MED",NO CONTROLS,NO CONTROLS,8,NONE,NOT CODED,NOT CODED,NONE,NOT CODED,NOT CODED,14 MOTOR VEHICLE IN TRANSPORT,"04 SIDESWIPE, SAME DIRECTION",06 CHANGING LANES,OTHER CONTRIBUTING ACTION,NO CONTRIBUTING ACTION,00 NOT CODED,00 NOT CODED,00 NOT CODED,00 NOT CODED,01 NO,0,0,0,0,2,0,2,5,N,N,N,N,Y,N,N,N,N,N,Y,N,N,N,N,N,N,N,N,N,Y,N,N,N,N,N,28.429215174,-81.474418896,453539.778037,3144841.797679,L,,ARBM15Q1R2,"June 10, 2023",2730176,-9069691.172932658,3303197.2441826505
2020883449460,2020,883449460,FHPD20OFF068412,FLORIDA HIGHWAY PATROL,05 FIFTH,ORANGE,"October 4, 2020",0329,MONDAY,7546 ORLANDO,0746,N,I 4,MM 72,0,,28.4247699,-81.47408,28.4246612,-81.4740851,75280000,6.53,00336,SR 400,I 4,L LEFT,3 THRU LANE 3,W WEST,01 INTERSTATE URBAN,01 INTERSTATE,01 NON-JUNCTION,01 ON ROADWAY,01 NOT AT INTERSECTION,01 PAVED,38,"March 2, 2020",11 URBAN PRIN ART INT.,48,PAVED WARN,12,,0,,0,64,204000,RCI,8,,60,1 NO INJURY,31 Q/C COMPLETED - LOC VERIFIED,0 NO,01 NOT AT INTERSECTION/RRX/BRIDGE,04 DARK-LIGHTED,01 CLEAR,01 DRY,01 LEVEL,1 STRAIGHT,"TWO-WAY, DIVIDED, POSITIVE MED","TWO-WAY, DIVIDED, POSITIVE MED",NO CONTROLS,NO CONTROLS,7,NONE,NOT CODED,NOT CODED,NONE,NOT CODED,NOT CODED,14 MOTOR VEHICLE IN TRANSPORT,01 FRONT TO REAR,01 STRAIGHT AHEAD,OPERATED MV IN CARLESS OR NEGL,NO CONTRIBUTING ACTION,00 NOT CODED,00 NOT CODED,00 NOT CODED,00 NOT CODED,01 NO,0,0,0,0,2,0,2,2,N,N,N,N,N,N,N,N,N,N,N,N,N,N,N,N,N,N,N,N,N,N,N,N,N,N,28.424592948,-81.47440078,453539.533757,3144329.721409,L,,ARBM15Q1R2,"June 10, 2023",2730389,-9069689.156204375,3302612.1528659035
2020883588780,2020,883588780,FHPD20OFF077867,FLORIDA HIGHWAY PATROL,05 FIFTH,ORANGE,"November 8, 2020",1857,MONDAY,7533 ORLANDO TRANSIT AUTHORITY,0733,N,SR 429,CR 437A,0.379,S,28.6039885,-81.5392513,28.6288344,-81.5382732,75320000,35.8,01797,SR 429,,L LEFT,2 THRU LANE 2,S SOUTH,03 TOLL ROAD URBAN,06 TURNPIKE/TOLL,01 NON-JUNCTION,01 ON ROADWAY,01 NOT AT INTERSECTION,01 PAVED,35,"November 11, 2019",12 URBAN PRIN ART EXPR.,24,PAVED WARN,12,LAWN,12,,0,56,65500,RCI,4.6,1D10,70,2 POSSIBLE INJURY,31 Q/C COMPLETED - LOC VERIFIED,0 NO,01 NOT AT INTERSECTION/RRX/BRIDGE,02 DUSK,02 CLOUDY,02 WET,01 LEVEL,3 CURVE LEFT,"TWO-WAY, DIVIDED, POSITIVE MED","TWO-WAY, DIVIDED, POSITIVE MED",NO CONTROLS,NO CONTROLS,4,NONE,NOT CODED,NOT CODED,NONE,NOT CODED,NOT CODED,14 MOTOR VEHICLE IN TRANSPORT,"04 SIDESWIPE, SAME DIRECTION",06 CHANGING LANES,NOT CODED,NO CONTRIBUTING ACTION,00 NOT CODED,00 NOT CODED,00 NOT CODED,00 NOT CODED,01 NO,1,0,0,0,1,0,2,1,N,N,N,N,Y,N,N,N,N,N,N,N,N,N,N,N,N,N,N,N,N,N,N,N,N,N,28.628782058,-81.538569528,447356.619505,3166977.531425,L,,ARBM15Q1R2,"June 10, 2023",2730464,-9076832.39139285,3328483.2987840874
2020883136070,2020,883136070,FHPD20OFF068980,FLORIDA HIGHWAY PATROL,05 FIFTH,ORANGE,"October 6, 2020",1342,WEDNESDAY,"7500 UNINCORPORATED, ORANGE",2600,N,US 192,WESTSIDE BLVD,0,,28.34674,-81.64819,28.3467329,-81.6482754,75220000,0.536,01768,SR 530,US 192,R RIGHT,2 THRU LANE 2,E EAST,33 SUBURBAN 6+LN 2WY DIVD RASD,02 U.S.,02 INTERSECTION,01 ON ROADWAY,02 FOUR-WAY INTERSECTION,02 UNPAVED,39,"April 1, 2018",14 URBAN PRIN ART OTHER,33,PAVED,5,LAWN,12,,0,28,47000,RCI,5.2,0D1500,55,5 FATAL(WITHIN 30 DAYS) INJURY,31 Q/C COMPLETED - LOC VERIFIED,2 DRG,02 AT INTERSECTION,01 DAYLIGHT,02 CLOUDY,01 DRY,01 LEVEL,1 STRAIGHT,"TWO-WAY, DIVIDED, POSITIVE MED","TWO-WAY, DIVIDED, POSITIVE MED",TRAFFIC CONTROL SIGNAL,TRAFFIC CONTROL SIGNAL,6,NONE,NOT CODED,NOT CODED,NONE,NOT CODED,NOT CODED,14 MOTOR VEHICLE IN TRANSPORT,03 ANGLE,77 OTHER (SEE NARRATIVE),"OPER MV AGRSIVE, ERATIC, RCKLS",NO CONTRIBUTING ACTION,00 NOT CODED,00 NOT CODED,00 NOT CODED,00 NOT CODED,01 NO,9,1,1,0,4,0,4,11,N,N,N,Y,N,Y,Y,Y,N,N,N,Y,N,N,N,N,Y,N,N,Y,Y,Y,Y,N,N,N,28.346741763,-81.648408978,436451.280507,3135784.442329,R,,ARBM15Q1R2,"June 10, 2023",2730787,-9089059.665513013,3292761.4160550237
2020883328800,2020,883328800,FHPK20OFF056934,FLORIDA HIGHWAY PATROL,08 TURNPIKE,ORANGE,"December 4, 2020",2132,SATURDAY,7546 ORLANDO,0746,N,SR 429,US 192,0.1,N,28.35313,-81.614,0,0,75473001,0.1,04198,SR 429,,R RIGHT,X RAMP,N NORTH,08 RAMP RURAL,06 TURNPIKE/TOLL,14 ENTRANCE/EXIT RAMP,02 OFF ROADWAY,01 NOT AT INTERSECTION,01 PAVED,0,"December 31, 2000",,15,PAVED,6,LAWN,8,,0,,3800,RCI,14.7,,,1 NO INJURY,31 Q/C COMPLETED - LOC VERIFIED,0 NO,07 ENTRANCE RAMP,04 DARK-LIGHTED,01 CLEAR,01 DRY,03 UPHILL,1 STRAIGHT,ONE-WAY TRAFFICWAY,,NO CONTROLS,NOT CODED,1,NONE,NOT CODED,NOT CODED,NONE,NOT CODED,NOT CODED,34 TRAFFIC SIGN SUPPORT,77 OTHER (SEE NARRATIVE),17 ENTERING TRAFFIC LANE,RAN OFF ROADWAY,NOT CODED,00 NOT CODED,00 NOT CODED,00 NOT CODED,00 NOT CODED,01 NO,0,0,0,0,1,0,1,1,N,N,N,N,Y,N,N,N,N,N,N,N,N,N,N,N,N,N,N,N,N,N,N,N,N,N,28.348624512,-81.615158202,439711.228973,3135975.958584,O,,ARBM15Q1R2,"June 10, 2023",2730817,-9085358.20496134,3292999.5606318815
2020883449480,2020,883449480,FHPD20OFF070024,FLORIDA HIGHWAY PATROL,05 FIFTH,ORANGE,"October 10, 2020",0314,SUNDAY,7554 WINTER PARK,0754,N,I 4,MM 89,0,,28.6055899,-81.3863599,28.6238363,-81.3865189,75280000,23.53,02354,SR 400,I 4,M MEDIAN,M MIDDLE,E EAST,01 INTERSTATE URBAN,01 INTERSTATE,01 NON-JUNCTION,02 OFF ROADWAY,01 NOT AT INTERSECTION,01 PAVED,27,"September 16, 2014",11 URBAN PRIN ART INT.,48,PAVED WARN,10,LAWN,2,,0,40,172500,RCI,6.8,,55,3 NO-INCAPACITATING INJURY,31 Q/C COMPLETED - LOC VERIFIED,0 NO,01 NOT AT INTERSECTION/RRX/BRIDGE,04 DARK-LIGHTED,01 CLEAR,01 DRY,01 LEVEL,1 STRAIGHT,"TWO-WAY, DIVIDED, POSITIVE MED",,NO CONTROLS,NOT CODED,8,NONE,NOT CODED,NOT CODED,NONE,NOT CODED,NOT CODED,28 GUARDRAIL END,77 OTHER (SEE NARRATIVE),01 STRAIGHT AHEAD,OPERATED MV IN CARLESS OR NEGL,NOT CODED,00 NOT CODED,00 NOT CODED,00 NOT CODED,00 NOT CODED,01 NO,1,0,0,0,1,0,1,1,N,N,N,N,Y,N,N,N,N,N,N,N,N,N,N,N,N,N,N,N,N,N,N,N,N,N,28.623853242,-81.386499137,462219.376782,3166373.988182,R,,ARBM15Q1R2,"June 10, 2023",2730939,-9059903.987971928,3327858.217718313
2020883588740,2020,883588740,FHPD20OFF074139,FLORIDA HIGHWAY PATROL,05 FIFTH,ORANGE,"October 25, 2020",1721,MONDAY,7533 ORLANDO TRANSIT AUTHORITY,0733,N,SR 414,HIAWASSEE RD,0.189,S,28.63408,-81.47172,28.6342368,-81.4724155,75340000,1.465,04533,SR 414,,R RIGHT,2 THRU LANE 2,E EAST,03 TOLL ROAD URBAN,06 TURNPIKE/TOLL,01 NON-JUNCTION,01 ON ROADWAY,01 NOT AT INTERSECTION,01 PAVED,39,"March 2, 2020",12 URBAN PRIN ART EXPR.,36,PAVED,4,VALLEY GUTR,2,,0,26,36500,RCI,3.8,,65,1 NO INJURY,31 Q/C COMPLETED - LOC VERIFIED,0 NO,01 NOT AT INTERSECTION/RRX/BRIDGE,01 DAYLIGHT,01 CLEAR,01 DRY,04 DOWNHILL,3 CURVE LEFT,"TWO-WAY, DIVIDED, POSITIVE MED",,NO CONTROLS,NOT CODED,6,NONE,NOT CODED,NOT CODED,NONE,NOT CODED,NOT CODED,05 CARGO/EQUIPMENT LOSS OR SHIFT,77 OTHER (SEE NARRATIVE),01 STRAIGHT AHEAD,OTHER CONTRIBUTING ACTION,NOT CODED,00 NOT CODED,00 NOT CODED,00 NOT CODED,00 NOT CODED,01 NO,0,0,0,0,1,0,1,1,N,N,N,N,N,N,N,N,N,N,N,N,N,N,N,N,N,N,N,N,N,N,N,N,N,N,28.634220125,-81.467095188,454345.442911,3167550.622326,R,,ARBM15Q1R2,"June 10, 2023",2731174,-9068875.901949532,3329172.998679544
2020883588750,2020,883588750,FHPD20OFF076430,FLORIDA HIGHWAY PATROL,05 FIFTH,ORANGE,"November 3, 2020",1354,WEDNESDAY,7533 ORLANDO TRANSIT AUTHORITY,0733,Y,SR 408,SR 436,0.004,E,28.53948,-81.31413,0,0,75008084,0.183,04789,SR 408,,L LEFT,X RAMP,W WEST,07 RAMP URBAN,06 TURNPIKE/TOLL,14 ENTRANCE/EXIT RAMP,01 ON ROADWAY,02 FOUR-WAY INTERSECTION,01 PAVED,0,"December 31, 2000",,22,CURB&GUTTER,2,VALLEY GUTR,3,,0,,6000,RCI,4.1,,,2 POSSIBLE INJURY,31 Q/C COMPLETED - LOC VERIFIED,0 NO,08 EXIT RAMP,01 DAYLIGHT,01 CLEAR,01 DRY,01 LEVEL,1 STRAIGHT,"TWO-WAY, NOT DIVIDED",,TRAFFIC CONTROL SIGNAL,NOT CODED,2,NONE,NOT CODED,NOT CODED,NONE,NOT CODED,NOT CODED,11 PEDALCYCLE,77 OTHER (SEE NARRATIVE),01 STRAIGHT AHEAD,FAILED TO YIELD RIGHT-OF-WAY,NOT CODED,00 NOT CODED,00 NOT CODED,00 NOT CODED,00 NOT CODED,01 NO,1,0,0,0,1,1,1,2,N,N,N,N,N,N,N,N,N,N,Y,N,N,Y,Y,N,N,N,N,N,N,N,N,N,N,N,28.540780883,-81.310397253,469634.592609,3157149.105169,O,,ARBM15Q1R2,"June 10, 2023",2731175,-9051432.362264954,3317327.2378434017
2020883588760,2020,883588760,FHPD20OFF076512,FLORIDA HIGHWAY PATROL,05 FIFTH,ORANGE,"November 3, 2020",1821,WEDNESDAY,7533 ORLANDO TRANSIT AUTHORITY,0733,N,SR 429,CR 437A,0.189,S,28.59816,-81.5522299,28.6314459,-81.5399935,75320000,36.008,01798,SR 429,,R RIGHT,2 THRU LANE 2,N NORTH,03 TOLL ROAD URBAN,06 TURNPIKE/TOLL,01 NON-JUNCTION,01 ON ROADWAY,01 NOT AT INTERSECTION,01 PAVED,35,"November 11, 2019",12 URBAN PRIN ART EXPR.,24,PAVED WARN,10,LAWN,12,,0,56,65500,RCI,4.6,,70,1 NO INJURY,31 Q/C COMPLETED - LOC VERIFIED,0 NO,01 NOT AT INTERSECTION/RRX/BRIDGE,01 DAYLIGHT,01 CLEAR,01 DRY,01 LEVEL,1 STRAIGHT,"TWO-WAY, NOT DIVIDED","TWO-WAY, NOT DIVIDED",NO CONTROLS,NO CONTROLS,4,NONE,NOT CODED,NOT CODED,NONE,NOT CODED,NOT CODED,14 MOTOR VEHICLE IN TRANSPORT,"04 SIDESWIPE, SAME DIRECTION",06 CHANGING LANES,FAILED TO KEEP IN PROPER LANE,NO CONTRIBUTING ACTION,00 NOT CODED,00 NOT CODED,00 NOT CODED,00 NOT CODED,01 NO,0,0,0,0,2,0,2,4,N,N,N,N,Y,N,N,N,N,N,Y,N,N,N,N,N,N,N,N,N,N,N,N,N,N,N,28.631419897,-81.539973915,447220.66283,3167270.391456,R,,ARBM15Q1R2,"June 10, 2023",2731176,-9076988.727138828,3328817.846462437
2020883588770,2020,883588770,FHPD20OFF076710,FLORIDA HIGHWAY PATROL,05 FIFTH,ORANGE,"November 4, 2020",1541,THURSDAY,7533 ORLANDO TRANSIT AUTHORITY,0733,N,SR 408,GOOD HOMES RD,0.189,W,28.5455297,-81.5026806,0,0,75008194,0.046,04361,SR 408,,R RIGHT,X RAMP,N NORTH,07 RAMP URBAN,06 TURNPIKE/TOLL,14 ENTRANCE/EXIT RAMP,03 SHOULDER,01 NOT AT INTERSECTION,01 PAVED,0,"December 31, 2000",,14,PAVED,6,VALLEY GUTR,2,,0,,5300,RCI,4.1,,,1 NO INJURY,31 Q/C COMPLETED - LOC VERIFIED,0 NO,08 EXIT RAMP,01 DAYLIGHT,01 CLEAR,01 DRY,03 UPHILL,2 CURVE RIGHT,ONE-WAY TRAFFICWAY,,NO CONTROLS,NOT CODED,1,NONE,NOT CODED,NOT CODED,NONE,NOT CODED,NOT CODED,27 GUARDRAIL FACE,77 OTHER (SEE NARRATIVE),15 NEGOTIATING A CURVE,FAILED TO KEEP IN PROPER LANE,NOT CODED,00 NOT CODED,00 NOT CODED,00 NOT CODED,00 NOT CODED,01 NO,0,0,0,0,1,0,1,1,N,N,N,N,Y,N,N,N,N,N,Y,N,N,N,N,N,N,N,N,N,N,N,N,N,N,N,28.546075883,-81.503216447,450773.807704,3157799.709906,O,,ARBM15Q1R2,"June 10, 2023",2731177,-9072896.90294697,3317998.229659538
2020883137050,2020,883137050,FHPD20OFF075746,FLORIDA HIGHWAY PATROL,05 FIFTH,ORANGE,"October 31, 2020",1855,SUNDAY,7533 ORLANDO TRANSIT AUTHORITY,0733,N,SR 408,HIAWASSEE RD,0.25,W,28.54821,-81.47578,0,0,75008170,3.757,02924,SR 408,,M MEDIAN,M MIDDLE,E EAST,03 TOLL ROAD URBAN,06 TURNPIKE/TOLL,01 NON-JUNCTION,03 SHOULDER,01 NOT AT INTERSECTION,01 PAVED,40,"March 2, 2020",12 URBAN PRIN ART EXPR.,24,PAVED WARN,10,LAWN,12,,0,40,93000,RCI,3.1,,65,2 POSSIBLE INJURY,31 Q/C COMPLETED - LOC VERIFIED,0 NO,01 NOT AT INTERSECTION/RRX/BRIDGE,04 DARK-LIGHTED,03 RAIN,02 WET,01 LEVEL,1 STRAIGHT,"TWO-WAY, DIVIDED, POSITIVE MED",,NO CONTROLS,NOT CODED,4,NONE,NOT CODED,NOT CODED,WEATHER CONDITIONS,NOT CODED,NOT CODED,27 GUARDRAIL FACE,77 OTHER (SEE NARRATIVE),06 CHANGING LANES,DROVE TOO FAST FOR CONDITIONS,NOT CODED,00 NOT CODED,00 NOT CODED,00 NOT CODED,00 NOT CODED,01 NO,1,0,0,0,1,0,1,1,N,N,N,N,Y,Y,N,N,N,N,N,Y,N,N,N,N,N,N,N,N,N,N,N,N,N,N,28.548586898,-81.479716245,453073.813494,3158068.472256,R,,ARBM15Q1R2,"June 10, 2023",2731298,-9070280.871670468,3318316.442318355
2020883137060,2020,883137060,FHPD20OFF075773,FLORIDA HIGHWAY PATROL,05 FIFTH,ORANGE,"October 31, 2020",2021,SUNDAY,7533 ORLANDO TRANSIT AUTHORITY,0733,N,SR 417,INNOVATION WAY,0.25,S,28.4334799,-81.22892,28.4236835,-81.2275771,75301000,17.552,01369,SR 417,,M MEDIAN,M MIDDLE,N NORTH,03 TOLL ROAD URBAN,06 TURNPIKE/TOLL,01 NON-JUNCTION,04 MEDIAN,01 NOT AT INTERSECTION,01 PAVED,36,"November 12, 2019",12 URBAN PRIN ART EXPR.,24,PAVED WARN,8,VALLEY GUTR,3,,0,64,71000,RCI,5,,70,1 NO INJURY,31 Q/C COMPLETED - LOC VERIFIED,0 NO,01 NOT AT INTERSECTION/RRX/BRIDGE,04 DARK-LIGHTED,03 RAIN,02 WET,01 LEVEL,1 STRAIGHT,"TWO-WAY, DIVIDED, POSITIVE MED",,NO CONTROLS,NOT CODED,4,NONE,NOT CODED,NOT CODED,WEATHER CONDITIONS,NOT CODED,NOT CODED,25 DITCH,77 OTHER (SEE NARRATIVE),01 STRAIGHT AHEAD,OPERATED MV IN CARLESS OR NEGL,NOT CODED,00 NOT CODED,00 NOT CODED,00 NOT CODED,00 NOT CODED,01 NO,0,0,0,0,1,0,1,1,N,N,N,N,Y,N,N,N,N,N,N,N,N,N,N,N,N,N,N,N,Y,N,N,N,N,N,28.424577766,-81.227705307,477699.773232,3144257.575686,R,,ARBM15Q1R2,"June 10, 2023",2731299,-9042227.133792626,3302610.232027214
2020883328660,2020,883328660,FHPK20OFF045938,FLORIDA HIGHWAY PATROL,08 TURNPIKE,ORANGE,"October 6, 2020",2044,WEDNESDAY,7552 WINTER GARDEN,0752,N,SR 91,SR 429,0.5,S,28.545391,-81.5656138,0,0,75470163,0.5,03704,SR 91,,R RIGHT,X RAMP,E EAST,08 RAMP RURAL,06 TURNPIKE/TOLL,14 ENTRANCE/EXIT RAMP,02 OFF ROADWAY,01 NOT AT INTERSECTION,01 PAVED,0,"December 31, 2000",,15,PAVED,8,,0,,0,,4700,RCI,17.8,,,1 NO INJURY,31 Q/C COMPLETED - LOC VERIFIED,0 NO,08 EXIT RAMP,04 DARK-LIGHTED,01 CLEAR,01 DRY,01 LEVEL,1 STRAIGHT,"TWO-WAY, DIVIDED, POSITIVE MED",,NO CONTROLS,NOT CODED,1,NONE,NOT CODED,NOT CODED,NONE,NOT CODED,NOT CODED,34 TRAFFIC SIGN SUPPORT,77 OTHER (SEE NARRATIVE),16 LEAVING TRAFFIC LANE,OPERATED MV IN CARLESS OR NEGL,NOT CODED,00 NOT CODED,00 NOT CODED,00 NOT CODED,00 NOT CODED,01 NO,0,0,0,0,1,0,1,1,N,N,N,N,Y,N,N,N,N,N,N,N,N,N,N,N,N,N,N,N,N,N,N,N,N,N,28.547843208,-81.558786217,445338.623445,3158019.582082,O,,ARBM15Q1R2,"June 10, 2023",2731478,-9079082.903376196,3318222.1959179603