Crash Id,Calendar Year,FDOT Crash Number,Reporting Agency Case Number,Reporting Agency Type,FDOT Managing District,County Name,Crash Date,Crash Time,Day,DHSMV City,Crash Report City Code,In Town,On Roadway Name,Int Roadway Name,Reference Distance (Miles),Reference Direction,Officer Latitude,Officer Longitude,FDOT Latitude,FDOT Longitude,FDOT Roadway,Nearest Inventory MP,Nearest Node From Crash,State Road #,US Highway,Crash Side of Road,Accident Lane Number,Travel Direction Vehicle 1,FDOT Road Category,DHSMV Road System Id,Relation to Junction,Crash Harmful Event Location,Intersection Type,Shoulder Type,FDOT Roadway SKID Test Result,FDOT Roadway SKID Test Date,Functional Class,RCI Surface Width,RCI Shoulder Type First,RCI Shoulder Width First,RCI Shoulder Type Second,RCI Shoulder Width Second,RCI Shoulder Type Third,RCI Shoulder Width Third,RCI Median Width,Avg Daily Traffic,AADT Source,RCI Avg Per Truck Traffic,RCI Horiz Curve Condition,Posted Speed Limit,Highest Injury in Crash,CAR Status Code,Alcohols/Drug Involved,Site Location,Lighting,Weather,Road Surface,Roadway Grade,Roadway Alignment,Traffic Way Vehicle 1,Traffic Way Vehicle 2,Traffic Control Vehicle 1,Traffic Control Vehicle 2,Count of Lanes,Road Condition 1,Road Condition 2,Road Condition 3,Environment Condition 1,Environment Condition 2,Environment Condition 3,Crash Harmful Event,Manner of Collision,Vehicle Movement,Driver Action Vehicle 1,Driver Action Vehicle 2,Location Within Workzone,Type of Workzone,Workers Present in Workzone,Law Enforcement Present in Workzone,School Bus Related,Count of Nonfatal Injuries,Count of Traffic Fatalities,Count of Serious Injuries,Count of Pedestrians,Count of Drivers,Count of Bicyclists,Count of Vehicles,Count of Persons,Wrong Way,Workzone Inv,Commercial Vehicle Inv,Intersection Inv,Lane Departure,Speeding,Agressive Driving,Impaired Driver,Impaired Pedestrian,Impaired Bicyclist,Distracted Driver,Speeding or Aggressive Driving,Pedestrian Related,Bicyclist Related,Pedestrian or Bicyclist Related,Motorcycle Inv,No Belt,No Belt - Ages 1-4,No Belt - Ages 5-12,No Belt - Ages 13-17,Driver - Ages Teen,Driver - Ages 65 plus,Driver - Ages 65-69,Driver - Ages 70-74,Driver - Ages 75-79,Driver - Ages 80 plus,ARBM Latitude,ARBM Longitude,UTM Zone 17N X,UTM Zone 17N Y,ARBM Side of Road,Urban Rural Indicator,GIS Street Source,Extract Date,OBJECTID,x,y
2020883138830,2020,883138830,FHPD20OFF068593,FLORIDA HIGHWAY PATROL,05 FIFTH,ORANGE,"October 4, 2020",1747,MONDAY,7546 ORLANDO,0746,N,I 4,SR 528,0.5,N,28.4158932,-81.4741689,28.4292857,-81.4740984,75280000,6.848,00336,SR 400,I 4,L LEFT,1 THRU LANE 1,E EAST,01 INTERSTATE URBAN,01 INTERSTATE,01 NON-JUNCTION,01 ON ROADWAY,01 NOT AT INTERSECTION,01 PAVED,38,"March 2, 2020",11 URBAN PRIN ART INT.,48,PAVED WARN,10,LAWN,12,,0,64,204000,RCI,8,,60,1 NO INJURY,31 Q/C COMPLETED - LOC VERIFIED,0 NO,01 NOT AT INTERSECTION/RRX/BRIDGE,01 DAYLIGHT,01 CLEAR,01 DRY,01 LEVEL,1 STRAIGHT,"TWO-WAY, DIVIDED, POSITIVE MED","TWO-WAY, DIVIDED, POSITIVE MED",NO CONTROLS,NO CONTROLS,8,NONE,NOT CODED,NOT CODED,NONE,NOT CODED,NOT CODED,14 MOTOR VEHICLE IN TRANSPORT,01 FRONT TO REAR,01 STRAIGHT AHEAD,OPERATED MV IN CARLESS OR NEGL,NO CONTRIBUTING ACTION,00 NOT CODED,00 NOT CODED,00 NOT CODED,00 NOT CODED,01 NO,0,0,0,0,2,0,2,2,N,N,Y,N,N,N,N,N,N,N,Y,N,N,N,N,N,N,N,N,N,N,N,N,N,N,N,28.429215174,-81.474418896,453539.778037,3144841.797679,L,,ARBM15Q1R2,"June 10, 2023",2731830,-9069691.172932658,3303197.2441826505
2020883328680,2020,883328680,FHPK20OFF047792,FLORIDA HIGHWAY PATROL,05 FIFTH,ORANGE,"October 16, 2020",1950,SATURDAY,7552 WINTER GARDEN,0752,N,SR 429,MM 19,0.1,N,28.51568,-81.59081,28.5158779,-81.5898868,75320000,26.168,03975,SR 429,,L LEFT,2 THRU LANE 2,S SOUTH,03 TOLL ROAD URBAN,06 TURNPIKE/TOLL,01 NON-JUNCTION,01 ON ROADWAY,01 NOT AT INTERSECTION,01 PAVED,39,"November 11, 2019",12 URBAN PRIN ART EXPR.,24,PAVED WARN,8,VALLEY GUTR,3,,0,64,49000,RCI,4.5,1D15,70,1 NO INJURY,31 Q/C COMPLETED - LOC VERIFIED,1 ALC,01 NOT AT INTERSECTION/RRX/BRIDGE,04 DARK-LIGHTED,01 CLEAR,01 DRY,01 LEVEL,1 STRAIGHT,"TWO-WAY, DIVIDED, POSITIVE MED","TWO-WAY, DIVIDED, POSITIVE MED",NO CONTROLS,NO CONTROLS,4,NONE,NOT CODED,NOT CODED,NONE,NOT CODED,NOT CODED,14 MOTOR VEHICLE IN TRANSPORT,01 FRONT TO REAR,01 STRAIGHT AHEAD,NOT CODED,NO CONTRIBUTING ACTION,00 NOT CODED,00 NOT CODED,00 NOT CODED,00 NOT CODED,01 NO,0,0,0,0,1,0,2,1,N,N,N,N,N,N,N,Y,N,N,N,N,N,N,N,N,N,N,N,N,N,N,N,N,N,N,28.515984159,-81.590485621,442220.302483,3154504.877487,L,,ARBM15Q1R2,"June 10, 2023",2732022,-9082611.665678497,3314185.3971444783
2020883328690,2020,883328690,FHPK20OFF048003,FLORIDA HIGHWAY PATROL,08 TURNPIKE,ORANGE,"October 18, 2020",0325,MONDAY,7552 WINTER GARDEN,0752,N,SR 91,MM 274,0.1,N,28.5520945,-81.6495433,0,0,75470000,24.629,03320,SR 91,,M MEDIAN,M MIDDLE,S SOUTH,03 TOLL ROAD URBAN,06 TURNPIKE/TOLL,01 NON-JUNCTION,03 SHOULDER,01 NOT AT INTERSECTION,01 PAVED,39,"November 11, 2019",12 URBAN PRIN ART EXPR.,24,PAVED WARN,8,VALLEY GUTR,3.5,,0,40,66600,RCI,17.8,1D0000,70,1 NO INJURY,31 Q/C COMPLETED - LOC VERIFIED,0 NO,01 NOT AT INTERSECTION/RRX/BRIDGE,04 DARK-LIGHTED,01 CLEAR,01 DRY,01 LEVEL,2 CURVE RIGHT,"TWO-WAY, DIVIDED, POSITIVE MED",,NO CONTROLS,NOT CODED,4,NONE,NOT CODED,NOT CODED,NONE,NOT CODED,NOT CODED,27 GUARDRAIL FACE,77 OTHER (SEE NARRATIVE),01 STRAIGHT AHEAD,FAILED TO KEEP IN PROPER LANE,NOT CODED,00 NOT CODED,00 NOT CODED,00 NOT CODED,00 NOT CODED,01 NO,0,0,0,0,1,0,1,1,N,N,N,N,Y,N,N,N,N,N,N,N,N,N,N,N,N,N,N,N,Y,N,N,N,N,N,28.553078057,-81.652673883,436157.335139,3158645.944452,R,,ARBM15Q1R2,"June 10, 2023",2732023,-9089534.433551883,3318885.609925371
2020883473350,2020,883473350,FHPK20OFF045281,FLORIDA HIGHWAY PATROL,08 TURNPIKE,ORANGE,"October 3, 2020",1025,SUNDAY,7542 OCOEE,0742,N,SR 91,MILE MARKER #267,0,,28.54185,-81.5357099,28.5438086,-81.537801,75470000,17.507,08845,SR 91,,R RIGHT,S SIDE OF ROAD,N NORTH,03 TOLL ROAD URBAN,03 STATE,14 ENTRANCE/EXIT RAMP,02 OFF ROADWAY,77 OTHER (SEE NARRATIVE),02 UNPAVED,39,"November 11, 2019",12 URBAN PRIN ART EXPR.,72,PAVED WARN,12,LAWN,0,,0,26,151100,RCI,17.8,1D1400,70,1 NO INJURY,31 Q/C COMPLETED - LOC VERIFIED,0 NO,01 NOT AT INTERSECTION/RRX/BRIDGE,01 DAYLIGHT,03 RAIN,02 WET,03 UPHILL,2 CURVE RIGHT,ONE-WAY TRAFFICWAY,,NO CONTROLS,NOT CODED,12,NONE,NOT CODED,NOT CODED,WEATHER CONDITIONS,NONE,NOT CODED,33 UTILITY POLE/LIGHT SUPPORT,77 OTHER (SEE NARRATIVE),15 NEGOTIATING A CURVE,DROVE TOO FAST FOR CONDITIONS,NOT CODED,00 NOT CODED,00 NOT CODED,00 NOT CODED,00 NOT CODED,01 NO,0,0,0,0,1,0,1,2,N,N,N,N,Y,Y,N,N,N,N,N,Y,N,N,N,N,N,N,N,N,Y,N,N,N,N,N,28.543827103,-81.53781614,447387.988376,3157565.269523,R,,ARBM15Q1R2,"June 10, 2023",2732149,-9076748.52420726,3317713.2557627074
2020883473360,2020,883473360,FHPK20OFF045992,FLORIDA HIGHWAY PATROL,08 TURNPIKE,ORANGE,"October 7, 2020",0830,THURSDAY,7550 WINDERMERE,0750,N,SR 91,SR 429,1,S,28.5221699,-81.50923,28.5456919,-81.5411442,75470000,17.749,08845,SR 91,,R RIGHT,S SIDE OF ROAD,N NORTH,03 TOLL ROAD URBAN,03 STATE,01 NON-JUNCTION,02 OFF ROADWAY,01 NOT AT INTERSECTION,01 PAVED,39,"November 11, 2019",12 URBAN PRIN ART EXPR.,72,PAVED WARN,12,,0,,0,26,151100,RCI,17.8,1D1400,70,5 FATAL(WITHIN 30 DAYS) INJURY,31 Q/C COMPLETED - LOC VERIFIED,0 NO,01 NOT AT INTERSECTION/RRX/BRIDGE,01 DAYLIGHT,01 CLEAR,01 DRY,01 LEVEL,1 STRAIGHT,"TWO-WAY, NOT DIVIDED",,NO CONTROLS,NOT CODED,12,NONE,NOT CODED,NOT CODED,NONE,NOT CODED,NOT CODED,28 GUARDRAIL END,77 OTHER (SEE NARRATIVE),77 OTHER (SEE NARRATIVE),OTHER CONTRIBUTING ACTION,NOT CODED,00 NOT CODED,00 NOT CODED,00 NOT CODED,00 NOT CODED,01 NO,0,1,0,0,1,0,1,1,N,N,N,N,Y,N,N,N,N,N,N,N,N,N,N,N,N,N,N,N,N,N,N,N,N,N,28.54569086,-81.541172344,447060.593362,3157773.226162,R,,ARBM15Q1R2,"June 10, 2023",2732150,-9077122.13528681,3317949.4376065372
2020883588610,2020,883588610,FHPD20OFF067966,FLORIDA HIGHWAY PATROL,05 FIFTH,ORANGE,"October 2, 2020",1029,SATURDAY,7533 ORLANDO TRANSIT AUTHORITY,0733,N,SR 408,DEAN RD,0,,28.54712,-81.23711,28.5466198,-81.2444765,75008167,0.178,03590,SR 408,,R RIGHT,X RAMP,S SOUTH,08 RAMP RURAL,06 TURNPIKE/TOLL,02 INTERSECTION,01 ON ROADWAY,02 FOUR-WAY INTERSECTION,01 PAVED,0,"December 31, 2000",,32,CURB&GUTTER,2,,0,,0,,6000,RCI,4.1,,,2 POSSIBLE INJURY,31 Q/C COMPLETED - LOC VERIFIED,0 NO,08 EXIT RAMP,01 DAYLIGHT,01 CLEAR,01 DRY,01 LEVEL,1 STRAIGHT,"TWO-WAY, DIVIDED, POSITIVE MED",ONE-WAY TRAFFICWAY,TRAFFIC CONTROL SIGNAL,TRAFFIC CONTROL SIGNAL,2,NONE,NOT CODED,NOT CODED,NONE,NOT CODED,NOT CODED,14 MOTOR VEHICLE IN TRANSPORT,03 ANGLE,01 STRAIGHT AHEAD,RAN RED LIGHT,NO CONTRIBUTING ACTION,00 NOT CODED,00 NOT CODED,00 NOT CODED,00 NOT CODED,01 NO,1,0,0,0,2,0,2,2,N,N,N,N,N,N,N,N,N,N,Y,N,N,N,N,N,N,N,N,N,N,N,N,N,N,N,28.546615891,-81.24448817,476083.6601,3157780.6162,O,,ARBM15Q1R2,"June 10, 2023",2732574,-9044095.394523425,3318066.663362969
2020883510910,2020,883510910,FHPD20OFF078982,FLORIDA HIGHWAY PATROL,05 FIFTH,ORANGE,"November 12, 2020",2200,FRIDAY,7546 ORLANDO,0746,N,I 4,SR 482,0.038,N,28.4521386,-81.4741577,28.450693,-81.4741556,75280000,8.32,03710,SR 400,I 4,R RIGHT,2 THRU LANE 2,E EAST,01 INTERSTATE URBAN,01 INTERSTATE,01 NON-JUNCTION,01 ON ROADWAY,01 NOT AT INTERSECTION,01 PAVED,39,"March 2, 2020",11 URBAN PRIN ART INT.,36,PAVED,10,LAWN,12,,0,64,106000,RCI,5.6,,60,2 POSSIBLE INJURY,31 Q/C COMPLETED - LOC VERIFIED,0 NO,01 NOT AT INTERSECTION/RRX/BRIDGE,04 DARK-LIGHTED,01 CLEAR,01 DRY,01 LEVEL,1 STRAIGHT,"TWO-WAY, DIVIDED, POSITIVE MED","TWO-WAY, DIVIDED, POSITIVE MED",NO CONTROLS,NO CONTROLS,6,NONE,NOT CODED,NOT CODED,NONE,NOT CODED,NOT CODED,14 MOTOR VEHICLE IN TRANSPORT,01 FRONT TO REAR,01 STRAIGHT AHEAD,OPERATED MV IN CARLESS OR NEGL,NO CONTRIBUTING ACTION,00 NOT CODED,00 NOT CODED,00 NOT CODED,00 NOT CODED,01 NO,1,0,0,0,2,0,2,3,N,N,N,N,N,N,N,N,N,N,N,N,N,N,N,N,N,N,N,N,Y,N,N,N,N,N,28.45071077,-81.474168556,453573.68015,3147223.076509,R,,ARBM15Q1R2,"June 10, 2023",2732856,-9069663.305299096,3305918.538747699
2020883137030,2020,883137030,FHPD20OFF073957,FLORIDA HIGHWAY PATROL,05 FIFTH,ORANGE,"October 25, 2020",0627,MONDAY,7533 ORLANDO TRANSIT AUTHORITY,0733,N,SR 429,SR 438,0.5,N,28.5856099,-81.5572999,28.5795362,-81.5570547,75320000,31.706,03406,SR 429,,L LEFT,1 THRU LANE 1,S SOUTH,03 TOLL ROAD URBAN,06 TURNPIKE/TOLL,01 NON-JUNCTION,01 ON ROADWAY,01 NOT AT INTERSECTION,01 PAVED,37,"November 11, 2019",12 URBAN PRIN ART EXPR.,24,PAVED WARN,6,VALLEY GUTR,3,,0,64,74500,RCI,4.6,,70,1 NO INJURY,31 Q/C COMPLETED - LOC VERIFIED,0 NO,01 NOT AT INTERSECTION/RRX/BRIDGE,04 DARK-LIGHTED,01 CLEAR,01 DRY,01 LEVEL,1 STRAIGHT,"TWO-WAY, DIVIDED, POSITIVE MED","TWO-WAY, DIVIDED, POSITIVE MED",NO CONTROLS,NO CONTROLS,4,NONE,NOT CODED,NOT CODED,NONE,NOT CODED,NOT CODED,14 MOTOR VEHICLE IN TRANSPORT,01 FRONT TO REAR,01 STRAIGHT AHEAD,OPERATED MV IN CARLESS OR NEGL,NO CONTRIBUTING ACTION,00 NOT CODED,00 NOT CODED,00 NOT CODED,00 NOT CODED,01 NO,0,0,0,0,2,0,2,2,N,N,N,N,N,N,N,N,N,N,N,N,N,N,N,N,N,N,N,N,N,N,N,N,N,N,28.579430729,-81.557324103,445497.928618,3161518.407183,L,,ARBM15Q1R2,"June 10, 2023",2732967,-9078920.141524222,3322225.795405861
2020883137040,2020,883137040,FHPD20OFF075427,FLORIDA HIGHWAY PATROL,05 FIFTH,ORANGE,"October 30, 2020",1721,SATURDAY,7533 ORLANDO TRANSIT AUTHORITY,0733,N,SR 417,LEE VISTA BLVD,0.011,S,28.47575,-81.23878,0,0,75300000,1.347,02837,SR 417,,M MEDIAN,M MIDDLE,S SOUTH,03 TOLL ROAD URBAN,06 TURNPIKE/TOLL,01 NON-JUNCTION,03 SHOULDER,01 NOT AT INTERSECTION,01 PAVED,37,"November 12, 2019",12 URBAN PRIN ART EXPR.,36,PAVED WARN,8,VALLEY GUTR,3.5,,0,40,116500,RCI,5,,70,1 NO INJURY,31 Q/C COMPLETED - LOC VERIFIED,0 NO,01 NOT AT INTERSECTION/RRX/BRIDGE,01 DAYLIGHT,01 CLEAR,01 DRY,01 LEVEL,1 STRAIGHT,"TWO-WAY, DIVIDED, POSITIVE MED",,NO CONTROLS,NOT CODED,6,NONE,NOT CODED,NOT CODED,NONE,NOT CODED,NOT CODED,27 GUARDRAIL FACE,77 OTHER (SEE NARRATIVE),01 STRAIGHT AHEAD,SWERVED OR AVOIDED:  DUE TO WI,NOT CODED,00 NOT CODED,00 NOT CODED,00 NOT CODED,00 NOT CODED,01 NO,0,0,0,0,1,0,1,1,N,N,N,N,Y,N,N,N,N,N,N,N,N,N,N,N,N,N,N,N,N,N,N,N,N,N,28.477412863,-81.239311329,476574.785684,3150113.009256,R,,ARBM15Q1R2,"June 10, 2023",2732968,-9043519.11078537,3309299.73558711
2020883136170,2020,883136170,FHPD20OFF082170,FLORIDA HIGHWAY PATROL,05 FIFTH,ORANGE,"November 24, 2020",1515,WEDNESDAY,7530 APOPKA,0730,N,CR 437,US 441,0.038,N,28.6942243,-81.5566623,28.6945912,-81.559084,75020000,14.799,00075,SR 500,US 441,T SIDE RD LEFT,1 THRU LANE 1,E EAST,20 URBAN 4-5LN 2WY DIVD RASD,04 COUNTY,04 DRIVEWAY/ALLEY ACCESS RELATED,01 ON ROADWAY,01 NOT AT INTERSECTION,02 UNPAVED,36,"January 22, 2020",14 URBAN PRIN ART OTHER,23,PAVED,4,CURB&GUTTER,12,,0,20,24000,RCI,3.5,,45,3 NO-INCAPACITATING INJURY,31 Q/C COMPLETED - LOC VERIFIED,0 NO,04 DRIVEWAY ACCESS,01 DAYLIGHT,02 CLOUDY,01 DRY,02 HILLCREST,1 STRAIGHT,"TWO-WAY, NOT DIVIDED","TWO-WAY, NOT DIVIDED",NO CONTROLS,NO CONTROLS,4,NONE,NOT CODED,NOT CODED,NONE,NOT CODED,NOT CODED,14 MOTOR VEHICLE IN TRANSPORT,03 ANGLE,05 TURNING RIGHT,IMPROPER TURN,NO CONTRIBUTING ACTION,00 NOT CODED,00 NOT CODED,00 NOT CODED,00 NOT CODED,01 NO,2,0,0,0,2,0,2,3,N,N,N,N,Y,N,N,N,N,N,Y,N,N,N,N,Y,N,N,N,N,N,N,N,N,N,N,28.694601424,-81.559226879,445371.536117,3174278.844908,L,,ARBM15Q1R2,"June 10, 2023",2732984,-9079131.958094608,3336833.4482496777
2020883328710,2020,883328710,FHPK20OFF049048,FLORIDA HIGHWAY PATROL,08 TURNPIKE,ORANGE,"October 23, 2020",1918,SATURDAY,7546 ORLANDO,0746,N,SR 91,MM 258,0.5,N,28.4674799,-81.4394599,28.4633247,-81.4346709,75470000,9.007,03498,SR 91,,R RIGHT,1 THRU LANE 1,N NORTH,03 TOLL ROAD URBAN,06 TURNPIKE/TOLL,01 NON-JUNCTION,01 ON ROADWAY,01 NOT AT INTERSECTION,01 PAVED,40,"November 11, 2019",12 URBAN PRIN ART EXPR.,48,PAVED WARN,10,LAWN,12,,0,26,112000,RCI,17.8,,70,2 POSSIBLE INJURY,31 Q/C COMPLETED - LOC VERIFIED,0 NO,01 NOT AT INTERSECTION/RRX/BRIDGE,02 DUSK,01 CLEAR,01 DRY,01 LEVEL,1 STRAIGHT,"TWO-WAY, DIVIDED, POSITIVE MED","TWO-WAY, DIVIDED, POSITIVE MED",NO CONTROLS,NO CONTROLS,8,NONE,NOT CODED,NOT CODED,NONE,NOT CODED,NOT CODED,14 MOTOR VEHICLE IN TRANSPORT,01 FRONT TO REAR,01 STRAIGHT AHEAD,"OPER MV AGRSIVE, ERATIC, RCKLS",NO CONTRIBUTING ACTION,00 NOT CODED,00 NOT CODED,00 NOT CODED,00 NOT CODED,01 NO,1,0,0,0,2,0,2,2,N,N,N,N,N,N,Y,N,N,N,N,Y,N,N,N,N,N,N,N,N,N,N,N,N,N,N,28.463304731,-81.434648609,457448.20403,3148603.668986,R,,ARBM15Q1R2,"June 10, 2023",2733080,-9065263.963638395,3307513.1632531495
2020883328720,2020,883328720,FHPK20OFF049845,FLORIDA HIGHWAY PATROL,05 FIFTH,ORANGE,"October 27, 2020",2110,WEDNESDAY,7552 WINTER GARDEN,0752,N,SR 429,MILE MARKER #20 R,0.5,S,28.5273508,-81.5688612,0,0,75320000,26.575,03979,SR 429,,R RIGHT,S SIDE OF ROAD,E EAST,03 TOLL ROAD URBAN,06 TURNPIKE/TOLL,01 NON-JUNCTION,02 OFF ROADWAY,01 NOT AT INTERSECTION,01 PAVED,39,"November 11, 2019",12 URBAN PRIN ART EXPR.,24,PAVED WARN,8,VALLEY GUTR,3,,0,64,49000,RCI,4.5,,70,1 NO INJURY,31 Q/C COMPLETED - LOC VERIFIED,0 NO,01 NOT AT INTERSECTION/RRX/BRIDGE,04 DARK-LIGHTED,01 CLEAR,01 DRY,01 LEVEL,1 STRAIGHT,"TWO-WAY, DIVIDED, POSITIVE MED",,NO CONTROLS,NOT CODED,4,NONE,NOT CODED,NOT CODED,NONE,NOT CODED,NOT CODED,33 UTILITY POLE/LIGHT SUPPORT,77 OTHER (SEE NARRATIVE),77 OTHER (SEE NARRATIVE),OVER-CORRECTING/OVERSTEERING,NOT CODED,00 NOT CODED,00 NOT CODED,00 NOT CODED,00 NOT CODED,01 NO,0,0,0,0,1,0,1,1,N,N,N,N,Y,N,N,N,N,N,N,N,N,N,N,N,N,N,N,N,Y,N,N,N,N,N,28.518711172,-81.584186971,442838.115139,3154803.977838,R,,ARBM15Q1R2,"June 10, 2023",2733081,-9081910.502999026,3314530.88396858
2020883328730,2020,883328730,FHPK20OFF050206,FLORIDA HIGHWAY PATROL,08 TURNPIKE,ORANGE,"October 29, 2020",1840,FRIDAY,7546 ORLANDO,0746,N,SR 91,MM 262,0.5,N,28.4973133,-81.4727116,28.5018417,-81.482165,75470000,13.019,08833,SR 91,,R RIGHT,4 THRU LANE 4,N NORTH,03 TOLL ROAD URBAN,06 TURNPIKE/TOLL,01 NON-JUNCTION,01 ON ROADWAY,01 NOT AT INTERSECTION,01 PAVED,37,"November 11, 2019",12 URBAN PRIN ART EXPR.,48,PAVED WARN,10,LAWN,12,,0,26,116000,RCI,17.8,,70,1 NO INJURY,31 Q/C COMPLETED - LOC VERIFIED,0 NO,01 NOT AT INTERSECTION/RRX/BRIDGE,01 DAYLIGHT,01 CLEAR,01 DRY,01 LEVEL,1 STRAIGHT,"TWO-WAY, DIVIDED, POSITIVE MED","TWO-WAY, DIVIDED, POSITIVE MED",NO CONTROLS,NO CONTROLS,8,NONE,NOT CODED,NOT CODED,NONE,NOT CODED,NOT CODED,14 MOTOR VEHICLE IN TRANSPORT,"04 SIDESWIPE, SAME DIRECTION",06 CHANGING LANES,NOT CODED,NO CONTRIBUTING ACTION,00 NOT CODED,00 NOT CODED,00 NOT CODED,00 NOT CODED,01 NO,0,0,0,0,1,0,2,1,N,N,N,N,Y,N,N,N,N,N,N,N,N,N,N,N,N,N,N,N,N,N,N,N,N,N,28.501848517,-81.482153041,452814.63254,3152891.479998,R,,ARBM15Q1R2,"June 10, 2023",2733082,-9070552.134567427,3312394.688337791
2020883328750,2020,883328750,FHPK20OFF050626,FLORIDA HIGHWAY PATROL,08 TURNPIKE,ORANGE,"October 31, 2020",1933,SUNDAY,7546 ORLANDO,0746,N,SR 91,MM 260,0.2,S,28.4765511,-81.4475019,28.47729,-81.4480503,75470000,10.274,08902,SR 91,,R RIGHT,S SIDE OF ROAD,N NORTH,03 TOLL ROAD URBAN,06 TURNPIKE/TOLL,01 NON-JUNCTION,03 SHOULDER,01 NOT AT INTERSECTION,01 PAVED,37,"November 11, 2019",12 URBAN PRIN ART EXPR.,48,PAVED WARN,12,,0,,0,26,112000,RCI,17.8,,70,2 POSSIBLE INJURY,31 Q/C COMPLETED - LOC VERIFIED,0 NO,01 NOT AT INTERSECTION/RRX/BRIDGE,05 DARK-NOT LIGHTED,03 RAIN,08 WATER (STANDING/MOVING),03 UPHILL,1 STRAIGHT,"TWO-WAY, DIVIDED, POSITIVE MED",,NO CONTROLS,NOT CODED,8,"RD SURFC (WET, ICY, SNOW, ETC)",NOT CODED,NOT CODED,WEATHER CONDITIONS,NOT CODED,NOT CODED,30 CONCRETE TRAFFIC BARRIER,77 OTHER (SEE NARRATIVE),01 STRAIGHT AHEAD,NO CONTRIBUTING ACTION,NOT CODED,00 NOT CODED,00 NOT CODED,00 NOT CODED,00 NOT CODED,01 NO,1,0,0,0,1,0,1,1,N,N,N,N,Y,N,N,N,N,N,N,N,N,N,N,N,N,N,N,N,N,N,N,N,N,N,28.477262861,-81.448054489,456141.527869,3150154.833285,R,,ARBM15Q1R2,"June 10, 2023",2733083,-9066756.299784098,3309280.738186852
2020883688690,2020,883688690,FHPD20OFF080406,FLORIDA HIGHWAY PATROL,05 FIFTH,ORANGE,"November 18, 2020",1451,THURSDAY,7533 ORLANDO TRANSIT AUTHORITY,0733,N,SR 408,SR 423,0.189,E,28.54577,-81.42704,28.5406544,-81.4113156,75008000,3.351,01514,SR 408,,L LEFT,3 THRU LANE 3,W WEST,03 TOLL ROAD URBAN,06 TURNPIKE/TOLL,01 NON-JUNCTION,01 ON ROADWAY,01 NOT AT INTERSECTION,01 PAVED,39,"March 2, 2020",12 URBAN PRIN ART EXPR.,36,PAVED WARN,8,VALLEY GUTR,0,,0,16,106500,RCI,4.5,,65,1 NO INJURY,31 Q/C COMPLETED - LOC VERIFIED,0 NO,01 NOT AT INTERSECTION/RRX/BRIDGE,01 DAYLIGHT,01 CLEAR,01 DRY,01 LEVEL,1 STRAIGHT,"TWO-WAY, DIVIDED, POSITIVE MED","TWO-WAY, DIVIDED, POSITIVE MED",NO CONTROLS,NO CONTROLS,6,NONE,NOT CODED,NOT CODED,NONE,NOT CODED,NOT CODED,14 MOTOR VEHICLE IN TRANSPORT,"04 SIDESWIPE, SAME DIRECTION",11 OVERTAKING/PASSING,NOT CODED,NO CONTRIBUTING ACTION,00 NOT CODED,00 NOT CODED,00 NOT CODED,00 NOT CODED,01 NO,0,0,0,0,1,0,2,1,N,N,N,N,Y,N,N,N,N,N,N,N,N,N,N,N,N,N,N,N,N,N,N,N,N,N,28.540847877,-81.411305109,459762.966867,3157186.232344,L,,ARBM15Q1R2,"June 10, 2023",2733085,-9062665.376568314,3317335.726794047
2020883688700,2020,883688700,FHPD20OFF080502,FLORIDA HIGHWAY PATROL,05 FIFTH,ORANGE,"November 18, 2020",1824,THURSDAY,7533 ORLANDO TRANSIT AUTHORITY,0733,N,SR 417,UNIVERSITY BLVD,0.189,S,28.6075699,-81.2566499,0,0,75300000,10.159,02664,SR 417,,L LEFT,S SIDE OF ROAD,S SOUTH,03 TOLL ROAD URBAN,06 TURNPIKE/TOLL,01 NON-JUNCTION,03 SHOULDER,01 NOT AT INTERSECTION,01 PAVED,39,"November 12, 2019",12 URBAN PRIN ART EXPR.,36,PAVED WARN,10,LAWN,12,,0,64,101500,RCI,5,2D00,70,1 NO INJURY,31 Q/C COMPLETED - LOC VERIFIED,0 NO,01 NOT AT INTERSECTION/RRX/BRIDGE,02 DUSK,01 CLEAR,01 DRY,01 LEVEL,3 CURVE LEFT,"TWO-WAY, DIVIDED, POSITIVE MED",,NO CONTROLS,NOT CODED,5,NONE,NOT CODED,NOT CODED,NONE,NOT CODED,NOT CODED,27 GUARDRAIL FACE,77 OTHER (SEE NARRATIVE),01 STRAIGHT AHEAD,NO CONTRIBUTING ACTION,NOT CODED,00 NOT CODED,00 NOT CODED,00 NOT CODED,00 NOT CODED,01 NO,0,0,0,0,1,0,1,1,N,N,N,N,Y,N,N,N,N,N,N,N,N,N,N,N,N,N,N,N,N,N,N,N,N,N,28.594285733,-81.250597979,475497.030357,3163062.951639,L,,ARBM15Q1R2,"June 10, 2023",2733086,-9044775.53574266,3324109.0279382872
2020883688710,2020,883688710,FHPD20OFF080788,FLORIDA HIGHWAY PATROL,05 FIFTH,ORANGE,"November 19, 2020",1730,FRIDAY,7533 ORLANDO TRANSIT AUTHORITY,0733,N,SR 528,DALLAS BLVD,0.189,E,28.4514,-81.12435,28.4515598,-81.0917473,75002000,23.485,01880,SR 528,,R RIGHT,2 THRU LANE 2,E EAST,04 TOLL ROAD RURAL,06 TURNPIKE/TOLL,01 NON-JUNCTION,01 ON ROADWAY,01 NOT AT INTERSECTION,01 PAVED,38,"April 2, 2018",02 RURAL PRIN ART EXPR.,24,PAVED WARN,10,LAWN,12,,0,42,56500,RCI,8.9,,70,4 INCAPACITATING INJURY,31 Q/C COMPLETED - LOC VERIFIED,0 NO,01 NOT AT INTERSECTION/RRX/BRIDGE,01 DAYLIGHT,02 CLOUDY,02 WET,01 LEVEL,1 STRAIGHT,"TWO-WAY, DIVIDED, POSITIVE MED","TWO-WAY, DIVIDED, POSITIVE MED",NO CONTROLS,NO CONTROLS,4,NONE,NOT CODED,NOT CODED,NONE,NOT CODED,NOT CODED,14 MOTOR VEHICLE IN TRANSPORT,01 FRONT TO REAR,06 CHANGING LANES,OPERATED MV IN CARLESS OR NEGL,NO CONTRIBUTING ACTION,00 NOT CODED,00 NOT CODED,00 NOT CODED,00 NOT CODED,01 NO,4,0,1,0,3,0,3,5,N,N,N,N,Y,N,N,N,N,N,Y,N,N,N,N,N,N,N,N,N,N,Y,Y,N,N,N,28.451566682,-81.091570934,491034.324193,3147229.78795,R,,ARBM15Q1R2,"June 10, 2023",2733087,-9027072.720401764,3306026.9080668446