Crash Id,Calendar Year,FDOT Crash Number,Reporting Agency Case Number,Reporting Agency Type,FDOT Managing District,County Name,Crash Date,Crash Time,Day,DHSMV City,Crash Report City Code,In Town,On Roadway Name,Int Roadway Name,Reference Distance (Miles),Reference Direction,Officer Latitude,Officer Longitude,FDOT Latitude,FDOT Longitude,FDOT Roadway,Nearest Inventory MP,Nearest Node From Crash,State Road #,US Highway,Crash Side of Road,Accident Lane Number,Travel Direction Vehicle 1,FDOT Road Category,DHSMV Road System Id,Relation to Junction,Crash Harmful Event Location,Intersection Type,Shoulder Type,FDOT Roadway SKID Test Result,FDOT Roadway SKID Test Date,Functional Class,RCI Surface Width,RCI Shoulder Type First,RCI Shoulder Width First,RCI Shoulder Type Second,RCI Shoulder Width Second,RCI Shoulder Type Third,RCI Shoulder Width Third,RCI Median Width,Avg Daily Traffic,AADT Source,RCI Avg Per Truck Traffic,RCI Horiz Curve Condition,Posted Speed Limit,Highest Injury in Crash,CAR Status Code,Alcohols/Drug Involved,Site Location,Lighting,Weather,Road Surface,Roadway Grade,Roadway Alignment,Traffic Way Vehicle 1,Traffic Way Vehicle 2,Traffic Control Vehicle 1,Traffic Control Vehicle 2,Count of Lanes,Road Condition 1,Road Condition 2,Road Condition 3,Environment Condition 1,Environment Condition 2,Environment Condition 3,Crash Harmful Event,Manner of Collision,Vehicle Movement,Driver Action Vehicle 1,Driver Action Vehicle 2,Location Within Workzone,Type of Workzone,Workers Present in Workzone,Law Enforcement Present in Workzone,School Bus Related,Count of Nonfatal Injuries,Count of Traffic Fatalities,Count of Serious Injuries,Count of Pedestrians,Count of Drivers,Count of Bicyclists,Count of Vehicles,Count of Persons,Wrong Way,Workzone Inv,Commercial Vehicle Inv,Intersection Inv,Lane Departure,Speeding,Agressive Driving,Impaired Driver,Impaired Pedestrian,Impaired Bicyclist,Distracted Driver,Speeding or Aggressive Driving,Pedestrian Related,Bicyclist Related,Pedestrian or Bicyclist Related,Motorcycle Inv,No Belt,No Belt - Ages 1-4,No Belt - Ages 5-12,No Belt - Ages 13-17,Driver - Ages Teen,Driver - Ages 65 plus,Driver - Ages 65-69,Driver - Ages 70-74,Driver - Ages 75-79,Driver - Ages 80 plus,ARBM Latitude,ARBM Longitude,UTM Zone 17N X,UTM Zone 17N Y,ARBM Side of Road,Urban Rural Indicator,GIS Street Source,Extract Date,OBJECTID,x,y
2020884218270,2020,884218270,FHPD20OFF084778,FLORIDA HIGHWAY PATROL,05 FIFTH,ORANGE,"December 6, 2020",0400,MONDAY,7546 ORLANDO,0746,N,US 441,SR 414,0.189,S,28.6313099,-81.4506099,28.6314076,-81.4507615,75020000,6.566,01632,SR 500,US 441,R RIGHT,S SIDE OF ROAD,N NORTH,23 SUBURBAN 4-5LN 2WY DIVD RASD,02 U.S.,01 NON-JUNCTION,02 OFF ROADWAY,01 NOT AT INTERSECTION,01 PAVED,33,"January 22, 2020",14 URBAN PRIN ART OTHER,23,PAVED,10,LAWN,10,,0,44,27000,RCI,5.6,,55,0 UNKNOWN/NOT CODED,31 Q/C COMPLETED - LOC VERIFIED,0 NO,01 NOT AT INTERSECTION/RRX/BRIDGE,04 DARK-LIGHTED,03 RAIN,02 WET,01 LEVEL,1 STRAIGHT,"TWO-WAY, DIVIDED, POSITIVE MED",,NO CONTROLS,NOT CODED,4,NONE,NOT CODED,NOT CODED,NONE,NOT CODED,NOT CODED,25 DITCH,77 OTHER (SEE NARRATIVE),01 STRAIGHT AHEAD,NOT CODED,NOT CODED,00 NOT CODED,00 NOT CODED,00 NOT CODED,00 NOT CODED,01 NO,0,0,0,0,0,0,1,0,N,N,N,N,Y,N,N,N,N,N,N,N,N,N,N,N,N,N,N,N,N,N,N,N,N,N,28.631451408,-81.450702268,455946.572582,3167237.733811,R,,ARBM15Q1R2,"June 10, 2023",2798348,-9067051.04990239,3328821.8432323136
2020884153490,2020,884153490,FHPD20OFF074835,FLORIDA HIGHWAY PATROL,05 FIFTH,ORANGE,"October 28, 2020",1407,THURSDAY,7546 ORLANDO,0746,N,COLONIAL DR W,POWERS DR,0.019,E,28.5522563,-81.4670335,28.5521305,-81.4672877,75050000,11.62,05031,SR 50,,L LEFT,3 THRU LANE 3,W WEST,30 URBAN 6+LN 2WY DIVD RASD,03 STATE,01 NON-JUNCTION,01 ON ROADWAY,01 NOT AT INTERSECTION,03 CURB,44,"April 1, 2018",14 URBAN PRIN ART OTHER,36,PAVED,4,CURB&GUTTER,2,,0,28,41500,RCI,3.4,,45,2 POSSIBLE INJURY,31 Q/C COMPLETED - LOC VERIFIED,0 NO,03 INFLUENCED BY INTERSECTION,01 DAYLIGHT,02 CLOUDY,01 DRY,01 LEVEL,1 STRAIGHT,"TWO-WAY, DIVIDED, POSITIVE MED","TWO-WAY, DIVIDED, POSITIVE MED",NO CONTROLS,NO CONTROLS,6,NONE,NOT CODED,NOT CODED,NONE,NOT CODED,NOT CODED,14 MOTOR VEHICLE IN TRANSPORT,01 FRONT TO REAR,01 STRAIGHT AHEAD,OPERATED MV IN CARLESS OR NEGL,NO CONTRIBUTING ACTION,00 NOT CODED,00 NOT CODED,00 NOT CODED,00 NOT CODED,01 NO,1,0,0,0,2,0,2,4,N,N,N,Y,N,N,N,N,N,N,Y,N,N,N,N,N,N,N,N,N,N,Y,Y,N,N,N,28.552237985,-81.467317415,454288.267602,3158468.171279,L,,ARBM15Q1R2,"June 10, 2023",2798349,-9068900.639868004,3318779.145681225
2020884153520,2020,884153520,FHPD20OFF075140,FLORIDA HIGHWAY PATROL,05 FIFTH,ORANGE,"October 29, 2020",1655,FRIDAY,7546 ORLANDO,0746,N,ORANGE BLOSSOM TRL S,AUGUST LN,0.005,S,28.4475699,-81.40151,0,0,75010000,6.88,02475,SR 500,US 17,L LEFT,C CROSSWALK,W WEST,30 URBAN 6+LN 2WY DIVD RASD,03 STATE,02 INTERSECTION,01 ON ROADWAY,02 FOUR-WAY INTERSECTION,03 CURB,38,"March 1, 2020",14 URBAN PRIN ART OTHER,30,CURB&GUTTER,2,,0,,0,18,67000,RCI,6.9,,45,4 INCAPACITATING INJURY,31 Q/C COMPLETED - LOC VERIFIED,0 NO,02 AT INTERSECTION,01 DAYLIGHT,01 CLEAR,01 DRY,01 LEVEL,1 STRAIGHT,"TWO-WAY, NOT DIVIDED",,TRAFFIC CONTROL SIGNAL,NOT CODED,6,NONE,NOT CODED,NOT CODED,NONE,NOT CODED,NOT CODED,10 PEDESTRIAN,77 OTHER (SEE NARRATIVE),03 TURNING LEFT,FAILED TO YIELD RIGHT-OF-WAY,NOT CODED,00 NOT CODED,00 NOT CODED,00 NOT CODED,00 NOT CODED,01 NO,1,0,1,1,1,0,1,2,N,N,N,Y,N,N,N,N,N,N,Y,N,Y,N,Y,N,N,N,N,N,N,N,N,N,N,N,28.447545551,-81.401676204,460670.377849,3146846.575684,L,,ARBM15Q1R2,"June 10, 2023",2798350,-9061593.491204578,3305517.794614515
2020884153530,2020,884153530,FHPD20OFF075355,FLORIDA HIGHWAY PATROL,05 FIFTH,ORANGE,"October 30, 2020",1340,SATURDAY,7546 ORLANDO,0746,N,SR 438,POWERS DR,0.019,E,28.57779,-81.4674861,28.5777086,-81.4674917,75250000,5.333,06003,SR 438,,L LEFT,1 THRU LANE 1,W WEST,30 URBAN 6+LN 2WY DIVD RASD,03 STATE,01 NON-JUNCTION,01 ON ROADWAY,01 NOT AT INTERSECTION,03 CURB,38,"September 8, 2019",16 URBAN MINOR ART,36,CURB&GUTTER,2,,0,,0,20,32500,RCI,4.3,,40,1 NO INJURY,31 Q/C COMPLETED - LOC VERIFIED,0 NO,03 INFLUENCED BY INTERSECTION,01 DAYLIGHT,01 CLEAR,01 DRY,01 LEVEL,1 STRAIGHT,"TWO-WAY, DIVIDED, POSITIVE MED","TWO-WAY, DIVIDED, POSITIVE MED",NO CONTROLS,NO CONTROLS,6,NONE,NOT CODED,NOT CODED,NONE,NOT CODED,NOT CODED,14 MOTOR VEHICLE IN TRANSPORT,01 FRONT TO REAR,01 STRAIGHT AHEAD,NOT CODED,NO CONTRIBUTING ACTION,00 NOT CODED,00 NOT CODED,00 NOT CODED,00 NOT CODED,01 NO,0,0,0,0,1,0,2,1,N,N,N,Y,N,N,N,N,N,N,N,N,N,N,N,N,N,N,N,N,N,N,N,N,N,N,28.577794102,-81.467459137,454285.449995,3161299.49315,L,,ARBM15Q1R2,"June 10, 2023",2798351,-9068916.416339705,3322018.3297859994
2020884195730,2020,884195730,FHPD20OFF082459,FLORIDA HIGHWAY PATROL,05 FIFTH,ORANGE,"November 25, 2020",2130,THURSDAY,7546 ORLANDO,0746,N,SR 438,CR 435,0.038,E,28.57779,-81.4677599,28.5775991,-81.4753971,75250000,4.852,01231,SR 438,,R RIGHT,1 THRU LANE 1,E EAST,30 URBAN 6+LN 2WY DIVD RASD,03 STATE,04 DRIVEWAY/ALLEY ACCESS RELATED,01 ON ROADWAY,01 NOT AT INTERSECTION,03 CURB,38,"September 8, 2019",16 URBAN MINOR ART,36,CURB&GUTTER,2,,0,,0,20,40000,RCI,6.1,,40,1 NO INJURY,31 Q/C COMPLETED - LOC VERIFIED,0 NO,04 DRIVEWAY ACCESS,04 DARK-LIGHTED,01 CLEAR,01 DRY,01 LEVEL,1 STRAIGHT,"TWO-WAY, DIVIDED, POSITIVE MED","TWO-WAY, DIVIDED, POSITIVE MED",NO CONTROLS,NO CONTROLS,6,NONE,NOT CODED,NOT CODED,NONE,NOT CODED,NOT CODED,14 MOTOR VEHICLE IN TRANSPORT,"04 SIDESWIPE, SAME DIRECTION",06 CHANGING LANES,FAILED TO KEEP IN PROPER LANE,NO CONTRIBUTING ACTION,00 NOT CODED,00 NOT CODED,00 NOT CODED,00 NOT CODED,01 NO,0,0,0,0,2,0,2,2,N,N,N,N,Y,N,N,N,N,N,N,N,N,N,N,N,N,N,N,N,Y,N,N,N,N,N,28.577508684,-81.475354229,453513.224782,3161270.911506,R,,ARBM15Q1R2,"June 10, 2023",2798424,-9069795.294210235,3321982.149367599
2020884195740,2020,884195740,FHPD20OFF082606,FLORIDA HIGHWAY PATROL,05 FIFTH,ORANGE,"November 26, 2020",1516,FRIDAY,7546 ORLANDO,0746,N,US 441,TOWN CENTER BLVD,0.038,S,28.3668947,-81.4043747,28.3672331,-81.4044479,75010000,1.331,02775,SR 500,US 17,R RIGHT,1 THRU LANE 1,N NORTH,30 URBAN 6+LN 2WY DIVD RASD,02 U.S.,01 NON-JUNCTION,01 ON ROADWAY,01 NOT AT INTERSECTION,03 CURB,37,"March 1, 2020",14 URBAN PRIN ART OTHER,35,PAVED,4,CURB&GUTTER,2,,0,31,47000,RCI,6.9,,50,1 NO INJURY,31 Q/C COMPLETED - LOC VERIFIED,0 NO,03 INFLUENCED BY INTERSECTION,01 DAYLIGHT,01 CLEAR,01 DRY,01 LEVEL,1 STRAIGHT,"TWO-WAY, DIVIDED, POSITIVE MED","TWO-WAY, DIVIDED, POSITIVE MED",NO CONTROLS,NO CONTROLS,6,NONE,NOT CODED,NOT CODED,NONE,NOT CODED,NOT CODED,14 MOTOR VEHICLE IN TRANSPORT,01 FRONT TO REAR,01 STRAIGHT AHEAD,OPERATED MV IN CARLESS OR NEGL,NO CONTRIBUTING ACTION,00 NOT CODED,00 NOT CODED,00 NOT CODED,00 NOT CODED,01 NO,0,0,0,0,2,0,2,2,N,N,N,Y,N,N,N,N,N,N,Y,N,N,N,N,N,N,N,N,N,N,Y,N,Y,N,N,28.367246531,-81.40435689,460378.031749,3137951.669355,R,,ARBM15Q1R2,"June 10, 2023",2798425,-9061891.903623598,3295355.243268508
2020884127890,2020,884127890,FHPD20OFF075903,FLORIDA HIGHWAY PATROL,05 FIFTH,ORANGE,"November 1, 2020",1145,MONDAY,7546 ORLANDO,0746,N,ORANGE BLOSSOM TRL,HOLDEN AVE,0.019,N,28.4971074,-81.3969333,28.4947432,-81.3968311,75010000,10.164,01937,SR 500,US 17,L LEFT,3 THRU LANE 3,S SOUTH,30 URBAN 6+LN 2WY DIVD RASD,04 COUNTY,01 NON-JUNCTION,01 ON ROADWAY,01 NOT AT INTERSECTION,03 CURB,38,"March 1, 2020",14 URBAN PRIN ART OTHER,32,CURB&GUTTER,2,,0,,0,15,58500,RCI,6.2,,40,1 NO INJURY,31 Q/C COMPLETED - LOC VERIFIED,0 NO,03 INFLUENCED BY INTERSECTION,01 DAYLIGHT,01 CLEAR,01 DRY,01 LEVEL,1 STRAIGHT,"TWO-WAY, DIVIDED, POSITIVE MED","TWO-WAY, DIVIDED, POSITIVE MED",NO CONTROLS,NO CONTROLS,6,NONE,NOT CODED,NOT CODED,NONE,NOT CODED,NOT CODED,14 MOTOR VEHICLE IN TRANSPORT,"04 SIDESWIPE, SAME DIRECTION",06 CHANGING LANES,NOT CODED,NO CONTRIBUTING ACTION,00 NOT CODED,00 NOT CODED,00 NOT CODED,00 NOT CODED,01 NO,0,0,0,0,1,0,2,1,N,N,N,Y,N,N,N,N,N,N,N,N,N,N,N,N,N,N,N,N,N,N,N,N,N,N,28.494756819,-81.396916888,461153.657427,3152075.29215,L,,ARBM15Q1R2,"June 10, 2023",2798904,-9061063.68656412,3311496.399531713
2020884252290,2020,884252290,FHPD20OFF084287,FLORIDA HIGHWAY PATROL,05 FIFTH,ORANGE,"December 3, 2020",2130,FRIDAY,7546 ORLANDO,0746,N,CR 431,SR 438,0.004,N,28.5817836,-81.4516236,28.5779603,-81.4515298,75250000,6.304,01860,SR 438,,T SIDE RD LEFT,1 THRU LANE 1,W WEST,30 URBAN 6+LN 2WY DIVD RASD,04 COUNTY,04 DRIVEWAY/ALLEY ACCESS RELATED,01 ON ROADWAY,01 NOT AT INTERSECTION,03 CURB,38,"September 8, 2019",16 URBAN MINOR ART,36,CURB&GUTTER,2,,0,,0,20,32500,RCI,4.3,,40,4 INCAPACITATING INJURY,31 Q/C COMPLETED - LOC VERIFIED,0 NO,04 DRIVEWAY ACCESS,04 DARK-LIGHTED,01 CLEAR,01 DRY,01 LEVEL,1 STRAIGHT,"TWO-WAY, NOT DIVIDED","TWO-WAY, DIVIDED, POSITIVE MED",NO CONTROLS,NO CONTROLS,6,NONE,NOT CODED,NOT CODED,NONE,NOT CODED,NOT CODED,14 MOTOR VEHICLE IN TRANSPORT,03 ANGLE,03 TURNING LEFT,FAILED TO YIELD RIGHT-OF-WAY,NO CONTRIBUTING ACTION,00 NOT CODED,00 NOT CODED,00 NOT CODED,00 NOT CODED,01 NO,4,0,1,0,3,0,3,4,N,N,N,N,Y,N,N,N,N,N,N,N,N,N,N,N,N,N,N,N,N,N,N,N,N,N,28.578024649,-81.451488512,455847.390438,3161319.043206,L,,ARBM15Q1R2,"June 10, 2023",2799497,-9067138.574060816,3322047.5548703102
2020884153860,2020,884153860,FHPD20OFF080472,FLORIDA HIGHWAY PATROL,05 FIFTH,ORANGE,"November 18, 2020",1750,THURSDAY,7546 ORLANDO,0746,N,SR 50,FORSYTH RD,0.057,W,28.5664015,-81.2956859,0,0,75060000,6.374,05155,SR 50,,R RIGHT,D DRIVEWAY,E EAST,30 URBAN 6+LN 2WY DIVD RASD,03 STATE,02 INTERSECTION,01 ON ROADWAY,03 T-INTERSECTION,03 CURB,42,"September 9, 2019",14 URBAN PRIN ART OTHER,36,PAVED,4,CURB&GUTTER,2,,0,33,57500,RCI,3.6,0D3600,50,4 INCAPACITATING INJURY,31 Q/C COMPLETED - LOC VERIFIED,0 NO,04 DRIVEWAY ACCESS,01 DAYLIGHT,01 CLEAR,01 DRY,01 LEVEL,1 STRAIGHT,"TWO-WAY, DIVIDED, POSITIVE MED","TWO-WAY, DIVIDED, POSITIVE MED",NO CONTROLS,NO CONTROLS,6,NONE,NOT CODED,NOT CODED,NONE,NOT CODED,NOT CODED,14 MOTOR VEHICLE IN TRANSPORT,03 ANGLE,01 STRAIGHT AHEAD,FAILED TO KEEP IN PROPER LANE,OTHER CONTRIBUTING ACTION,00 NOT CODED,00 NOT CODED,00 NOT CODED,00 NOT CODED,01 NO,1,0,1,0,2,0,2,4,N,N,N,N,N,N,N,N,N,N,Y,N,N,N,N,Y,N,N,N,N,N,N,N,N,N,N,28.566551977,-81.295134929,471134.705578,3160000.383779,R,,ARBM15Q1R2,"June 10, 2023",2800036,-9049733.367662046,3320593.317756981
2020884153870,2020,884153870,FHPD20OFF081051,FLORIDA HIGHWAY PATROL,05 FIFTH,ORANGE,"November 20, 2020",1425,SATURDAY,7546 ORLANDO,0746,N,US 441,BROWNELL ST,0.002,S,28.6294041,-81.4496022,0,0,75020000,6.4,01632,SR 500,US 441,L LEFT,1 THRU LANE 1,S SOUTH,23 SUBURBAN 4-5LN 2WY DIVD RASD,02 U.S.,01 NON-JUNCTION,01 ON ROADWAY,01 NOT AT INTERSECTION,01 PAVED,30,"January 22, 2020",14 URBAN PRIN ART OTHER,23,PAVED,4,LAWN,10,,0,44,27000,RCI,5.6,,55,4 INCAPACITATING INJURY,31 Q/C COMPLETED - LOC VERIFIED,0 NO,01 NOT AT INTERSECTION/RRX/BRIDGE,01 DAYLIGHT,02 CLOUDY,01 DRY,01 LEVEL,1 STRAIGHT,"TWO-WAY, DIVIDED, POSITIVE MED","TWO-WAY, DIVIDED, POSITIVE MED",NO CONTROLS,NO CONTROLS,4,NONE,NOT CODED,NOT CODED,NONE,NOT CODED,NOT CODED,14 MOTOR VEHICLE IN TRANSPORT,01 FRONT TO REAR,01 STRAIGHT AHEAD,OPERATED MV IN CARLESS OR NEGL,NO CONTRIBUTING ACTION,00 NOT CODED,00 NOT CODED,00 NOT CODED,00 NOT CODED,01 NO,4,0,1,0,2,0,2,4,N,N,N,N,Y,N,N,N,N,N,Y,N,N,N,N,N,N,N,N,N,N,N,N,N,N,N,28.629340604,-81.449554179,456057.913408,3167003.46118,L,,ARBM15Q1R2,"June 10, 2023",2800037,-9066923.245214917,3328554.1367349382
2020884153880,2020,884153880,FHPD20OFF081076,FLORIDA HIGHWAY PATROL,05 FIFTH,ORANGE,"November 20, 2020",1610,SATURDAY,7546 ORLANDO,0746,N,US 441,MAITLAND BLVD,0.004,S,28.6333706,-81.452196,28.6340482,-81.452486,75020000,6.776,01247,SR 500,US 441,L LEFT,2 THRU LANE 2,E EAST,20 URBAN 4-5LN 2WY DIVD RASD,02 U.S.,02 INTERSECTION,01 ON ROADWAY,02 FOUR-WAY INTERSECTION,03 CURB,33,"January 22, 2020",14 URBAN PRIN ART OTHER,23,CURB&GUTTER,16,CURB&GUTTER,2,,0,43,27000,RCI,5.6,,45,2 POSSIBLE INJURY,31 Q/C COMPLETED - LOC VERIFIED,1 ALC,01 NOT AT INTERSECTION/RRX/BRIDGE,01 DAYLIGHT,03 RAIN,02 WET,01 LEVEL,1 STRAIGHT,"TWO-WAY, DIVIDED, POSITIVE MED","TWO-WAY, DIVIDED, POSITIVE MED",TRAFFIC CONTROL SIGNAL,NO CONTROLS,4,"RD SURFC (WET, ICY, SNOW, ETC)",NOT CODED,NOT CODED,WEATHER CONDITIONS,NOT CODED,NOT CODED,14 MOTOR VEHICLE IN TRANSPORT,01 FRONT TO REAR,05 TURNING RIGHT,FAILED TO YIELD RIGHT-OF-WAY,NO CONTRIBUTING ACTION,00 NOT CODED,00 NOT CODED,00 NOT CODED,00 NOT CODED,01 NO,2,0,0,0,2,0,2,2,N,N,N,N,N,N,N,Y,N,N,Y,N,N,N,N,N,N,N,N,N,N,N,N,N,N,N,28.634076796,-81.452641026,455758.169646,3167529.309274,L,,ARBM15Q1R2,"June 10, 2023",2800038,-9067266.871620642,3329154.8202842707
2020884153890,2020,884153890,FHPD20OFF081334,FLORIDA HIGHWAY PATROL,05 FIFTH,ORANGE,"November 21, 2020",1245,SUNDAY,7546 ORLANDO,0746,N,LEE RD,ALLOWAY ST,0.038,N,28.6083124,-81.3903392,28.6079532,-81.3891086,75190000,8.361,06225,SR 423,,R RIGHT,S SIDE OF ROAD,E EAST,30 URBAN 6+LN 2WY DIVD RASD,03 STATE,01 NON-JUNCTION,01 ON ROADWAY,01 NOT AT INTERSECTION,03 CURB,37,"September 8, 2019",14 URBAN PRIN ART OTHER,33,CURB&GUTTER,2,,0,,0,15,42000,RCI,7.1,,45,1 NO INJURY,31 Q/C COMPLETED - LOC VERIFIED,0 NO,03 INFLUENCED BY INTERSECTION,01 DAYLIGHT,02 CLOUDY,01 DRY,01 LEVEL,1 STRAIGHT,"TWO-WAY, DIVIDED, POSITIVE MED","TWO-WAY, DIVIDED, POSITIVE MED",NO CONTROLS,NO CONTROLS,6,NONE,NOT CODED,NOT CODED,NONE,NOT CODED,NOT CODED,14 MOTOR VEHICLE IN TRANSPORT,01 FRONT TO REAR,01 STRAIGHT AHEAD,OPERATED MV IN CARLESS OR NEGL,NO CONTRIBUTING ACTION,00 NOT CODED,00 NOT CODED,00 NOT CODED,00 NOT CODED,01 NO,0,0,0,0,2,0,2,3,N,N,N,Y,N,N,N,N,N,N,Y,N,N,N,N,N,N,N,N,N,N,N,N,N,N,N,28.607749186,-81.388929186,461976.035092,3164590.646065,R,,ARBM15Q1R2,"June 10, 2023",2800039,-9060174.499819426,3325816.0762206563
2020884153930,2020,884153930,FHPD20OFF082224,FLORIDA HIGHWAY PATROL,05 FIFTH,ORANGE,"November 24, 2020",1813,WEDNESDAY,7546 ORLANDO,0746,N,HART BLVD,SR 50,0,,28.5522099,-81.47073,28.5521069,-81.4706932,75050000,11.413,02139,SR 50,,T SIDE RD LEFT,2 THRU LANE 2,N NORTH,30 URBAN 6+LN 2WY DIVD RASD,03 STATE,02 INTERSECTION,01 ON ROADWAY,03 T-INTERSECTION,03 CURB,44,"April 1, 2018",14 URBAN PRIN ART OTHER,36,PAVED,4,CURB&GUTTER,2,,0,30,41500,RCI,3.4,,45,2 POSSIBLE INJURY,31 Q/C COMPLETED - LOC VERIFIED,0 NO,02 AT INTERSECTION,04 DARK-LIGHTED,02 CLOUDY,01 DRY,01 LEVEL,1 STRAIGHT,"TWO-WAY, DIVIDED, POSITIVE MED",,NO CONTROLS,NOT CODED,6,NONE,NOT CODED,NOT CODED,NONE,NOT CODED,NOT CODED,11 PEDALCYCLE,03 ANGLE,03 TURNING LEFT,FAILED TO YIELD RIGHT-OF-WAY,NOT CODED,00 NOT CODED,00 NOT CODED,00 NOT CODED,00 NOT CODED,01 NO,1,0,0,0,1,1,1,2,N,N,N,Y,N,N,N,N,N,N,Y,N,N,Y,Y,N,N,N,N,N,N,N,N,N,N,N,28.552204656,-81.47072522,453954.906714,3158465.783168,L,,ARBM15Q1R2,"June 10, 2023",2800040,-9069279.995089136,3318774.921828467
2020883009290,2020,883009290,FHPD20OFF067676,FLORIDA HIGHWAY PATROL,05 FIFTH,ORANGE,"October 1, 2020",1054,FRIDAY,7547 CONWAY,0747,N,SR 429,SR 50,0.004,N,28.5426399,-81.5569399,28.5515685,-81.5596881,75320013,0.618,03385,SR 429,,L LEFT,X RAMP,S SOUTH,07 RAMP URBAN,06 TURNPIKE/TOLL,14 ENTRANCE/EXIT RAMP,01 ON ROADWAY,01 NOT AT INTERSECTION,01 PAVED,0,"December 31, 2000",,15,PAVED,8,LAWN,12,,0,,4500,RCI,4.1,,,1 NO INJURY,31 Q/C COMPLETED - LOC VERIFIED,0 NO,08 EXIT RAMP,01 DAYLIGHT,01 CLEAR,01 DRY,01 LEVEL,1 STRAIGHT,ONE-WAY TRAFFICWAY,ONE-WAY TRAFFICWAY,TRAFFIC CONTROL SIGNAL,TRAFFIC CONTROL SIGNAL,1,NONE,NOT CODED,NOT CODED,NONE,NOT CODED,NOT CODED,14 MOTOR VEHICLE IN TRANSPORT,01 FRONT TO REAR,01 STRAIGHT AHEAD,OPERATED MV IN CARLESS OR NEGL,NO CONTRIBUTING ACTION,00 NOT CODED,00 NOT CODED,00 NOT CODED,00 NOT CODED,01 NO,0,0,0,0,2,0,2,2,N,N,N,N,N,N,N,N,N,N,N,N,N,N,N,N,N,N,N,N,N,N,N,N,N,N,28.55158384,-81.559698203,445251.344741,3158434.411283,O,,ARBM15Q1R2,"June 10, 2023",2800407,-9079184.425224751,3318696.2441365044
2020871637980,2020,871637980,FHPD20OFF088576,FLORIDA HIGHWAY PATROL,05 FIFTH,ORANGE,"December 20, 2020",2017,MONDAY,7546 ORLANDO,0746,N,SR 417,LANDSTAR BLVD,0.066,S,28.3689626,-81.3697401,28.3692395,-81.3684588,75301020,0.066,03669,SR 417,,L LEFT,X RAMP,E EAST,08 RAMP RURAL,06 TURNPIKE/TOLL,14 ENTRANCE/EXIT RAMP,01 ON ROADWAY,01 NOT AT INTERSECTION,01 PAVED,0,"December 31, 2000",,24,PAVED,3,VALLEY GUTR,3,,0,,11000,RCI,4.1,,,1 NO INJURY,31 Q/C COMPLETED - LOC VERIFIED,0 NO,07 ENTRANCE RAMP,04 DARK-LIGHTED,01 CLEAR,01 DRY,03 UPHILL,1 STRAIGHT,ONE-WAY TRAFFICWAY,ONE-WAY TRAFFICWAY,NO CONTROLS,NO CONTROLS,2,NONE,NOT CODED,NOT CODED,NONE,NOT CODED,NOT CODED,14 MOTOR VEHICLE IN TRANSPORT,01 FRONT TO REAR,04 BACKING,IMPROPER BACKING,NO CONTRIBUTING ACTION,00 NOT CODED,00 NOT CODED,00 NOT CODED,00 NOT CODED,01 NO,0,0,0,0,2,0,2,2,N,N,N,N,N,N,N,N,N,N,N,N,N,N,N,N,N,N,N,N,N,N,N,N,N,N,28.369248321,-81.36837091,463904.917808,3138162.134593,O,,ARBM15Q1R2,"June 10, 2023",2801674,-9057885.961436037,3295608.494032161
2020862217360,2020,862217360,OCPD20OFF003918,COUNTY SHERIFF'S OFFICE,05 FIFTH,ORANGE,"October 9, 2020",1958,SATURDAY,7542 OCOEE,0742,Y,SR 50,CLARKE RD,0,,28.55179,-81.5204499,28.5517749,-81.5204105,75050000,8.391,03049,SR 50,,R RIGHT,L LEFT TURN,E EAST,30 URBAN 6+LN 2WY DIVD RASD,05 LOCAL,01 NON-JUNCTION,01 ON ROADWAY,02 FOUR-WAY INTERSECTION,01 PAVED,43,"June 10, 2018",14 URBAN PRIN ART OTHER,36,PAVED,4,CURB&GUTTER,2,,0,30,47000,RCI,3.3,,45,1 NO INJURY,31 Q/C COMPLETED - LOC VERIFIED,0 NO,02 AT INTERSECTION,02 DUSK,03 RAIN,02 WET,01 LEVEL,1 STRAIGHT,"TWO-WAY, DIVIDED, POSITIVE MED","TWO-WAY, DIVIDED, POSITIVE MED",TRAFFIC CONTROL SIGNAL,TRAFFIC CONTROL SIGNAL,6,NONE,NOT CODED,NOT CODED,WEATHER CONDITIONS,NOT CODED,NOT CODED,14 MOTOR VEHICLE IN TRANSPORT,01 FRONT TO REAR,01 STRAIGHT AHEAD,OPERATED MV IN CARLESS OR NEGL,NO CONTRIBUTING ACTION,00 NOT CODED,00 NOT CODED,00 NOT CODED,00 NOT CODED,01 NO,0,0,0,0,2,0,2,2,N,N,N,Y,N,N,N,N,N,N,N,N,N,N,N,N,N,N,N,N,N,N,N,N,N,N,28.551694657,-81.520476272,449088.075625,3158429.402504,R,,ARBM15Q1R2,"June 10, 2023",2802770,-9074818.25848082,3318710.2883731127