Crash Id,Calendar Year,FDOT Crash Number,Reporting Agency Case Number,Reporting Agency Type,FDOT Managing District,County Name,Crash Date,Crash Time,Day,DHSMV City,Crash Report City Code,In Town,On Roadway Name,Int Roadway Name,Reference Distance (Miles),Reference Direction,Officer Latitude,Officer Longitude,FDOT Latitude,FDOT Longitude,FDOT Roadway,Nearest Inventory MP,Nearest Node From Crash,State Road #,US Highway,Crash Side of Road,Accident Lane Number,Travel Direction Vehicle 1,FDOT Road Category,DHSMV Road System Id,Relation to Junction,Crash Harmful Event Location,Intersection Type,Shoulder Type,FDOT Roadway SKID Test Result,FDOT Roadway SKID Test Date,Functional Class,RCI Surface Width,RCI Shoulder Type First,RCI Shoulder Width First,RCI Shoulder Type Second,RCI Shoulder Width Second,RCI Shoulder Type Third,RCI Shoulder Width Third,RCI Median Width,Avg Daily Traffic,AADT Source,RCI Avg Per Truck Traffic,RCI Horiz Curve Condition,Posted Speed Limit,Highest Injury in Crash,CAR Status Code,Alcohols/Drug Involved,Site Location,Lighting,Weather,Road Surface,Roadway Grade,Roadway Alignment,Traffic Way Vehicle 1,Traffic Way Vehicle 2,Traffic Control Vehicle 1,Traffic Control Vehicle 2,Count of Lanes,Road Condition 1,Road Condition 2,Road Condition 3,Environment Condition 1,Environment Condition 2,Environment Condition 3,Crash Harmful Event,Manner of Collision,Vehicle Movement,Driver Action Vehicle 1,Driver Action Vehicle 2,Location Within Workzone,Type of Workzone,Workers Present in Workzone,Law Enforcement Present in Workzone,School Bus Related,Count of Nonfatal Injuries,Count of Traffic Fatalities,Count of Serious Injuries,Count of Pedestrians,Count of Drivers,Count of Bicyclists,Count of Vehicles,Count of Persons,Wrong Way,Workzone Inv,Commercial Vehicle Inv,Intersection Inv,Lane Departure,Speeding,Agressive Driving,Impaired Driver,Impaired Pedestrian,Impaired Bicyclist,Distracted Driver,Speeding or Aggressive Driving,Pedestrian Related,Bicyclist Related,Pedestrian or Bicyclist Related,Motorcycle Inv,No Belt,No Belt - Ages 1-4,No Belt - Ages 5-12,No Belt - Ages 13-17,Driver - Ages Teen,Driver - Ages 65 plus,Driver - Ages 65-69,Driver - Ages 70-74,Driver - Ages 75-79,Driver - Ages 80 plus,ARBM Latitude,ARBM Longitude,UTM Zone 17N X,UTM Zone 17N Y,ARBM Side of Road,Urban Rural Indicator,GIS Street Source,Extract Date,OBJECTID,x,y
2020240659890,2020,240659890,2020-00329882,COUNTY SHERIFF'S OFFICE,05 FIFTH,ORANGE,"October 18, 2020",1501,MONDAY,7546 ORLANDO,0746,Y,SR 417,BOGGY CREEK RD,0,,0,0,28.3700253,-81.309707,75301016,0,03665,SR 417,,L LEFT,X RAMP,E EAST,08 RAMP RURAL,03 STATE,14 ENTRANCE/EXIT RAMP,01 ON ROADWAY,02 FOUR-WAY INTERSECTION,01 PAVED,0,"December 31, 2000",,16,CURB&GUTTER,2,,0,,0,,7400,RCI,4.1,,,1 NO INJURY,31 Q/C COMPLETED - LOC VERIFIED,0 NO,07 ENTRANCE RAMP,01 DAYLIGHT,03 RAIN,02 WET,01 LEVEL,1 STRAIGHT,"TWO-WAY, NOT DIVIDED","TWO-WAY, NOT DIVIDED",TRAFFIC CONTROL SIGNAL,TRAFFIC CONTROL SIGNAL,1,NONE,NOT CODED,NOT CODED,NONE,NOT CODED,NOT CODED,14 MOTOR VEHICLE IN TRANSPORT,01 FRONT TO REAR,01 STRAIGHT AHEAD,OTHER CONTRIBUTING ACTION,OTHER CONTRIBUTING ACTION,00 NOT CODED,00 NOT CODED,00 NOT CODED,00 NOT CODED,01 NO,0,0,0,0,2,0,2,2,N,N,N,N,N,N,N,N,N,N,N,N,N,N,N,N,N,N,N,N,N,N,N,N,N,N,28.370010652,-81.309661507,469657.8506,3138230.4135,O,,ARBM15Q1R2,"June 10, 2023",2841693,-9051350.458717044,3295704.9395976537
2020240678570,2020,240678570,2020-00350509,COUNTY SHERIFF'S OFFICE,05 FIFTH,ORANGE,"November 4, 2020",2258,THURSDAY,7546 ORLANDO,0746,Y,SR 400,SR 50,0.095,N,0,0,28.5549079,-81.3817423,75280000,18.45,00430,SR 400,I 4,L LEFT,4 THRU LANE 4,0,01 INTERSTATE URBAN,01 INTERSTATE,01 NON-JUNCTION,01 ON ROADWAY,01 NOT AT INTERSECTION,01 PAVED,27,"September 16, 2014",11 URBAN PRIN ART INT.,48,PAVED,10,CURB&GUTTER,2,,0,30,147500,RCI,6.8,,50,1 NO INJURY,31 Q/C COMPLETED - LOC VERIFIED,0 NO,01 NOT AT INTERSECTION/RRX/BRIDGE,04 DARK-LIGHTED,01 CLEAR,01 DRY,00 NOT CODED,0 NOT CODED,NOT CODED,ONE-WAY TRAFFICWAY,NOT CODED,NO CONTROLS,8,NONE,NOT CODED,NOT CODED,NONE,NOT CODED,NOT CODED,14 MOTOR VEHICLE IN TRANSPORT,88 UNKNOWN,00 NOT CODED,NOT CODED,NO CONTRIBUTING ACTION,00 NOT CODED,00 NOT CODED,00 NOT CODED,00 NOT CODED,01 NO,0,0,0,0,1,0,2,2,N,N,N,N,N,N,N,N,N,N,N,N,N,N,N,N,N,N,N,N,N,N,N,N,N,N,28.555007384,-81.381922253,462642.445463,3158745.391391,L,,ARBM15Q1R2,"June 10, 2023",2841716,-9059394.491078662,3319130.1234442564
2020240690880,2020,240690880,2020-00350048,COUNTY SHERIFF'S OFFICE,08 TURNPIKE,ORANGE,"November 5, 2020",1551,FRIDAY,7546 ORLANDO,0746,Y,I 4,FL TPK,0.066,N,0,0,28.4796612,-81.4475529,75470138,0.027,00347,SR 91,,R RIGHT,X RAMP,E EAST,08 RAMP RURAL,01 INTERSTATE,01 NON-JUNCTION,01 ON ROADWAY,01 NOT AT INTERSECTION,01 PAVED,0,"December 31, 2000",,16,PAVED,2,LAWN,12,,0,,6100,RCI,17.8,,,2 POSSIBLE INJURY,31 Q/C COMPLETED - LOC VERIFIED,0 NO,08 EXIT RAMP,01 DAYLIGHT,01 CLEAR,01 DRY,01 LEVEL,1 STRAIGHT,"TWO-WAY, DIVIDED, POSITIVE MED","TWO-WAY, DIVIDED, POSITIVE MED",NO CONTROLS,NO CONTROLS,1,NONE,NOT CODED,NOT CODED,NONE,NOT CODED,NOT CODED,14 MOTOR VEHICLE IN TRANSPORT,01 FRONT TO REAR,01 STRAIGHT AHEAD,NO CONTRIBUTING ACTION,NO CONTRIBUTING ACTION,04 ACTIVITY AREA,03 WORK ON SHOULDER OR MEDIAN,01 NO,01 NO,01 NO,4,0,0,0,3,0,4,6,N,Y,N,N,N,N,N,N,N,N,N,N,N,N,N,N,N,N,N,N,N,N,N,N,N,N,28.479657197,-81.447555902,456191.321282,3150419.907339,O,,ARBM15Q1R2,"June 10, 2023",2841717,-9066700.797411587,3309583.9662030353
2020240690910,2020,240690910,2020-00356964,COUNTY SHERIFF'S OFFICE,05 FIFTH,ORANGE,"November 10, 2020",1600,WEDNESDAY,7546 ORLANDO,0746,Y,I 4,SR 423,0.019,N,0,0,28.6060083,-81.3863898,75280000,22.304,01342,SR 400,I 4,R RIGHT,4 THRU LANE 4,E EAST,01 INTERSTATE URBAN,01 INTERSTATE,01 NON-JUNCTION,01 ON ROADWAY,01 NOT AT INTERSECTION,01 PAVED,25,"September 16, 2014",11 URBAN PRIN ART INT.,36,PAVED,10,LAWN,2,,0,16,135500,RCI,6.8,,50,2 POSSIBLE INJURY,31 Q/C COMPLETED - LOC VERIFIED,0 NO,01 NOT AT INTERSECTION/RRX/BRIDGE,01 DAYLIGHT,02 CLOUDY,02 WET,01 LEVEL,1 STRAIGHT,"TWO-WAY, DIVIDED, POSITIVE MED","TWO-WAY, DIVIDED, POSITIVE MED",NO CONTROLS,NO CONTROLS,6,NONE,NOT CODED,NOT CODED,NONE,NOT CODED,NOT CODED,14 MOTOR VEHICLE IN TRANSPORT,01 FRONT TO REAR,01 STRAIGHT AHEAD,OPERATED MV IN CARLESS OR NEGL,NO CONTRIBUTING ACTION,00 NOT CODED,00 NOT CODED,00 NOT CODED,00 NOT CODED,01 NO,1,0,0,0,2,0,2,2,N,N,N,N,N,N,N,N,N,N,N,N,N,N,N,N,N,N,N,N,N,N,N,N,N,N,28.60602228,-81.386367611,462225.853849,3164398.517152,R,,ARBM15Q1R2,"June 10, 2023",2841718,-9059889.346543398,3325597.107363361
2020240683220,2020,240683220,2020-00361350,COUNTY SHERIFF'S OFFICE,05 FIFTH,ORANGE,"November 14, 2020",1540,SUNDAY,7546 ORLANDO,0746,Y,COLONIAL DR W,FERGUSON DR,0.1,W,0,0,28.5527302,-81.4216396,75050000,14.395,02147,SR 50,,R RIGHT,S SIDE OF ROAD,E EAST,30 URBAN 6+LN 2WY DIVD RASD,03 STATE,01 NON-JUNCTION,02 OFF ROADWAY,01 NOT AT INTERSECTION,03 CURB,34,"April 1, 2018",14 URBAN PRIN ART OTHER,36,PAVED,8,CURB&GUTTER,2,,0,41,42000,RCI,4.7,,45,0 UNKNOWN/NOT CODED,31 Q/C COMPLETED - LOC VERIFIED,0 NO,01 NOT AT INTERSECTION/RRX/BRIDGE,01 DAYLIGHT,01 CLEAR,01 DRY,01 LEVEL,1 STRAIGHT,"TWO-WAY, NOT DIVIDED",,NO CONTROLS,NOT CODED,6,NONE,NOT CODED,NOT CODED,NONE,NOT CODED,NOT CODED,14 MOTOR VEHICLE IN TRANSPORT,77 OTHER (SEE NARRATIVE),05 TURNING RIGHT,NOT CODED,NOT CODED,00 NOT CODED,00 NOT CODED,00 NOT CODED,00 NOT CODED,01 NO,0,0,0,0,0,0,1,0,N,N,N,N,Y,N,N,N,N,N,N,N,N,N,N,N,N,N,N,N,N,N,N,N,N,N,28.55260857,-81.421614126,458759.031278,3158492.650646,R,,ARBM15Q1R2,"June 10, 2023",2841719,-9063812.971555835,3318826.1109922235
2020240673310,2020,240673310,2020-00351537,COUNTY SHERIFF'S OFFICE,05 FIFTH,ORANGE,"November 5, 2020",2040,FRIDAY,7546 ORLANDO,0746,Y,SR 408,TAMPA AVE,0,,0,0,28.5368808,-81.4054615,75008020,0,04101,SR 408,,L LEFT,X RAMP,0,08 RAMP RURAL,05 LOCAL,14 ENTRANCE/EXIT RAMP,01 ON ROADWAY,02 FOUR-WAY INTERSECTION,01 PAVED,0,"December 31, 2000",,14,CURB&GUTTER,2,VALLEY GUTR,3,,0,,2600,RCI,4.1,,,3 NO-INCAPACITATING INJURY,31 Q/C COMPLETED - LOC VERIFIED,0 NO,07 ENTRANCE RAMP,06 DARK-UNKNOWN LIGHTING,01 CLEAR,01 DRY,00 NOT CODED,0 NOT CODED,NOT CODED,,NOT CODED,NOT CODED,1,NONE,NONE,NONE,NONE,NOT CODED,NOT CODED,11 PEDALCYCLE,00 NOT CODED,00 NOT CODED,NOT CODED,NOT CODED,00 NOT CODED,00 NOT CODED,00 NOT CODED,00 NOT CODED,01 NO,1,0,0,0,0,1,1,1,N,N,N,N,N,N,N,N,N,N,N,N,N,Y,Y,N,N,N,N,N,N,N,N,N,N,N,28.536899884,-81.405452929,460333.9987,3156746.9028,O,,ARBM15Q1R2,"June 10, 2023",2841720,-9062013.914726783,3316835.451326952
2020240696280,2020,240696280,2020-00379969,COUNTY SHERIFF'S OFFICE,05 FIFTH,ORANGE,"December 1, 2020",0935,WEDNESDAY,7546 ORLANDO,0746,Y,SR 50,TAMPA AVE,0.284,W,0,0,28.552847,-81.410305,75050000,15.084,03994,SR 50,,R RIGHT,2 THRU LANE 2,E EAST,30 URBAN 6+LN 2WY DIVD RASD,03 STATE,01 NON-JUNCTION,01 ON ROADWAY,01 NOT AT INTERSECTION,03 CURB,34,"April 1, 2018",14 URBAN PRIN ART OTHER,36,PAVED,8,CURB&GUTTER,2,,0,41,38000,RCI,4.6,,45,2 POSSIBLE INJURY,31 Q/C COMPLETED - LOC VERIFIED,0 NO,01 NOT AT INTERSECTION/RRX/BRIDGE,01 DAYLIGHT,02 CLOUDY,01 DRY,01 LEVEL,1 STRAIGHT,"TWO-WAY, DIVIDED, POSITIVE MED","TWO-WAY, DIVIDED, POSITIVE MED",NO CONTROLS,NO CONTROLS,6,NONE,NOT CODED,NOT CODED,NONE,NOT CODED,NOT CODED,14 MOTOR VEHICLE IN TRANSPORT,01 FRONT TO REAR,01 STRAIGHT AHEAD,OTHER CONTRIBUTING ACTION,OTHER CONTRIBUTING ACTION,00 NOT CODED,00 NOT CODED,00 NOT CODED,00 NOT CODED,01 NO,2,0,0,0,2,0,2,4,N,N,Y,N,N,N,N,N,N,N,N,N,N,N,N,N,N,N,N,N,N,N,N,N,N,N,28.552724655,-81.410268625,459868.867117,3158501.660334,R,,ARBM15Q1R2,"June 10, 2023",2841755,-9062549.9957782,3318840.822818546
2020240699350,2020,240699350,2020-00395839,COUNTY SHERIFF'S OFFICE,05 FIFTH,ORANGE,"December 14, 2020",1724,TUESDAY,7546 ORLANDO,0746,Y,I 4,MM 84,0,,0,0,28.5560357,-81.3814187,75280000,18.53,00429,SR 400,I 4,L LEFT,4 THRU LANE 4,W WEST,01 INTERSTATE URBAN,01 INTERSTATE,01 NON-JUNCTION,01 ON ROADWAY,01 NOT AT INTERSECTION,01 PAVED,27,"September 16, 2014",11 URBAN PRIN ART INT.,48,PAVED,10,CURB&GUTTER,2,,0,30,147500,RCI,6.8,,50,1 NO INJURY,31 Q/C COMPLETED - LOC VERIFIED,0 NO,01 NOT AT INTERSECTION/RRX/BRIDGE,02 DUSK,01 CLEAR,01 DRY,01 LEVEL,1 STRAIGHT,"TWO-WAY, DIVIDED, POSITIVE MED","TWO-WAY, DIVIDED, POSITIVE MED",NO CONTROLS,NO CONTROLS,8,NONE,NOT CODED,NOT CODED,NONE,NOT CODED,NOT CODED,14 MOTOR VEHICLE IN TRANSPORT,01 FRONT TO REAR,06 CHANGING LANES,FOLLOWED TOO CLOSELY,NO CONTRIBUTING ACTION,00 NOT CODED,00 NOT CODED,00 NOT CODED,00 NOT CODED,01 NO,0,0,0,0,4,0,4,6,N,N,N,N,N,N,N,N,N,N,N,N,N,N,N,N,N,N,N,N,N,N,N,N,N,N,28.556135912,-81.381603631,462674.009573,3158870.31665,L,,ARBM15Q1R2,"June 10, 2023",2841756,-9059359.022305511,3319273.149104068
2020240699360,2020,240699360,2020-00389839,COUNTY SHERIFF'S OFFICE,05 FIFTH,ORANGE,"December 9, 2020",1720,THURSDAY,7546 ORLANDO,0746,Y,I 4,CONROY RD,0,,0,0,28.4920117,-81.4313166,75280001,0.578,03595,SR 400,I 4,R RIGHT,X RAMP,E EAST,08 RAMP RURAL,03 STATE,14 ENTRANCE/EXIT RAMP,01 ON ROADWAY,03 T-INTERSECTION,01 PAVED,0,"December 31, 2000",,24,PAVED,8,LAWN,2,,0,,21500,RCI,3.8,,,2 POSSIBLE INJURY,31 Q/C COMPLETED - LOC VERIFIED,0 NO,08 EXIT RAMP,02 DUSK,01 CLEAR,01 DRY,01 LEVEL,1 STRAIGHT,"TWO-WAY, DIVIDED, POSITIVE MED","TWO-WAY, DIVIDED, POSITIVE MED",NO CONTROLS,TRAFFIC CONTROL SIGNAL,2,NONE,NOT CODED,NOT CODED,NONE,NOT CODED,NOT CODED,14 MOTOR VEHICLE IN TRANSPORT,01 FRONT TO REAR,05 TURNING RIGHT,FOLLOWED TOO CLOSELY,NO CONTRIBUTING ACTION,00 NOT CODED,00 NOT CODED,00 NOT CODED,00 NOT CODED,01 NO,1,0,0,0,2,0,2,2,N,N,N,N,N,N,N,N,N,N,N,N,N,N,N,N,N,N,N,N,N,N,N,N,N,N,28.492014738,-81.431322533,457785.2449,3151783.1226,O,,ARBM15Q1R2,"June 10, 2023",2841757,-9064893.706551323,3311149.0826505693
2020240694910,2020,240694910,2020-00377279,COUNTY SHERIFF'S OFFICE,05 FIFTH,ORANGE,"November 29, 2020",0016,MONDAY,7546 ORLANDO,0746,Y,TO THORTON,SR 526,0.009,S,0,0,0,0,75030000,2.101,04927,SR 526,,S SIDE RD RIGHT,M MIDDLE,E EAST,21 URBAN 4-5LN 2WY DIVD PAVD,03 STATE,02 INTERSECTION,02 OFF ROADWAY,"07 FIVE-POINT, OR MORE",01 PAVED,35,"March 1, 2020",16 URBAN MINOR ART,18,RAISED CURB,2,,0,,0,12,18500,RCI,2.9,,35,0 UNKNOWN/NOT CODED,31 Q/C COMPLETED - LOC VERIFIED,0 NO,03 INFLUENCED BY INTERSECTION,04 DARK-LIGHTED,01 CLEAR,01 DRY,01 LEVEL,1 STRAIGHT,"TWO-WAY, NOT DIVIDED",,NO CONTROLS,NOT CODED,4,NONE,NOT CODED,NOT CODED,NONE,NOT CODED,NOT CODED,"36 OTHER POST, POLE, OR SUPPORT",01 FRONT TO REAR,05 TURNING RIGHT,NOT CODED,NOT CODED,00 NOT CODED,00 NOT CODED,00 NOT CODED,00 NOT CODED,01 NO,0,0,0,0,0,0,1,0,N,N,N,Y,N,N,N,N,N,N,N,N,N,N,N,N,N,N,N,N,N,N,N,N,N,N,28.54578229,-81.364731017,464320.901845,3157718.149417,C,,ARBM15Q1R2,"June 10, 2023",2841758,-9057480.770966385,3317961.024636766
2020240666660,2020,240666660,2020-00330077,COUNTY SHERIFF'S OFFICE,05 FIFTH,ORANGE,"October 18, 2020",1830,MONDAY,7546 ORLANDO,0746,Y,SR 400,SR 408,0.095,S,0,0,28.5345454,-81.3834955,75280000,17.024,04376,SR 400,I 4,R RIGHT,3 THRU LANE 3,E EAST,01 INTERSTATE URBAN,01 INTERSTATE,01 NON-JUNCTION,01 ON ROADWAY,01 NOT AT INTERSECTION,01 PAVED,27,"September 16, 2014",11 URBAN PRIN ART INT.,48,PAVED,10,CURB&GUTTER,2,,0,20,148000,RCI,6.8,3D0000,50,2 POSSIBLE INJURY,31 Q/C COMPLETED - LOC VERIFIED,0 NO,01 NOT AT INTERSECTION/RRX/BRIDGE,04 DARK-LIGHTED,01 CLEAR,01 DRY,01 LEVEL,1 STRAIGHT,ONE-WAY TRAFFICWAY,ONE-WAY TRAFFICWAY,NO CONTROLS,NO CONTROLS,8,NONE,NOT CODED,NOT CODED,NONE,NOT CODED,NOT CODED,14 MOTOR VEHICLE IN TRANSPORT,01 FRONT TO REAR,01 STRAIGHT AHEAD,NOT CODED,NO CONTRIBUTING ACTION,00 NOT CODED,00 NOT CODED,00 NOT CODED,00 NOT CODED,01 NO,1,0,0,0,1,0,2,1,N,N,N,N,Y,N,N,N,N,N,N,N,N,N,N,N,N,N,N,N,N,N,N,N,N,N,28.534528665,-81.383473326,462483.470759,3156477.134376,R,,ARBM15Q1R2,"June 10, 2023",2842228,-9059567.155764725,3316534.987935953
2020240685660,2020,240685660,2020-00409509,COUNTY SHERIFF'S OFFICE,05 FIFTH,ORANGE,"December 27, 2020",1611,MONDAY,7546 ORLANDO,0746,Y,I 4,PRINCETON ST,0.5,N,0,0,28.5788049,-81.3750107,75280000,20.181,00419,SR 400,I 4,L LEFT,1 THRU LANE 1,W WEST,01 INTERSTATE URBAN,01 INTERSTATE,01 NON-JUNCTION,01 ON ROADWAY,01 NOT AT INTERSECTION,01 PAVED,25,"September 16, 2014",11 URBAN PRIN ART INT.,48,PAVED,10,LAWN,2,,0,18,148500,RCI,7.5,1D3000,50,3 NO-INCAPACITATING INJURY,31 Q/C COMPLETED - LOC VERIFIED,0 NO,01 NOT AT INTERSECTION/RRX/BRIDGE,01 DAYLIGHT,01 CLEAR,01 DRY,03 UPHILL,2 CURVE RIGHT,"TWO-WAY, DIVIDED, POSITIVE MED","TWO-WAY, DIVIDED, POSITIVE MED",NO CONTROLS,NO CONTROLS,8,NONE,NOT CODED,NOT CODED,NONE,NOT CODED,NOT CODED,14 MOTOR VEHICLE IN TRANSPORT,01 FRONT TO REAR,01 STRAIGHT AHEAD,OPERATED MV IN CARLESS OR NEGL,NO CONTRIBUTING ACTION,04 ACTIVITY AREA,03 WORK ON SHOULDER OR MEDIAN,01 NO,01 NO,01 NO,1,0,0,0,2,0,2,3,N,Y,N,N,N,N,N,N,N,N,N,N,N,N,N,N,N,N,N,N,N,N,N,N,N,N,28.578874485,-81.375170601,463311.139734,3161387.437389,L,,ARBM15Q1R2,"June 10, 2023",2842241,-9058642.900596457,3322155.283853486
2020240688210,2020,240688210,2020-00370196,COUNTY SHERIFF'S OFFICE,05 FIFTH,ORANGE,"November 24, 2020",0239,WEDNESDAY,7546 ORLANDO,0746,Y,COLONIAL DR,MILLS AVE,0,,0,0,28.5531505,-81.3643884,75060000,1.898,05106,SR 50,US 17,R RIGHT,1 THRU LANE 1,U UNNWN,20 URBAN 4-5LN 2WY DIVD RASD,05 LOCAL,02 INTERSECTION,01 ON ROADWAY,02 FOUR-WAY INTERSECTION,03 CURB,37,"September 9, 2019",14 URBAN PRIN ART OTHER,22,PAVED,6,CURB&GUTTER,2,,0,12,44500,RCI,3.5,,40,1 NO INJURY,31 Q/C COMPLETED - LOC VERIFIED,0 NO,02 AT INTERSECTION,04 DARK-LIGHTED,01 CLEAR,01 DRY,01 LEVEL,1 STRAIGHT,"TWO-WAY, NOT DIV, W/CONT LTURN","TWO-WAY, NOT DIV, W/CONT LTURN",NO CONTROLS,NO CONTROLS,4,NONE,NOT CODED,NOT CODED,NONE,NOT CODED,NOT CODED,14 MOTOR VEHICLE IN TRANSPORT,77 OTHER (SEE NARRATIVE),77 OTHER (SEE NARRATIVE),NOT CODED,NO CONTRIBUTING ACTION,00 NOT CODED,00 NOT CODED,00 NOT CODED,00 NOT CODED,01 NO,0,0,0,0,1,0,2,1,N,N,N,Y,N,N,N,N,N,N,N,N,N,N,N,Y,N,N,N,N,N,N,N,N,N,N,28.55316454,-81.364420323,464353.781137,3158535.901493,C,,ARBM15Q1R2,"June 10, 2023",2842242,-9057446.184691718,3318896.5711932676
2020240688240,2020,240688240,2020-00351584,COUNTY SHERIFF'S OFFICE,05 FIFTH,ORANGE,"November 6, 2020",2135,SATURDAY,7546 ORLANDO,0746,Y,COLONIAL DR,BUMBY AVE,0.019,W,0,0,28.5531809,-81.3522861,75060000,2.634,05116,SR 50,,R RIGHT,2 THRU LANE 2,0,20 URBAN 4-5LN 2WY DIVD RASD,03 STATE,01 NON-JUNCTION,01 ON ROADWAY,01 NOT AT INTERSECTION,03 CURB,34,"September 9, 2019",14 URBAN PRIN ART OTHER,22,CURB&GUTTER,2,,0,,0,12,44500,RCI,3.5,,40,1 NO INJURY,31 Q/C COMPLETED - LOC VERIFIED,0 NO,03 INFLUENCED BY INTERSECTION,04 DARK-LIGHTED,01 CLEAR,01 DRY,01 LEVEL,1 STRAIGHT,"TWO-WAY, DIVIDED, POSITIVE MED","TWO-WAY, DIVIDED, POSITIVE MED",TRAFFIC CONTROL SIGNAL,TRAFFIC CONTROL SIGNAL,4,NONE,NONE,NONE,NONE,NONE,NONE,14 MOTOR VEHICLE IN TRANSPORT,01 FRONT TO REAR,01 STRAIGHT AHEAD,NOT CODED,NO CONTRIBUTING ACTION,00 NOT CODED,00 NOT CODED,00 NOT CODED,00 NOT CODED,01 NO,0,0,0,0,3,0,4,3,N,N,N,Y,N,N,N,N,N,N,N,N,N,N,N,N,N,N,N,N,N,N,N,N,N,N,28.553113664,-81.352332064,465536.20071,3158526.730065,R,,ARBM15Q1R2,"June 10, 2023",2842243,-9056100.525396897,3318890.1235698387
2020240688370,2020,240688370,2020-00355588,COUNTY SHERIFF'S OFFICE,05 FIFTH,ORANGE,"November 9, 2020",1408,TUESDAY,7546 ORLANDO,0746,Y,SR 500,SR 416,0.006,S,0,0,28.5782022,-81.4070235,75020000,1.92,02189,SR 500,US 441,R RIGHT,1 THRU LANE 1,N NORTH,20 URBAN 4-5LN 2WY DIVD RASD,02 U.S.,01 NON-JUNCTION,01 ON ROADWAY,01 NOT AT INTERSECTION,03 CURB,30,"January 22, 2020",14 URBAN PRIN ART OTHER,23,PAVED,6,CURB&GUTTER,2,,0,18,34000,RCI,4.6,,40,2 POSSIBLE INJURY,31 Q/C COMPLETED - LOC VERIFIED,0 NO,03 INFLUENCED BY INTERSECTION,01 DAYLIGHT,02 CLOUDY,01 DRY,01 LEVEL,1 STRAIGHT,"TWO-WAY, NOT DIV, W/CONT LTURN","TWO-WAY, NOT DIV, W/CONT LTURN",NO CONTROLS,NO CONTROLS,4,NONE,NOT CODED,NOT CODED,NONE,NOT CODED,NOT CODED,14 MOTOR VEHICLE IN TRANSPORT,03 ANGLE,01 STRAIGHT AHEAD,OPERATED MV IN CARLESS OR NEGL,NO CONTRIBUTING ACTION,00 NOT CODED,00 NOT CODED,00 NOT CODED,00 NOT CODED,01 NO,3,0,0,0,2,0,2,3,N,N,N,Y,N,N,N,N,N,N,Y,N,N,N,N,N,N,N,N,N,N,N,N,N,N,N,28.578219298,-81.406966883,460201.428682,3161325.004571,R,,ARBM15Q1R2,"June 10, 2023",2842244,-9062182.447449159,3322072.229478715
2020240684060,2020,240684060,2020-00368815,COUNTY SHERIFF'S OFFICE,05 FIFTH,ORANGE,"November 21, 2020",1728,SUNDAY,7546 ORLANDO,0746,Y,SR 400,PRINCETON AVE,0.019,N,0,0,28.5713632,-81.3756594,75280000,19.666,01340,SR 400,I 4,R RIGHT,1 THRU LANE 1,E EAST,01 INTERSTATE URBAN,01 INTERSTATE,01 NON-JUNCTION,01 ON ROADWAY,01 NOT AT INTERSECTION,02 UNPAVED,25,"September 16, 2014",11 URBAN PRIN ART INT.,48,PAVED,10,CURB&GUTTER,2,,0,18,148500,RCI,7.5,,50,3 NO-INCAPACITATING INJURY,31 Q/C COMPLETED - LOC VERIFIED,0 NO,01 NOT AT INTERSECTION/RRX/BRIDGE,02 DUSK,01 CLEAR,01 DRY,01 LEVEL,1 STRAIGHT,"TWO-WAY, DIVIDED, POSITIVE MED","TWO-WAY, DIVIDED, POSITIVE MED",NO CONTROLS,NO CONTROLS,8,NONE,NONE,NOT CODED,NONE,NONE,NOT CODED,14 MOTOR VEHICLE IN TRANSPORT,"04 SIDESWIPE, SAME DIRECTION",06 CHANGING LANES,FAILED TO YIELD RIGHT-OF-WAY,NO CONTRIBUTING ACTION,00 NOT CODED,00 NOT CODED,00 NOT CODED,00 NOT CODED,01 NO,2,0,0,0,2,0,2,2,N,N,N,N,Y,N,N,N,N,N,N,N,N,N,N,N,N,N,N,N,N,N,N,N,N,N,28.571374501,-81.375657201,463260.947841,3160556.695085,R,,ARBM15Q1R2,"June 10, 2023",2842245,-9058697.068624848,3321204.585248273
2020240701730,2020,240701730,2020-00408248,COUNTY SHERIFF'S OFFICE,05 FIFTH,ORANGE,"December 26, 2020",1225,SUNDAY,7546 ORLANDO,0746,Y,I 4,COLONIAL DR,0.095,N,0,0,28.5549079,-81.3817423,75280000,18.45,00430,SR 400,I 4,L LEFT,3 THRU LANE 3,S SOUTH,01 INTERSTATE URBAN,01 INTERSTATE,01 NON-JUNCTION,01 ON ROADWAY,01 NOT AT INTERSECTION,01 PAVED,27,"September 16, 2014",11 URBAN PRIN ART INT.,48,PAVED,10,CURB&GUTTER,2,,0,30,147500,RCI,6.8,,50,3 NO-INCAPACITATING INJURY,31 Q/C COMPLETED - LOC VERIFIED,0 NO,01 NOT AT INTERSECTION/RRX/BRIDGE,01 DAYLIGHT,01 CLEAR,01 DRY,01 LEVEL,1 STRAIGHT,"TWO-WAY, DIVIDED, POSITIVE MED","TWO-WAY, DIVIDED, POSITIVE MED",NO CONTROLS,NO CONTROLS,8,NONE,NOT CODED,NOT CODED,NONE,NOT CODED,NOT CODED,14 MOTOR VEHICLE IN TRANSPORT,01 FRONT TO REAR,01 STRAIGHT AHEAD,FOLLOWED TOO CLOSELY,NO CONTRIBUTING ACTION,00 NOT CODED,00 NOT CODED,00 NOT CODED,00 NOT CODED,01 NO,1,0,0,0,2,0,2,2,N,N,N,N,N,N,N,N,N,N,N,N,N,N,N,N,N,N,N,N,N,N,N,N,N,N,28.555007384,-81.381922253,462642.445463,3158745.391391,L,,ARBM15Q1R2,"June 10, 2023",2842255,-9059394.491078662,3319130.1234442564