Crash Id,Calendar Year,FDOT Crash Number,Reporting Agency Case Number,Reporting Agency Type,FDOT Managing District,County Name,Crash Date,Crash Time,Day,DHSMV City,Crash Report City Code,In Town,On Roadway Name,Int Roadway Name,Reference Distance (Miles),Reference Direction,Officer Latitude,Officer Longitude,FDOT Latitude,FDOT Longitude,FDOT Roadway,Nearest Inventory MP,Nearest Node From Crash,State Road #,US Highway,Crash Side of Road,Accident Lane Number,Travel Direction Vehicle 1,FDOT Road Category,DHSMV Road System Id,Relation to Junction,Crash Harmful Event Location,Intersection Type,Shoulder Type,FDOT Roadway SKID Test Result,FDOT Roadway SKID Test Date,Functional Class,RCI Surface Width,RCI Shoulder Type First,RCI Shoulder Width First,RCI Shoulder Type Second,RCI Shoulder Width Second,RCI Shoulder Type Third,RCI Shoulder Width Third,RCI Median Width,Avg Daily Traffic,AADT Source,RCI Avg Per Truck Traffic,RCI Horiz Curve Condition,Posted Speed Limit,Highest Injury in Crash,CAR Status Code,Alcohols/Drug Involved,Site Location,Lighting,Weather,Road Surface,Roadway Grade,Roadway Alignment,Traffic Way Vehicle 1,Traffic Way Vehicle 2,Traffic Control Vehicle 1,Traffic Control Vehicle 2,Count of Lanes,Road Condition 1,Road Condition 2,Road Condition 3,Environment Condition 1,Environment Condition 2,Environment Condition 3,Crash Harmful Event,Manner of Collision,Vehicle Movement,Driver Action Vehicle 1,Driver Action Vehicle 2,Location Within Workzone,Type of Workzone,Workers Present in Workzone,Law Enforcement Present in Workzone,School Bus Related,Count of Nonfatal Injuries,Count of Traffic Fatalities,Count of Serious Injuries,Count of Pedestrians,Count of Drivers,Count of Bicyclists,Count of Vehicles,Count of Persons,Wrong Way,Workzone Inv,Commercial Vehicle Inv,Intersection Inv,Lane Departure,Speeding,Agressive Driving,Impaired Driver,Impaired Pedestrian,Impaired Bicyclist,Distracted Driver,Speeding or Aggressive Driving,Pedestrian Related,Bicyclist Related,Pedestrian or Bicyclist Related,Motorcycle Inv,No Belt,No Belt - Ages 1-4,No Belt - Ages 5-12,No Belt - Ages 13-17,Driver - Ages Teen,Driver - Ages 65 plus,Driver - Ages 65-69,Driver - Ages 70-74,Driver - Ages 75-79,Driver - Ages 80 plus,ARBM Latitude,ARBM Longitude,UTM Zone 17N X,UTM Zone 17N Y,ARBM Side of Road,Urban Rural Indicator,GIS Street Source,Extract Date,OBJECTID,x,y
2020240701760,2020,240701760,2020-00402158,COUNTY SHERIFF'S OFFICE,05 FIFTH,ORANGE,"December 19, 2020",1537,SUNDAY,7546 ORLANDO,0746,Y,I 4,CONROY RD,0,,0,0,28.4871608,-81.4389636,75280000,11.753,03485,SR 400,I 4,R RIGHT,2 THRU LANE 2,E EAST,01 INTERSTATE URBAN,01 INTERSTATE,01 NON-JUNCTION,01 ON ROADWAY,01 NOT AT INTERSECTION,01 PAVED,35,"September 16, 2014",11 URBAN PRIN ART INT.,48,PAVED WARN,10,LAWN,12,,0,64,178000,RCI,5.6,0D4500,55,2 POSSIBLE INJURY,31 Q/C COMPLETED - LOC VERIFIED,0 NO,01 NOT AT INTERSECTION/RRX/BRIDGE,01 DAYLIGHT,01 CLEAR,01 DRY,01 LEVEL,1 STRAIGHT,ONE-WAY TRAFFICWAY,ONE-WAY TRAFFICWAY,NO CONTROLS,NO CONTROLS,8,NONE,NOT CODED,NOT CODED,NONE,NOT CODED,NOT CODED,14 MOTOR VEHICLE IN TRANSPORT,01 FRONT TO REAR,01 STRAIGHT AHEAD,FOLLOWED TOO CLOSELY,NO CONTRIBUTING ACTION,00 NOT CODED,00 NOT CODED,00 NOT CODED,00 NOT CODED,01 NO,2,0,0,0,2,0,2,2,N,N,N,N,N,N,N,N,N,N,N,N,N,N,N,N,N,N,N,N,N,N,N,N,N,N,28.487150472,-81.438948365,457036.905964,3151246.939611,R,,ARBM15Q1R2,"June 10, 2023",2842256,-9065742.610420188,3310532.988074861
2020240701770,2020,240701770,2020-00392945,COUNTY SHERIFF'S OFFICE,05 FIFTH,ORANGE,"December 12, 2020",0739,SUNDAY,7546 ORLANDO,0746,Y,KIRKMAN RD S,CARRIER DR,0.004,N,0,0,28.4569904,-81.4586138,75270000,0.547,00115,SR 435,,L LEFT,3 THRU LANE 3,S SOUTH,33 SUBURBAN 6+LN 2WY DIVD RASD,04 COUNTY,01 NON-JUNCTION,01 ON ROADWAY,02 FOUR-WAY INTERSECTION,01 PAVED,30,"February 11, 2020",14 URBAN PRIN ART OTHER,36,PAVED,4,LAWN,4,,0,56,30500,RCI,6.1,,45,1 NO INJURY,31 Q/C COMPLETED - LOC VERIFIED,0 NO,03 INFLUENCED BY INTERSECTION,01 DAYLIGHT,01 CLEAR,01 DRY,01 LEVEL,1 STRAIGHT,"TWO-WAY, DIVIDED, POSITIVE MED","TWO-WAY, DIVIDED, POSITIVE MED",TRAFFIC CONTROL SIGNAL,SCHOOL ZONE SIGN/DEVICE,6,NONE,NOT CODED,NOT CODED,NONE,NOT CODED,NOT CODED,14 MOTOR VEHICLE IN TRANSPORT,01 FRONT TO REAR,01 STRAIGHT AHEAD,FOLLOWED TOO CLOSELY,NO CONTRIBUTING ACTION,00 NOT CODED,00 NOT CODED,00 NOT CODED,00 NOT CODED,01 NO,0,0,0,0,2,0,2,2,N,N,N,Y,N,N,N,N,N,N,N,N,N,N,N,N,N,N,N,N,N,N,N,N,N,N,28.45752021,-81.45876856,455084.4053,3147971.607953,L,,ARBM15Q1R2,"June 10, 2023",2842257,-9067948.985020248,3306780.7140732263
2020240672610,2020,240672610,2020-00325042,COUNTY SHERIFF'S OFFICE,05 FIFTH,ORANGE,"October 14, 2020",0803,THURSDAY,7546 ORLANDO,0746,Y,SEMORAN BLVD S,LAKE UNDERHILL RD,0.034,S,0,0,28.5388788,-81.3105568,75003000,6.047,01734,SR 436,,R RIGHT,1 THRU LANE 1,N NORTH,30 URBAN 6+LN 2WY DIVD RASD,03 STATE,01 NON-JUNCTION,01 ON ROADWAY,01 NOT AT INTERSECTION,02 UNPAVED,36,"March 2, 2020",14 URBAN PRIN ART OTHER,33,CURB&GUTTER,2,,0,,0,16,56000,RCI,5.2,,45,1 NO INJURY,31 Q/C COMPLETED - LOC VERIFIED,0 NO,03 INFLUENCED BY INTERSECTION,01 DAYLIGHT,01 CLEAR,01 DRY,01 LEVEL,1 STRAIGHT,"TWO-WAY, DIVIDED, POSITIVE MED","TWO-WAY, DIVIDED, POSITIVE MED",NO CONTROLS,NO CONTROLS,6,NONE,NOT CODED,NOT CODED,NONE,NOT CODED,NOT CODED,14 MOTOR VEHICLE IN TRANSPORT,01 FRONT TO REAR,01 STRAIGHT AHEAD,FOLLOWED TOO CLOSELY,NO CONTRIBUTING ACTION,00 NOT CODED,00 NOT CODED,00 NOT CODED,00 NOT CODED,01 NO,0,0,0,0,2,0,2,2,N,N,N,Y,N,N,N,N,N,N,N,N,N,N,N,N,N,N,N,N,N,N,N,N,N,N,28.538870712,-81.310476912,469626.251887,3156937.507511,R,,ARBM15Q1R2,"June 10, 2023",2842271,-9051441.22978796,3317085.185574193
2020240672620,2020,240672620,2020-00313146,COUNTY SHERIFF'S OFFICE,05 FIFTH,ORANGE,"October 4, 2020",0916,MONDAY,7546 ORLANDO,0746,Y,I 4,75008041 EB ON,0,,0,0,28.5394279,-81.3818161,75280000,17.379,04835,SR 400,I 4,R RIGHT,1 THRU LANE 1,N NORTH,01 INTERSTATE URBAN,01 INTERSTATE,01 NON-JUNCTION,01 ON ROADWAY,01 NOT AT INTERSECTION,01 PAVED,27,"September 16, 2014",11 URBAN PRIN ART INT.,48,PAVED,10,LAWN,2,,0,90,148000,RCI,6.8,2D3000,50,1 NO INJURY,31 Q/C COMPLETED - LOC VERIFIED,0 NO,01 NOT AT INTERSECTION/RRX/BRIDGE,01 DAYLIGHT,01 CLEAR,01 DRY,01 LEVEL,1 STRAIGHT,ONE-WAY TRAFFICWAY,ONE-WAY TRAFFICWAY,NO CONTROLS,NO CONTROLS,8,NONE,NOT CODED,NOT CODED,NONE,NOT CODED,NOT CODED,14 MOTOR VEHICLE IN TRANSPORT,"04 SIDESWIPE, SAME DIRECTION",06 CHANGING LANES,IMPROPER PASSING,NO CONTRIBUTING ACTION,00 NOT CODED,00 NOT CODED,00 NOT CODED,00 NOT CODED,01 NO,0,0,0,0,2,0,2,2,N,N,N,N,Y,N,N,N,N,N,N,N,N,N,N,N,N,N,N,N,N,N,N,N,N,N,28.539446112,-81.381861936,462642.854466,3157021.411656,R,,ARBM15Q1R2,"June 10, 2023",2842272,-9059387.776655054,3317158.0981595404
2020240683230,2020,240683230,2020-00394506,COUNTY SHERIFF'S OFFICE,05 FIFTH,ORANGE,"December 13, 2020",1540,MONDAY,7546 ORLANDO,0746,Y,SR 400,SR 408,0.028,S,0,0,28.534875,-81.3833149,75280000,17.05,01425,SR 400,I 4,R RIGHT,S SIDE OF ROAD,E EAST,01 INTERSTATE URBAN,03 STATE,01 NON-JUNCTION,01 ON ROADWAY,01 NOT AT INTERSECTION,01 PAVED,27,"September 16, 2014",11 URBAN PRIN ART INT.,36,PAVED,10,CURB&GUTTER,2,,0,20,148000,RCI,6.8,3D0000,50,4 INCAPACITATING INJURY,31 Q/C COMPLETED - LOC VERIFIED,0 NO,01 NOT AT INTERSECTION/RRX/BRIDGE,01 DAYLIGHT,01 CLEAR,01 DRY,01 LEVEL,1 STRAIGHT,"TWO-WAY, DIVIDED, POSITIVE MED","TWO-WAY, DIVIDED, POSITIVE MED",NO CONTROLS,NO CONTROLS,7,NONE,NOT CODED,NOT CODED,NONE,NOT CODED,NOT CODED,27 GUARDRAIL FACE,77 OTHER (SEE NARRATIVE),01 STRAIGHT AHEAD,OPERATED MV IN CARLESS OR NEGL,NO CONTRIBUTING ACTION,00 NOT CODED,00 NOT CODED,00 NOT CODED,00 NOT CODED,01 NO,2,0,1,0,2,0,2,2,N,N,N,N,Y,N,N,N,N,N,N,N,N,N,N,N,N,N,N,N,N,N,N,N,N,N,28.534868342,-81.383284259,462502.088279,3156514.7065,R,,ARBM15Q1R2,"June 10, 2023",2842273,-9059546.108903503,3316578.0289530545
2020240689200,2020,240689200,2020-00354946,COUNTY SHERIFF'S OFFICE,05 FIFTH,ORANGE,"November 9, 2020",0033,TUESDAY,7546 ORLANDO,0746,Y,ORANGE BLOSSOM TRL,AMELIA ST,0,S,0,0,28.5492962,-81.3973829,75010000,13.919,00583,SR 500,US 17,R RIGHT,1 THRU LANE 1,0,21 URBAN 4-5LN 2WY DIVD PAVD,03 STATE,01 NON-JUNCTION,01 ON ROADWAY,03 T-INTERSECTION,01 PAVED,38,"March 1, 2020",14 URBAN PRIN ART OTHER,24,CURB&GUTTER,2,,0,,0,12,32000,RCI,8.8,6D1500,35,1 NO INJURY,31 Q/C COMPLETED - LOC VERIFIED,0 NO,03 INFLUENCED BY INTERSECTION,04 DARK-LIGHTED,01 CLEAR,01 DRY,00 NOT CODED,0 NOT CODED,NOT CODED,"TWO-WAY, NOT DIVIDED",NOT CODED,NO CONTROLS,4,NONE,NOT CODED,NOT CODED,NONE,NOT CODED,NOT CODED,14 MOTOR VEHICLE IN TRANSPORT,01 FRONT TO REAR,00 NOT CODED,NOT CODED,NO CONTRIBUTING ACTION,00 NOT CODED,00 NOT CODED,00 NOT CODED,00 NOT CODED,01 NO,0,0,0,0,1,0,2,1,N,N,N,Y,N,N,N,N,N,N,N,N,N,N,N,N,N,N,N,N,N,N,N,N,N,N,28.549293031,-81.397386886,461127.66763,3158117.241236,C,,ARBM15Q1R2,"June 10, 2023",2842274,-9061116.0067198,3318405.9296879726
2020240689210,2020,240689210,2020-00360488,COUNTY SHERIFF'S OFFICE,05 FIFTH,ORANGE,"November 13, 2020",1850,SATURDAY,7546 ORLANDO,0746,Y,JOHN YOUNG PKWY,SR 50,0.019,S,0,0,28.5528075,-81.4138419,75050000,14.869,05061,SR 50,,S SIDE RD RIGHT,R RIGHT TURN,N NORTH,30 URBAN 6+LN 2WY DIVD RASD,03 STATE,01 NON-JUNCTION,01 ON ROADWAY,01 NOT AT INTERSECTION,03 CURB,34,"April 1, 2018",14 URBAN PRIN ART OTHER,36,PAVED,8,CURB&GUTTER,2,,0,41,42000,RCI,4.7,,45,4 INCAPACITATING INJURY,31 Q/C COMPLETED - LOC VERIFIED,0 NO,03 INFLUENCED BY INTERSECTION,04 DARK-LIGHTED,01 CLEAR,01 DRY,01 LEVEL,1 STRAIGHT,"TWO-WAY, DIVIDED, POSITIVE MED",,NO CONTROLS,NOT CODED,6,NONE,NOT CODED,NOT CODED,NONE,NOT CODED,NOT CODED,14 MOTOR VEHICLE IN TRANSPORT,77 OTHER (SEE NARRATIVE),01 STRAIGHT AHEAD,NO CONTRIBUTING ACTION,NOT CODED,00 NOT CODED,00 NOT CODED,00 NOT CODED,00 NOT CODED,01 NO,1,0,1,1,1,0,1,2,N,N,N,Y,N,N,N,N,N,N,N,N,Y,N,Y,N,N,N,N,N,N,N,N,N,N,N,28.552701083,-81.413809024,459522.544607,3158500.239371,R,,ARBM15Q1R2,"June 10, 2023",2842275,-9062944.111276198,3318837.8356215786
2020240670900,2020,240670900,2020-00313128,COUNTY SHERIFF'S OFFICE,05 FIFTH,ORANGE,"October 2, 2020",0600,SATURDAY,7546 ORLANDO,0746,Y,SR 408,I 4,0,,0,0,28.5370701,-81.3749172,75008041,0,04839,SR 400,,L LEFT,X RAMP,0,08 RAMP RURAL,03 STATE,14 ENTRANCE/EXIT RAMP,03 SHOULDER,01 NOT AT INTERSECTION,01 PAVED,0,"December 31, 2000",,15,PAVED,8,,0,,0,,14000,RCI,4.1,,,0 UNKNOWN/NOT CODED,31 Q/C COMPLETED - LOC VERIFIED,0 NO,07 ENTRANCE RAMP,77 OTHER (EXPLAIN IN NARRATIVE),77 OTHER (SEE NARRATIVE),77 OTHER EXPLAIN IN NARRATIVE,00 NOT CODED,0 NOT CODED,NOT CODED,,NOT CODED,NOT CODED,1,NONE,NOT CODED,NOT CODED,ALL OTHER (SEE NARRTIVE),NOT CODED,NOT CODED,27 GUARDRAIL FACE,77 OTHER (SEE NARRATIVE),00 NOT CODED,NOT CODED,NOT CODED,00 NOT CODED,00 NOT CODED,00 NOT CODED,00 NOT CODED,01 NO,0,0,0,0,0,0,1,0,N,N,N,N,N,N,N,N,N,N,N,N,N,N,N,N,N,N,N,N,N,N,N,N,N,N,28.537011064,-81.374908051,463322.3077,3156749.4981,O,,ARBM15Q1R2,"June 10, 2023",2842289,-9058613.673469352,3316849.5395307005
2020240678070,2020,240678070,2020-00317128,COUNTY SHERIFF'S OFFICE,05 FIFTH,ORANGE,"October 7, 2020",1348,THURSDAY,7546 ORLANDO,0746,Y,SR 527,KALEY ST,0.019,N,0,0,28.5211569,-81.3764028,75040000,12.555,00754,SR 527,,R RIGHT,2 THRU LANE 2,0,21 URBAN 4-5LN 2WY DIVD PAVD,03 STATE,01 NON-JUNCTION,01 ON ROADWAY,01 NOT AT INTERSECTION,03 CURB,34,"September 9, 2019",14 URBAN PRIN ART OTHER,20,PAVED,6,CURB&GUTTER,2,,0,10,32500,RCI,7.6,,30,1 NO INJURY,31 Q/C COMPLETED - LOC VERIFIED,0 NO,01 NOT AT INTERSECTION/RRX/BRIDGE,01 DAYLIGHT,02 CLOUDY,01 DRY,00 NOT CODED,0 NOT CODED,NOT CODED,"TWO-WAY, NOT DIV, W/CONT LTURN",NOT CODED,NO CONTROLS,4,NONE,NOT CODED,NOT CODED,NONE,NOT CODED,NOT CODED,14 MOTOR VEHICLE IN TRANSPORT,"04 SIDESWIPE, SAME DIRECTION",00 NOT CODED,NOT CODED,NO CONTRIBUTING ACTION,00 NOT CODED,00 NOT CODED,00 NOT CODED,00 NOT CODED,01 NO,0,0,0,0,1,0,2,1,N,N,N,N,Y,N,N,N,N,N,N,N,N,N,N,N,N,N,N,N,N,N,N,N,N,N,28.521161758,-81.376406829,463170.170004,3154994.091746,C,,ARBM15Q1R2,"June 10, 2023",2842302,-9058780.516645895,3314841.358378914
2020240678110,2020,240678110,2020-00369915,COUNTY SHERIFF'S OFFICE,05 FIFTH,ORANGE,"November 21, 2020",2015,SUNDAY,7546 ORLANDO,0746,Y,COLONIAL DR E,MAGUIRE BLVD,0.019,E,0,0,28.5533167,-81.3443292,75060000,3.117,05122,SR 50,,R RIGHT,1 THRU LANE 1,E EAST,30 URBAN 6+LN 2WY DIVD RASD,03 STATE,18 THROUGH ROADWAY,01 ON ROADWAY,01 NOT AT INTERSECTION,01 PAVED,34,"September 9, 2019",14 URBAN PRIN ART OTHER,36,CURB&GUTTER,2,,0,,0,20,50500,RCI,3.5,,40,1 NO INJURY,31 Q/C COMPLETED - LOC VERIFIED,0 NO,01 NOT AT INTERSECTION/RRX/BRIDGE,04 DARK-LIGHTED,01 CLEAR,01 DRY,01 LEVEL,1 STRAIGHT,"TWO-WAY, DIVIDED, POSITIVE MED","TWO-WAY, DIVIDED, POSITIVE MED",NO CONTROLS,NO CONTROLS,6,NONE,NOT CODED,NOT CODED,NONE,NOT CODED,NOT CODED,01 OVERTURN/ROLLOVER,06 REAR TO SIDE,06 CHANGING LANES,OTHER CONTRIBUTING ACTION,NO CONTRIBUTING ACTION,00 NOT CODED,00 NOT CODED,00 NOT CODED,00 NOT CODED,01 NO,0,0,0,0,2,0,2,3,N,N,N,N,Y,N,N,N,N,N,N,N,N,N,N,N,N,N,N,N,N,N,N,N,N,N,28.553230397,-81.344389542,466313.150663,3158537.404507,R,,ARBM15Q1R2,"June 10, 2023",2842303,-9055216.367642255,3318904.917508285
2020240678120,2020,240678120,2020-00318057,COUNTY SHERIFF'S OFFICE,05 FIFTH,ORANGE,"October 8, 2020",0827,FRIDAY,7546 ORLANDO,0746,Y,SR 408,ROSALIND AVE,0.057,W,0,0,28.537041,-81.3686484,75008000,6.093,01536,SR 408,,L LEFT,4 THRU LANE 4,W WEST,03 TOLL ROAD URBAN,03 STATE,14 ENTRANCE/EXIT RAMP,01 ON ROADWAY,01 NOT AT INTERSECTION,01 PAVED,37,"March 2, 2020",12 URBAN PRIN ART EXPR.,48,PAVED WARN,8,VALLEY GUTR,3,,0,40,159500,RCI,4.5,,55,2 POSSIBLE INJURY,31 Q/C COMPLETED - LOC VERIFIED,0 NO,01 NOT AT INTERSECTION/RRX/BRIDGE,01 DAYLIGHT,01 CLEAR,01 DRY,01 LEVEL,1 STRAIGHT,"TWO-WAY, DIVIDED, POSITIVE MED","TWO-WAY, DIVIDED, POSITIVE MED",NO CONTROLS,NO CONTROLS,9,NONE,NOT CODED,NOT CODED,NONE,NOT CODED,NOT CODED,14 MOTOR VEHICLE IN TRANSPORT,01 FRONT TO REAR,01 STRAIGHT AHEAD,OPERATED MV IN CARLESS OR NEGL,NO CONTRIBUTING ACTION,00 NOT CODED,00 NOT CODED,00 NOT CODED,00 NOT CODED,01 NO,4,0,0,0,3,0,3,6,N,N,N,N,N,N,N,N,N,N,Y,N,N,N,N,N,N,N,N,N,Y,N,N,N,N,N,28.537284095,-81.368679446,463931.757027,3156777.856785,L,,ARBM15Q1R2,"June 10, 2023",2842304,-9057920.308161173,3316884.1364467656
2020240672200,2020,240672200,2020-00312094,COUNTY SHERIFF'S OFFICE,05 FIFTH,ORANGE,"October 3, 2020",1057,SUNDAY,7546 ORLANDO,0746,Y,I 4,SOUTH ST W,0.095,S,0,0,0,0,75280000,17.199,01388,SR 400,I 4,M MEDIAN,M MIDDLE,E EAST,01 INTERSTATE URBAN,01 INTERSTATE,01 NON-JUNCTION,01 ON ROADWAY,01 NOT AT INTERSECTION,01 PAVED,27,"September 16, 2014",11 URBAN PRIN ART INT.,36,PAVED,10,LAWN,2,,0,90,148000,RCI,6.8,2D3000,50,1 NO INJURY,31 Q/C COMPLETED - LOC VERIFIED,0 NO,01 NOT AT INTERSECTION/RRX/BRIDGE,01 DAYLIGHT,03 RAIN,02 WET,01 LEVEL,1 STRAIGHT,"TWO-WAY, DIVIDED, POSITIVE MED",,NO CONTROLS,NOT CODED,7,NONE,NOT CODED,NOT CODED,NONE,NOT CODED,NOT CODED,14 MOTOR VEHICLE IN TRANSPORT,77 OTHER (SEE NARRATIVE),01 STRAIGHT AHEAD,OVER-CORRECTING/OVERSTEERING,NOT CODED,00 NOT CODED,00 NOT CODED,00 NOT CODED,00 NOT CODED,01 NO,0,0,0,0,1,0,1,1,N,N,N,N,Y,N,N,N,N,N,N,N,N,N,N,N,N,N,N,N,N,N,N,N,N,N,28.536891338,-81.382406104,462588.716231,3156738.550184,R,,ARBM15Q1R2,"June 10, 2023",2842316,-9059448.35318113,3316834.368494473
2020240700890,2020,240700890,2020-00378174,COUNTY SHERIFF'S OFFICE,05 FIFTH,ORANGE,"November 29, 2020",1800,MONDAY,7546 ORLANDO,0746,Y,JOHN YOUNG PKWY,CONCORD ST,0.028,S,0,0,28.5494746,-81.4137294,75190001,39.771,04996,SR 423,,R RIGHT,1 THRU LANE 1,N NORTH,30 URBAN 6+LN 2WY DIVD RASD,05 LOCAL,01 NON-JUNCTION,01 ON ROADWAY,01 NOT AT INTERSECTION,03 CURB,38,"September 8, 2019",14 URBAN PRIN ART OTHER,36,CURB&GUTTER,2,,0,,0,36,50000,RCI,11.4,,45,3 NO-INCAPACITATING INJURY,31 Q/C COMPLETED - LOC VERIFIED,0 NO,03 INFLUENCED BY INTERSECTION,04 DARK-LIGHTED,01 CLEAR,01 DRY,01 LEVEL,1 STRAIGHT,"TWO-WAY, DIVIDED, POSITIVE MED","TWO-WAY, DIVIDED, POSITIVE MED",NO CONTROLS,NO CONTROLS,6,NONE,NOT CODED,NOT CODED,NONE,NOT CODED,NOT CODED,14 MOTOR VEHICLE IN TRANSPORT,01 FRONT TO REAR,01 STRAIGHT AHEAD,OPERATED MV IN CARLESS OR NEGL,NO CONTRIBUTING ACTION,00 NOT CODED,00 NOT CODED,00 NOT CODED,00 NOT CODED,01 NO,1,0,0,0,2,0,2,6,N,N,N,Y,N,N,N,N,N,N,Y,N,N,N,N,N,N,N,N,N,N,N,N,N,N,N,28.549556436,-81.413622772,459539.561319,3158151.794697,R,,ARBM15Q1R2,"June 10, 2023",2842319,-9062923.37777363,3318439.3107064157
2020240700960,2020,240700960,2020-00406239,COUNTY SHERIFF'S OFFICE,05 FIFTH,ORANGE,"December 23, 2020",2153,THURSDAY,7546 ORLANDO,0746,Y,OXALIS AVE,CURRY FORD RD,0.009,N,0,0,28.5204902,-81.3021266,75012000,1.813,02379,SR 552,,T SIDE RD LEFT,1 THRU LANE 1,S SOUTH,20 URBAN 4-5LN 2WY DIVD RASD,05 LOCAL,01 NON-JUNCTION,01 ON ROADWAY,02 FOUR-WAY INTERSECTION,03 CURB,36,"February 11, 2020",16 URBAN MINOR ART,22,CURB&GUTTER,2,,0,,0,22,35000,RCI,2.6,,45,2 POSSIBLE INJURY,31 Q/C COMPLETED - LOC VERIFIED,0 NO,03 INFLUENCED BY INTERSECTION,04 DARK-LIGHTED,02 CLOUDY,01 DRY,01 LEVEL,1 STRAIGHT,"TWO-WAY, NOT DIV, W/CONT LTURN","TWO-WAY, NOT DIV, W/CONT LTURN",TRAFFIC CONTROL SIGNAL,TRAFFIC CONTROL SIGNAL,4,NONE,NOT CODED,NOT CODED,NONE,NOT CODED,NOT CODED,14 MOTOR VEHICLE IN TRANSPORT,01 FRONT TO REAR,01 STRAIGHT AHEAD,NOT CODED,NO CONTRIBUTING ACTION,00 NOT CODED,00 NOT CODED,00 NOT CODED,00 NOT CODED,01 NO,2,0,0,0,1,0,2,3,N,N,N,Y,N,N,N,N,N,N,N,N,N,N,N,N,N,N,N,N,N,N,N,N,N,N,28.520530788,-81.302086269,470441.990618,3154903.63074,L,,ARBM15Q1R2,"June 10, 2023",2842320,-9050507.18742941,3314761.418048908
2020240683690,2020,240683690,2020-00334611,COUNTY SHERIFF'S OFFICE,05 FIFTH,ORANGE,"October 22, 2020",1200,FRIDAY,7546 ORLANDO,0746,Y,MICHIGAN ST,SR 15,0.014,E,0,0,28.5135772,-81.3763168,75040000,12.033,01755,SR 527,,S SIDE RD RIGHT,1 THRU LANE 1,W WEST,21 URBAN 4-5LN 2WY DIVD PAVD,05 LOCAL,01 NON-JUNCTION,01 ON ROADWAY,01 NOT AT INTERSECTION,03 CURB,40,"October 27, 2020",14 URBAN PRIN ART OTHER,22,CURB&GUTTER,2,CURB&GUTTER,2,,0,21,38138,RCI,5.9,,40,1 NO INJURY,31 Q/C COMPLETED - LOC VERIFIED,0 NO,03 INFLUENCED BY INTERSECTION,01 DAYLIGHT,01 CLEAR,01 DRY,01 LEVEL,1 STRAIGHT,"TWO-WAY, DIVIDED, POSITIVE MED","TWO-WAY, DIVIDED, POSITIVE MED",NO CONTROLS,NO CONTROLS,4,NONE,NOT CODED,NOT CODED,NONE,NOT CODED,NOT CODED,14 MOTOR VEHICLE IN TRANSPORT,01 FRONT TO REAR,01 STRAIGHT AHEAD,OPERATED MV IN CARLESS OR NEGL,NO CONTRIBUTING ACTION,00 NOT CODED,00 NOT CODED,00 NOT CODED,00 NOT CODED,01 NO,0,0,0,0,3,0,3,3,N,N,N,Y,N,N,N,N,N,N,N,N,N,N,N,N,N,N,N,N,Y,Y,Y,N,N,N,28.513585402,-81.376326289,463175.418471,3154154.721709,C,,ARBM15Q1R2,"June 10, 2023",2842321,-9058771.550957683,3313881.5053372798
2020240683710,2020,240683710,2020-00353525,COUNTY SHERIFF'S OFFICE,05 FIFTH,ORANGE,"November 7, 2020",2043,SUNDAY,7546 ORLANDO,0746,Y,I 4,MM 80,0,,0,0,28.5092834,-81.4046345,75280000,14.53,01417,SR 400,I 4,R RIGHT,1 THRU LANE 1,E EAST,01 INTERSTATE URBAN,01 INTERSTATE,01 NON-JUNCTION,01 ON ROADWAY,01 NOT AT INTERSECTION,01 PAVED,35,"September 16, 2014",11 URBAN PRIN ART INT.,36,PAVED WARN,10,LAWN,12,,0,64,179000,RCI,5.6,,55,1 NO INJURY,31 Q/C COMPLETED - LOC VERIFIED,0 NO,01 NOT AT INTERSECTION/RRX/BRIDGE,04 DARK-LIGHTED,03 RAIN,02 WET,01 LEVEL,1 STRAIGHT,,"TWO-WAY, DIVIDED, POSITIVE MED",NOT CODED,NO CONTROLS,6,NONE,NOT CODED,NOT CODED,NONE,NOT CODED,NOT CODED,14 MOTOR VEHICLE IN TRANSPORT,01 FRONT TO REAR,01 STRAIGHT AHEAD,NOT CODED,NO CONTRIBUTING ACTION,00 NOT CODED,00 NOT CODED,00 NOT CODED,00 NOT CODED,01 NO,0,0,0,0,1,0,1,1,N,N,N,N,N,N,N,N,N,N,N,N,N,N,N,N,N,N,N,N,N,N,N,N,N,N,28.509314289,-81.404652994,460401.951529,3153690.565,R,,ARBM15Q1R2,"June 10, 2023",2842322,-9061924.866235599,3313340.425890955
2020241231360,2020,241231360,WGPD20OFF003403,COUNTY SHERIFF'S OFFICE,05 FIFTH,ORANGE,"October 18, 2020",1420,MONDAY,7552 WINTER GARDEN,0752,Y,SR 50,PARK AVE,0.009,W,28.5504399,-81.5901,28.5510312,-81.591885,75050000,4.046,05005,SR 50,,R RIGHT,3 THRU LANE 3,E EAST,30 URBAN 6+LN 2WY DIVD RASD,03 STATE,01 NON-JUNCTION,01 ON ROADWAY,01 NOT AT INTERSECTION,03 CURB,38,"April 1, 2018",14 URBAN PRIN ART OTHER,36,PAVED,4,CURB&GUTTER,2,,0,30,41509,RCI,4.5,,45,2 POSSIBLE INJURY,31 Q/C COMPLETED - LOC VERIFIED,0 NO,03 INFLUENCED BY INTERSECTION,01 DAYLIGHT,03 RAIN,02 WET,01 LEVEL,1 STRAIGHT,"TWO-WAY, DIVIDED, POSITIVE MED","TWO-WAY, DIVIDED, POSITIVE MED",NO CONTROLS,NO CONTROLS,6,NONE,NOT CODED,NOT CODED,NONE,NOT CODED,NOT CODED,14 MOTOR VEHICLE IN TRANSPORT,01 FRONT TO REAR,01 STRAIGHT AHEAD,DROVE TOO FAST FOR CONDITIONS,NO CONTRIBUTING ACTION,00 NOT CODED,00 NOT CODED,00 NOT CODED,00 NOT CODED,01 NO,1,0,0,0,2,0,2,2,N,N,N,Y,N,Y,N,N,N,N,N,Y,N,N,N,N,N,N,N,N,N,Y,Y,N,N,N,28.550927116,-81.591979374,442093.240548,3158376.823445,R,,ARBM15Q1R2,"June 10, 2023",2842327,-9082777.949739872,3318613.016451335