Crash Id,Calendar Year,FDOT Crash Number,Reporting Agency Case Number,Reporting Agency Type,FDOT Managing District,County Name,Crash Date,Crash Time,Day,DHSMV City,Crash Report City Code,In Town,On Roadway Name,Int Roadway Name,Reference Distance (Miles),Reference Direction,Officer Latitude,Officer Longitude,FDOT Latitude,FDOT Longitude,FDOT Roadway,Nearest Inventory MP,Nearest Node From Crash,State Road #,US Highway,Crash Side of Road,Accident Lane Number,Travel Direction Vehicle 1,FDOT Road Category,DHSMV Road System Id,Relation to Junction,Crash Harmful Event Location,Intersection Type,Shoulder Type,FDOT Roadway SKID Test Result,FDOT Roadway SKID Test Date,Functional Class,RCI Surface Width,RCI Shoulder Type First,RCI Shoulder Width First,RCI Shoulder Type Second,RCI Shoulder Width Second,RCI Shoulder Type Third,RCI Shoulder Width Third,RCI Median Width,Avg Daily Traffic,AADT Source,RCI Avg Per Truck Traffic,RCI Horiz Curve Condition,Posted Speed Limit,Highest Injury in Crash,CAR Status Code,Alcohols/Drug Involved,Site Location,Lighting,Weather,Road Surface,Roadway Grade,Roadway Alignment,Traffic Way Vehicle 1,Traffic Way Vehicle 2,Traffic Control Vehicle 1,Traffic Control Vehicle 2,Count of Lanes,Road Condition 1,Road Condition 2,Road Condition 3,Environment Condition 1,Environment Condition 2,Environment Condition 3,Crash Harmful Event,Manner of Collision,Vehicle Movement,Driver Action Vehicle 1,Driver Action Vehicle 2,Location Within Workzone,Type of Workzone,Workers Present in Workzone,Law Enforcement Present in Workzone,School Bus Related,Count of Nonfatal Injuries,Count of Traffic Fatalities,Count of Serious Injuries,Count of Pedestrians,Count of Drivers,Count of Bicyclists,Count of Vehicles,Count of Persons,Wrong Way,Workzone Inv,Commercial Vehicle Inv,Intersection Inv,Lane Departure,Speeding,Agressive Driving,Impaired Driver,Impaired Pedestrian,Impaired Bicyclist,Distracted Driver,Speeding or Aggressive Driving,Pedestrian Related,Bicyclist Related,Pedestrian or Bicyclist Related,Motorcycle Inv,No Belt,No Belt - Ages 1-4,No Belt - Ages 5-12,No Belt - Ages 13-17,Driver - Ages Teen,Driver - Ages 65 plus,Driver - Ages 65-69,Driver - Ages 70-74,Driver - Ages 75-79,Driver - Ages 80 plus,ARBM Latitude,ARBM Longitude,UTM Zone 17N X,UTM Zone 17N Y,ARBM Side of Road,Urban Rural Indicator,GIS Street Source,Extract Date,OBJECTID,x,y
2020884181580,2020,884181580,FHPD20OFF082219,FLORIDA HIGHWAY PATROL,05 FIFTH,ORANGE,"November 24, 2020",1808,WEDNESDAY,7546 ORLANDO,0746,N,US 441,WATERBRIDGE BLVD,0.003,N,28.4033149,-81.4047095,28.4030466,-81.404625,75010000,3.796,02473,SR 500,US 17,L LEFT,2 THRU LANE 2,S SOUTH,30 URBAN 6+LN 2WY DIVD RASD,02 U.S.,01 NON-JUNCTION,01 ON ROADWAY,01 NOT AT INTERSECTION,03 CURB,37,"March 1, 2020",14 URBAN PRIN ART OTHER,35,PAVED,4,CURB&GUTTER,2,,0,22,57000,RCI,6.9,,50,1 NO INJURY,31 Q/C COMPLETED - LOC VERIFIED,0 NO,03 INFLUENCED BY INTERSECTION,02 DUSK,02 CLOUDY,01 DRY,01 LEVEL,1 STRAIGHT,"TWO-WAY, DIVIDED, POSITIVE MED","TWO-WAY, DIVIDED, POSITIVE MED",TRAFFIC CONTROL SIGNAL,TRAFFIC CONTROL SIGNAL,6,NONE,NOT CODED,NOT CODED,NONE,NOT CODED,NOT CODED,14 MOTOR VEHICLE IN TRANSPORT,01 FRONT TO REAR,01 STRAIGHT AHEAD,OPERATED MV IN CARLESS OR NEGL,NO CONTRIBUTING ACTION,00 NOT CODED,00 NOT CODED,00 NOT CODED,00 NOT CODED,01 NO,0,0,0,0,2,0,2,2,N,N,N,Y,N,N,N,N,N,N,N,N,N,N,N,N,N,N,N,N,N,N,N,N,N,N,28.403054863,-81.404696936,460358.031841,3141918.731487,L,,ARBM15Q1R2,"June 10, 2023",2853765,-9061929.7575112,3299886.1528774295
2020884181660,2020,884181660,FHPD20OFF082672,FLORIDA HIGHWAY PATROL,05 FIFTH,ORANGE,"November 26, 2020",1909,FRIDAY,7546 ORLANDO,0746,N,PAUL ST,SR 50,0,,28.5523947,-81.4646087,28.5521839,-81.4645083,75050000,11.789,05033,SR 50,,T SIDE RD LEFT,1 THRU LANE 1,S SOUTH,30 URBAN 6+LN 2WY DIVD RASD,04 COUNTY,03 INTERSECTION-RELATED,01 ON ROADWAY,01 NOT AT INTERSECTION,03 CURB,44,"April 1, 2018",14 URBAN PRIN ART OTHER,36,PAVED,4,CURB&GUTTER,2,,0,28,41500,RCI,3.4,,45,2 POSSIBLE INJURY,31 Q/C COMPLETED - LOC VERIFIED,0 NO,02 AT INTERSECTION,02 DUSK,01 CLEAR,01 DRY,01 LEVEL,1 STRAIGHT,"TWO-WAY, NOT DIVIDED",,TRAFFIC CONTROL SIGNAL,NOT CODED,6,NONE,NOT CODED,NOT CODED,NONE,NOT CODED,NOT CODED,11 PEDALCYCLE,77 OTHER (SEE NARRATIVE),05 TURNING RIGHT,NO CONTRIBUTING ACTION,NOT CODED,00 NOT CODED,00 NOT CODED,00 NOT CODED,00 NOT CODED,01 NO,1,0,0,0,1,1,1,2,N,N,N,Y,N,N,N,N,N,N,N,N,N,Y,Y,N,N,N,N,N,N,N,N,N,N,N,28.552274873,-81.464535345,454560.421332,3158471.200222,L,,ARBM15Q1R2,"June 10, 2023",2853766,-9068590.941176163,3318783.820574376
2020884181670,2020,884181670,FHPD20OFF082808,FLORIDA HIGHWAY PATROL,05 FIFTH,ORANGE,"November 27, 2020",1323,SATURDAY,7546 ORLANDO,0746,N,SR 482,SUMMER DAY LN,0,,28.4503606,-81.3979204,28.450441,-81.3978249,75002000,4.792,05601,SR 482,,R RIGHT,2 THRU LANE 2,W WEST,30 URBAN 6+LN 2WY DIVD RASD,03 STATE,02 INTERSECTION,01 ON ROADWAY,02 FOUR-WAY INTERSECTION,03 CURB,35,"March 3, 2020",16 URBAN MINOR ART,37,PAVED,2,CURB&GUTTER,2,,0,20,42000,RCI,11.4,,45,3 NO-INCAPACITATING INJURY,31 Q/C COMPLETED - LOC VERIFIED,0 NO,02 AT INTERSECTION,01 DAYLIGHT,01 CLEAR,01 DRY,01 LEVEL,1 STRAIGHT,"TWO-WAY, DIVIDED, POSITIVE MED","TWO-WAY, DIVIDED, POSITIVE MED",TRAFFIC CONTROL SIGNAL,TRAFFIC CONTROL SIGNAL,6,NONE,NOT CODED,NOT CODED,NONE,NOT CODED,NOT CODED,14 MOTOR VEHICLE IN TRANSPORT,03 ANGLE,03 TURNING LEFT,FAILED TO YIELD RIGHT-OF-WAY,NO CONTRIBUTING ACTION,00 NOT CODED,00 NOT CODED,00 NOT CODED,00 NOT CODED,01 NO,2,0,0,0,2,0,2,4,N,N,N,Y,N,N,N,N,N,N,N,N,N,N,N,N,N,N,N,N,N,N,N,N,N,N,28.450378298,-81.397814537,461049.529479,3147159.141644,R,,ARBM15Q1R2,"June 10, 2023",2853767,-9061163.612226851,3305876.4444795297
2020884181680,2020,884181680,FHPD20OFF082856,FLORIDA HIGHWAY PATROL,05 FIFTH,ORANGE,"November 27, 2020",1728,SATURDAY,7546 ORLANDO,0746,N,US 441,SOUTHLAND BLVD,0.003,S,28.4555394,-81.3994536,28.4557565,-81.3992702,75010000,7.463,00507,SR 500,US 17,L LEFT,3 THRU LANE 3,S SOUTH,30 URBAN 6+LN 2WY DIVD RASD,02 U.S.,01 NON-JUNCTION,01 ON ROADWAY,01 NOT AT INTERSECTION,03 CURB,38,"March 1, 2020",14 URBAN PRIN ART OTHER,32,CURB&GUTTER,2,,0,,0,16,52500,RCI,6.9,,40,2 POSSIBLE INJURY,31 Q/C COMPLETED - LOC VERIFIED,0 NO,01 NOT AT INTERSECTION/RRX/BRIDGE,01 DAYLIGHT,01 CLEAR,01 DRY,01 LEVEL,1 STRAIGHT,"TWO-WAY, DIVIDED, POSITIVE MED","TWO-WAY, DIVIDED, POSITIVE MED",NO CONTROLS,NO CONTROLS,6,NONE,NOT CODED,NOT CODED,NONE,NOT CODED,NOT CODED,14 MOTOR VEHICLE IN TRANSPORT,01 FRONT TO REAR,01 STRAIGHT AHEAD,OPERATED MV IN CARLESS OR NEGL,NO CONTRIBUTING ACTION,00 NOT CODED,00 NOT CODED,00 NOT CODED,00 NOT CODED,01 NO,1,0,0,0,2,0,2,2,N,N,N,N,N,N,N,N,N,N,N,N,N,N,N,Y,N,N,N,N,N,N,N,N,N,N,28.455761962,-81.399350356,460901.134986,3147756.063545,L,,ARBM15Q1R2,"June 10, 2023",2853768,-9061334.5788938,3306558.0888029006
2020884181700,2020,884181700,FHPD20OFF082890,FLORIDA HIGHWAY PATROL,05 FIFTH,ORANGE,"November 27, 2020",1949,SATURDAY,7546 ORLANDO,0746,N,US 441,GINGER MILL BLVD,0,,28.3870171,-81.4046346,28.3871699,-81.4045454,75010000,2.704,00492,SR 500,US 17,L LEFT,1 THRU LANE 1,N NORTH,30 URBAN 6+LN 2WY DIVD RASD,02 U.S.,02 INTERSECTION,01 ON ROADWAY,02 FOUR-WAY INTERSECTION,03 CURB,37,"March 1, 2020",14 URBAN PRIN ART OTHER,35,PAVED,4,CURB&GUTTER,2,,0,30,57000,RCI,6.9,,50,4 INCAPACITATING INJURY,31 Q/C COMPLETED - LOC VERIFIED,0 NO,02 AT INTERSECTION,02 DUSK,01 CLEAR,01 DRY,01 LEVEL,1 STRAIGHT,"TWO-WAY, DIVIDED, POSITIVE MED","TWO-WAY, DIVIDED, POSITIVE MED",TRAFFIC CONTROL SIGNAL,TRAFFIC CONTROL SIGNAL,6,NONE,NOT CODED,NOT CODED,NONE,NOT CODED,NOT CODED,14 MOTOR VEHICLE IN TRANSPORT,03 ANGLE,03 TURNING LEFT,FAILED TO YIELD RIGHT-OF-WAY,NO CONTRIBUTING ACTION,00 NOT CODED,00 NOT CODED,00 NOT CODED,00 NOT CODED,01 NO,6,0,1,0,3,0,3,6,N,N,N,Y,N,N,N,N,N,N,N,N,N,N,N,N,Y,N,N,N,N,N,N,N,N,N,28.387185527,-81.404646889,460357.029646,3140160.661633,L,,ARBM15Q1R2,"June 10, 2023",2853769,-9061924.186257029,3297877.980873508
2020884189690,2020,884189690,FHPD20OFF088648,FLORIDA HIGHWAY PATROL,05 FIFTH,ORANGE,"December 21, 2020",0625,TUESDAY,"7500 UNINCORPORATED, ORANGE",0700,N,SR 520,NOVA RD,2,S,28.38177,-80.9202599,28.3706013,-80.8914011,75140000,17.105,03997,SR 520,,R RIGHT,1 THRU LANE 1,E EAST,27 RURAL 4-5LN 2WY DIVD PAVD,03 STATE,01 NON-JUNCTION,01 ON ROADWAY,01 NOT AT INTERSECTION,02 UNPAVED,35,"March 2, 2020",04 RURAL PRIN ART OTHER,24,PAVED,10,,0,,0,40,19800,RCI,6.9,,65,4 INCAPACITATING INJURY,31 Q/C COMPLETED - LOC VERIFIED,0 NO,01 NOT AT INTERSECTION/RRX/BRIDGE,01 DAYLIGHT,01 CLEAR,01 DRY,01 LEVEL,1 STRAIGHT,"TWO-WAY, DIVIDED, POSITIVE MED","TWO-WAY, DIVIDED, POSITIVE MED",NO CONTROLS,NO CONTROLS,4,NONE,NOT CODED,NOT CODED,NONE,NOT CODED,NOT CODED,14 MOTOR VEHICLE IN TRANSPORT,77 OTHER (SEE NARRATIVE),01 STRAIGHT AHEAD,OPERATED MV IN CARLESS OR NEGL,NO CONTRIBUTING ACTION,00 NOT CODED,00 NOT CODED,00 NOT CODED,00 NOT CODED,01 NO,1,0,1,0,2,0,2,2,N,N,N,N,Y,N,N,N,N,N,Y,N,N,N,N,N,N,N,N,N,N,Y,Y,N,N,N,28.370474441,-80.890733878,510706.357459,3138247.682708,R,,ARBM15Q1R2,"June 10, 2023",2853803,-9004715.634649685,3295763.616906608
2020884223010,2020,884223010,FHPD20OFF080873,FLORIDA HIGHWAY PATROL,05 FIFTH,ORANGE,"November 19, 2020",2121,FRIDAY,7546 ORLANDO,0746,N,EDGEWATER DR,LEE RD,0.006,S,28.60367,-81.4070499,28.6035466,-81.406878,75260000,4.205,05326,SR 424,,R RIGHT,2 THRU LANE 2,E EAST,20 URBAN 4-5LN 2WY DIVD RASD,04 COUNTY,01 NON-JUNCTION,01 ON ROADWAY,01 NOT AT INTERSECTION,01 PAVED,40,"September 8, 2019",16 URBAN MINOR ART,24,PAVED,2,CURB&GUTTER,2,,0,17,24500,RCI,4.7,,45,2 POSSIBLE INJURY,31 Q/C COMPLETED - LOC VERIFIED,0 NO,03 INFLUENCED BY INTERSECTION,04 DARK-LIGHTED,01 CLEAR,01 DRY,01 LEVEL,1 STRAIGHT,"TWO-WAY, DIVIDED, POSITIVE MED","TWO-WAY, DIVIDED, POSITIVE MED",NO CONTROLS,NO CONTROLS,4,NONE,NOT CODED,NOT CODED,NONE,NOT CODED,NOT CODED,14 MOTOR VEHICLE IN TRANSPORT,01 FRONT TO REAR,01 STRAIGHT AHEAD,NO CONTRIBUTING ACTION,NO CONTRIBUTING ACTION,00 NOT CODED,00 NOT CODED,00 NOT CODED,00 NOT CODED,01 NO,1,0,0,0,2,0,2,2,N,N,N,Y,N,N,N,N,N,N,Y,N,N,N,N,N,N,N,N,N,N,N,N,N,N,N,28.603550892,-81.406898131,460217.689958,3164131.373708,C,,ARBM15Q1R2,"June 10, 2023",2853804,-9062174.794141905,3325283.745500302
2020884316790,2020,884316790,FHPD20OFF090635,FLORIDA HIGHWAY PATROL,05 FIFTH,ORANGE,"December 29, 2020",1305,WEDNESDAY,7546 ORLANDO,0746,N,SR 535,SR 536,0.002,S,28.3572649,-81.4965428,28.3573651,-81.4970602,75035001,0.893,02588,SR 535,,R RIGHT,R RIGHT TURN,N NORTH,33 SUBURBAN 6+LN 2WY DIVD RASD,03 STATE,03 INTERSECTION-RELATED,01 ON ROADWAY,02 FOUR-WAY INTERSECTION,03 CURB,35,"September 10, 2019",16 URBAN MINOR ART,36,PAVED,5,LAWN,12,,0,42,53000,RCI,7.8,,50,2 POSSIBLE INJURY,31 Q/C COMPLETED - LOC VERIFIED,0 NO,03 INFLUENCED BY INTERSECTION,01 DAYLIGHT,01 CLEAR,01 DRY,01 LEVEL,1 STRAIGHT,"TWO-WAY, DIVIDED, POSITIVE MED","TWO-WAY, DIVIDED, POSITIVE MED",YIELD SIGN,YIELD SIGN,6,NONE,NOT CODED,NOT CODED,NONE,NOT CODED,NOT CODED,14 MOTOR VEHICLE IN TRANSPORT,01 FRONT TO REAR,01 STRAIGHT AHEAD,OPERATED MV IN CARLESS OR NEGL,NO CONTRIBUTING ACTION,00 NOT CODED,00 NOT CODED,00 NOT CODED,00 NOT CODED,01 NO,3,0,0,0,2,0,2,3,N,N,N,Y,N,N,N,N,N,N,Y,N,N,N,N,N,N,N,N,N,N,N,N,N,N,N,28.357425385,-81.496989477,451296.587816,3136897.573442,R,,ARBM15Q1R2,"June 10, 2023",2853812,-9072203.71893136,3294112.8182673207
2020884141760,2020,884141760,FHPD20OFF081961,FLORIDA HIGHWAY PATROL,05 FIFTH,ORANGE,"November 23, 2020",2016,TUESDAY,7546 ORLANDO,0746,N,I 4,SAND LAKE RD,0.038,N,28.4537699,-81.47418,28.450693,-81.4741556,75280000,8.32,03710,SR 400,I 4,L LEFT,4 THRU LANE 4,W WEST,01 INTERSTATE URBAN,01 INTERSTATE,01 NON-JUNCTION,01 ON ROADWAY,01 NOT AT INTERSECTION,01 PAVED,39,"March 2, 2020",11 URBAN PRIN ART INT.,36,PAVED,10,LAWN,12,,0,64,106000,RCI,5.6,,60,3 NO-INCAPACITATING INJURY,31 Q/C COMPLETED - LOC VERIFIED,0 NO,01 NOT AT INTERSECTION/RRX/BRIDGE,04 DARK-LIGHTED,01 CLEAR,01 DRY,01 LEVEL,1 STRAIGHT,"TWO-WAY, DIVIDED, POSITIVE MED","TWO-WAY, DIVIDED, POSITIVE MED",NO CONTROLS,NO CONTROLS,6,NONE,NOT CODED,NOT CODED,NONE,NOT CODED,NOT CODED,14 MOTOR VEHICLE IN TRANSPORT,01 FRONT TO REAR,01 STRAIGHT AHEAD,OPERATED MV IN CARLESS OR NEGL,NO CONTRIBUTING ACTION,00 NOT CODED,00 NOT CODED,00 NOT CODED,00 NOT CODED,01 NO,2,0,0,0,2,0,2,6,N,N,N,N,N,N,N,N,N,N,Y,N,N,N,N,N,N,N,N,N,Y,N,N,N,N,N,28.45061305,-81.474468796,453544.240238,3147212.366614,L,,ARBM15Q1R2,"June 10, 2023",2853817,-9069696.72789542,3305906.1663859067
2020884292630,2020,884292630,FHPD20OFF087725,FLORIDA HIGHWAY PATROL,05 FIFTH,ORANGE,"December 17, 2020",1350,FRIDAY,7554 WINTER PARK,0754,N,SR 426,JAMESTOWN DR,0.008,W,28.60361,-81.31129,28.6036737,-81.310683,75090000,2.737,02047,SR 426,,R RIGHT,2 THRU LANE 2,E EAST,20 URBAN 4-5LN 2WY DIVD RASD,03 STATE,01 NON-JUNCTION,01 ON ROADWAY,01 NOT AT INTERSECTION,03 CURB,41,"February 11, 2020",14 URBAN PRIN ART OTHER,26,CURB&GUTTER,2,,0,,0,22,41000,RCI,3.6,,40,1 NO INJURY,31 Q/C COMPLETED - LOC VERIFIED,0 NO,03 INFLUENCED BY INTERSECTION,01 DAYLIGHT,01 CLEAR,01 DRY,01 LEVEL,1 STRAIGHT,"TWO-WAY, DIVIDED, POSITIVE MED","TWO-WAY, DIVIDED, POSITIVE MED",NO CONTROLS,NO CONTROLS,4,NONE,NOT CODED,NOT CODED,NONE,NOT CODED,NOT CODED,14 MOTOR VEHICLE IN TRANSPORT,"04 SIDESWIPE, SAME DIRECTION",01 STRAIGHT AHEAD,OPERATED MV IN CARLESS OR NEGL,NO CONTRIBUTING ACTION,00 NOT CODED,00 NOT CODED,00 NOT CODED,00 NOT CODED,01 NO,0,0,0,0,3,0,3,5,N,N,N,Y,N,N,N,N,N,N,N,N,N,N,N,N,N,N,N,N,N,N,N,N,N,N,28.603620615,-81.310638378,469629.055699,3164110.884748,R,,ARBM15Q1R2,"June 10, 2023",2853821,-9051459.204405282,3325292.5863235774
2020884181260,2020,884181260,FHPD20OFF077301,FLORIDA HIGHWAY PATROL,05 FIFTH,ORANGE,"November 6, 2020",1845,SATURDAY,7546 ORLANDO,0746,N,US 441,REDMAN ST,0,,28.4882216,-81.3966783,28.4881931,-81.3967785,75010000,9.713,00523,SR 500,US 17,R RIGHT,3 THRU LANE 3,S SOUTH,30 URBAN 6+LN 2WY DIVD RASD,02 U.S.,02 INTERSECTION,01 ON ROADWAY,03 T-INTERSECTION,03 CURB,38,"March 1, 2020",14 URBAN PRIN ART OTHER,32,CURB&GUTTER,2,,0,,0,15,58500,RCI,6.2,,40,1 NO INJURY,31 Q/C COMPLETED - LOC VERIFIED,0 NO,02 AT INTERSECTION,01 DAYLIGHT,02 CLOUDY,01 DRY,01 LEVEL,1 STRAIGHT,"TWO-WAY, DIVIDED, POSITIVE MED","TWO-WAY, DIVIDED, POSITIVE MED",NO CONTROLS,NO CONTROLS,6,NONE,NOT CODED,NOT CODED,NONE,NOT CODED,NOT CODED,14 MOTOR VEHICLE IN TRANSPORT,03 ANGLE,03 TURNING LEFT,FAILED TO YIELD RIGHT-OF-WAY,OTHER CONTRIBUTING ACTION,00 NOT CODED,00 NOT CODED,00 NOT CODED,00 NOT CODED,01 NO,0,0,0,0,2,0,2,3,N,N,N,Y,N,N,N,N,N,N,N,N,N,N,N,N,N,N,N,N,Y,N,N,N,N,N,28.488198697,-81.396706723,461171.826772,3151348.68558,R,,ARBM15Q1R2,"June 10, 2023",2853846,-9061040.29104635,3310665.751140796
2020884153620,2020,884153620,FHPD20OFF076490,FLORIDA HIGHWAY PATROL,05 FIFTH,ORANGE,"November 3, 2020",1718,WEDNESDAY,7539 MOUNT DORA,0739,N,US 441,LAUGHLIN RD,0,,28.73404,-81.6095799,28.7338689,-81.6095414,75020000,18.982,02240,SR 500,US 441,R RIGHT,1 THRU LANE 1,N NORTH,23 SUBURBAN 4-5LN 2WY DIVD RASD,02 U.S.,02 INTERSECTION,01 ON ROADWAY,02 FOUR-WAY INTERSECTION,03 CURB,35,"January 22, 2020",14 URBAN PRIN ART OTHER,24,PAVED,4,LAWN,8,,0,40,29500,RCI,8.4,0D2900,55,1 NO INJURY,31 Q/C COMPLETED - LOC VERIFIED,0 NO,02 AT INTERSECTION,01 DAYLIGHT,02 CLOUDY,01 DRY,01 LEVEL,1 STRAIGHT,"TWO-WAY, DIVIDED, POSITIVE MED","TWO-WAY, DIVIDED, POSITIVE MED",STOP SIGN,NO CONTROLS,4,NONE,NOT CODED,NOT CODED,NONE,NOT CODED,NOT CODED,14 MOTOR VEHICLE IN TRANSPORT,03 ANGLE,01 STRAIGHT AHEAD,FAILED TO YIELD RIGHT-OF-WAY,NO CONTRIBUTING ACTION,00 NOT CODED,00 NOT CODED,00 NOT CODED,00 NOT CODED,01 NO,0,0,0,0,2,0,2,2,N,N,N,Y,N,N,N,N,N,N,Y,N,N,N,N,N,N,N,N,N,N,N,N,N,N,N,28.733973298,-81.609497616,440483.002317,3178664.909187,R,,ARBM15Q1R2,"June 10, 2023",2853885,-9084728.072760815,3341830.8558386085
2020884271760,2020,884271760,FHPD20OFF083715,FLORIDA HIGHWAY PATROL,05 FIFTH,ORANGE,"December 1, 2020",1401,WEDNESDAY,7546 ORLANDO,0746,N,SR 423,ANDRUS AVE,0.038,S,28.6080125,-81.3893814,28.605736,-81.4035558,75190000,7.416,06218,SR 423,,R RIGHT,3 THRU LANE 3,E EAST,30 URBAN 6+LN 2WY DIVD RASD,03 STATE,04 DRIVEWAY/ALLEY ACCESS RELATED,01 ON ROADWAY,01 NOT AT INTERSECTION,03 CURB,37,"September 8, 2019",14 URBAN PRIN ART OTHER,33,CURB&GUTTER,2,,0,,0,16,37000,RCI,7.1,3D0000,45,1 NO INJURY,31 Q/C COMPLETED - LOC VERIFIED,0 NO,04 DRIVEWAY ACCESS,01 DAYLIGHT,01 CLEAR,01 DRY,01 LEVEL,1 STRAIGHT,"TWO-WAY, NOT DIVIDED","TWO-WAY, NOT DIVIDED",NO CONTROLS,NO CONTROLS,6,NONE,NOT CODED,NOT CODED,NONE,NOT CODED,NOT CODED,14 MOTOR VEHICLE IN TRANSPORT,"04 SIDESWIPE, SAME DIRECTION",05 TURNING RIGHT,OPERATED MV IN CARLESS OR NEGL,NO CONTRIBUTING ACTION,00 NOT CODED,00 NOT CODED,00 NOT CODED,00 NOT CODED,01 NO,0,0,0,0,2,0,2,2,N,N,N,N,Y,N,N,N,N,N,N,N,N,N,N,N,N,N,N,N,N,N,N,N,N,N,28.605715612,-81.403304773,460569.822934,3164370.006158,R,,ARBM15Q1R2,"June 10, 2023",2853925,-9061774.783301808,3325558.2227394404
2020884274820,2020,884274820,FHPD20OFF089190,FLORIDA HIGHWAY PATROL,05 FIFTH,ORANGE,"December 22, 2020",1921,WEDNESDAY,7533 ORLANDO TRANSIT AUTHORITY,0733,N,SR 408,OLD WINTER GARDEN RD,0.028,E,28.54824,-81.44305,0,0,75008000,1.869,01772,SR 408,,M MEDIAN,M MIDDLE,E EAST,03 TOLL ROAD URBAN,06 TURNPIKE/TOLL,01 NON-JUNCTION,03 SHOULDER,01 NOT AT INTERSECTION,01 PAVED,39,"March 2, 2020",12 URBAN PRIN ART EXPR.,36,PAVED WARN,8,,0,,0,22,100000,RCI,4.5,3D0000,65,4 INCAPACITATING INJURY,31 Q/C COMPLETED - LOC VERIFIED,0 NO,01 NOT AT INTERSECTION/RRX/BRIDGE,04 DARK-LIGHTED,01 CLEAR,01 DRY,01 LEVEL,1 STRAIGHT,"TWO-WAY, DIVIDED, POSITIVE MED",,NO CONTROLS,NOT CODED,6,NONE,NOT CODED,NOT CODED,NONE,NOT CODED,NOT CODED,30 CONCRETE TRAFFIC BARRIER,77 OTHER (SEE NARRATIVE),01 STRAIGHT AHEAD,OPERATED MV IN CARLESS OR NEGL,NOT CODED,00 NOT CODED,00 NOT CODED,00 NOT CODED,00 NOT CODED,01 NO,1,0,1,0,1,0,1,1,N,N,N,N,Y,N,N,N,N,N,Y,N,N,N,N,N,N,N,N,N,N,N,N,N,N,N,28.547457819,-81.433364345,457607.587199,3157926.11965,R,,ARBM15Q1R2,"June 10, 2023",2853926,-9065121.000306062,3318173.357140861
2020884274830,2020,884274830,FHPD20OFF089860,FLORIDA HIGHWAY PATROL,05 FIFTH,ORANGE,"December 25, 2020",1754,SATURDAY,7533 ORLANDO TRANSIT AUTHORITY,0733,N,SR 408,GOLDENROD RD,0,,28.54182,-81.2827599,28.5403893,-81.2862512,75008000,11.132,01574,SR 408,,R RIGHT,2 THRU LANE 2,E EAST,03 TOLL ROAD URBAN,06 TURNPIKE/TOLL,01 NON-JUNCTION,01 ON ROADWAY,01 NOT AT INTERSECTION,01 PAVED,37,"March 2, 2020",12 URBAN PRIN ART EXPR.,48,PAVED WARN,8,,0,,0,24,146500,RCI,4.5,,65,2 POSSIBLE INJURY,31 Q/C COMPLETED - LOC VERIFIED,1 ALC,01 NOT AT INTERSECTION/RRX/BRIDGE,04 DARK-LIGHTED,01 CLEAR,01 DRY,01 LEVEL,1 STRAIGHT,"TWO-WAY, DIVIDED, UNPROTECTED","TWO-WAY, DIVIDED, POSITIVE MED",NO CONTROLS,NO CONTROLS,8,NONE,NOT CODED,NOT CODED,NONE,NOT CODED,NOT CODED,14 MOTOR VEHICLE IN TRANSPORT,01 FRONT TO REAR,01 STRAIGHT AHEAD,OPERATED MV IN CARLESS OR NEGL,NO CONTRIBUTING ACTION,00 NOT CODED,00 NOT CODED,00 NOT CODED,00 NOT CODED,01 NO,1,0,0,0,2,0,2,2,N,N,N,N,N,N,N,Y,N,N,Y,N,N,N,N,N,N,N,N,N,N,Y,Y,N,N,N,28.540384824,-81.286251157,471996.652932,3157099.351564,R,,ARBM15Q1R2,"June 10, 2023",2853927,-9048744.430307714,3317277.0499971253
2020884274850,2020,884274850,FHPD20OFF090080,FLORIDA HIGHWAY PATROL,05 FIFTH,ORANGE,"December 26, 2020",1919,SUNDAY,7533 ORLANDO TRANSIT AUTHORITY,0733,N,SR 417,CURRY FORD RD,0,,28.5040699,-81.2450599,28.5099648,-81.2477049,75300000,3.662,02844,SR 417,,L LEFT,1 THRU LANE 1,S SOUTH,03 TOLL ROAD URBAN,06 TURNPIKE/TOLL,01 NON-JUNCTION,01 ON ROADWAY,01 NOT AT INTERSECTION,01 PAVED,36,"November 12, 2019",12 URBAN PRIN ART EXPR.,36,PAVED WARN,8,VALLEY GUTR,3.5,,0,40,116500,RCI,5,,70,3 NO-INCAPACITATING INJURY,31 Q/C COMPLETED - LOC VERIFIED,0 NO,01 NOT AT INTERSECTION/RRX/BRIDGE,04 DARK-LIGHTED,01 CLEAR,01 DRY,01 LEVEL,1 STRAIGHT,"TWO-WAY, DIVIDED, POSITIVE MED","TWO-WAY, DIVIDED, POSITIVE MED",NO CONTROLS,NO CONTROLS,6,NONE,NOT CODED,NOT CODED,NONE,NOT CODED,NOT CODED,14 MOTOR VEHICLE IN TRANSPORT,01 FRONT TO REAR,01 STRAIGHT AHEAD,OPERATED MV IN CARLESS OR NEGL,NO CONTRIBUTING ACTION,00 NOT CODED,00 NOT CODED,00 NOT CODED,00 NOT CODED,01 NO,1,0,0,0,2,0,2,3,N,N,N,N,N,N,N,N,N,N,Y,N,N,N,N,N,N,N,N,N,N,N,N,N,N,N,28.509896081,-81.247965247,475735.115826,3153713.337762,L,,ARBM15Q1R2,"June 10, 2023",2853928,-9044482.460933374,3313414.1286184383