Crash Id,Calendar Year,FDOT Crash Number,Reporting Agency Case Number,Reporting Agency Type,FDOT Managing District,County Name,Crash Date,Crash Time,Day,DHSMV City,Crash Report City Code,In Town,On Roadway Name,Int Roadway Name,Reference Distance (Miles),Reference Direction,Officer Latitude,Officer Longitude,FDOT Latitude,FDOT Longitude,FDOT Roadway,Nearest Inventory MP,Nearest Node From Crash,State Road #,US Highway,Crash Side of Road,Accident Lane Number,Travel Direction Vehicle 1,FDOT Road Category,DHSMV Road System Id,Relation to Junction,Crash Harmful Event Location,Intersection Type,Shoulder Type,FDOT Roadway SKID Test Result,FDOT Roadway SKID Test Date,Functional Class,RCI Surface Width,RCI Shoulder Type First,RCI Shoulder Width First,RCI Shoulder Type Second,RCI Shoulder Width Second,RCI Shoulder Type Third,RCI Shoulder Width Third,RCI Median Width,Avg Daily Traffic,AADT Source,RCI Avg Per Truck Traffic,RCI Horiz Curve Condition,Posted Speed Limit,Highest Injury in Crash,CAR Status Code,Alcohols/Drug Involved,Site Location,Lighting,Weather,Road Surface,Roadway Grade,Roadway Alignment,Traffic Way Vehicle 1,Traffic Way Vehicle 2,Traffic Control Vehicle 1,Traffic Control Vehicle 2,Count of Lanes,Road Condition 1,Road Condition 2,Road Condition 3,Environment Condition 1,Environment Condition 2,Environment Condition 3,Crash Harmful Event,Manner of Collision,Vehicle Movement,Driver Action Vehicle 1,Driver Action Vehicle 2,Location Within Workzone,Type of Workzone,Workers Present in Workzone,Law Enforcement Present in Workzone,School Bus Related,Count of Nonfatal Injuries,Count of Traffic Fatalities,Count of Serious Injuries,Count of Pedestrians,Count of Drivers,Count of Bicyclists,Count of Vehicles,Count of Persons,Wrong Way,Workzone Inv,Commercial Vehicle Inv,Intersection Inv,Lane Departure,Speeding,Agressive Driving,Impaired Driver,Impaired Pedestrian,Impaired Bicyclist,Distracted Driver,Speeding or Aggressive Driving,Pedestrian Related,Bicyclist Related,Pedestrian or Bicyclist Related,Motorcycle Inv,No Belt,No Belt - Ages 1-4,No Belt - Ages 5-12,No Belt - Ages 13-17,Driver - Ages Teen,Driver - Ages 65 plus,Driver - Ages 65-69,Driver - Ages 70-74,Driver - Ages 75-79,Driver - Ages 80 plus,ARBM Latitude,ARBM Longitude,UTM Zone 17N X,UTM Zone 17N Y,ARBM Side of Road,Urban Rural Indicator,GIS Street Source,Extract Date,OBJECTID,x,y
2020884140180,2020,884140180,FHPD20OFF078831,FLORIDA HIGHWAY PATROL,05 FIFTH,ORANGE,"November 12, 2020",1443,FRIDAY,7546 ORLANDO,0746,N,SR 50,FORSYTH RD,0.019,W,28.5666577,-81.2947983,28.5668374,-81.2945106,75060000,6.412,05155,SR 50,,R RIGHT,2 THRU LANE 2,E EAST,30 URBAN 6+LN 2WY DIVD RASD,03 STATE,01 NON-JUNCTION,01 ON ROADWAY,01 NOT AT INTERSECTION,03 CURB,42,"September 9, 2019",14 URBAN PRIN ART OTHER,36,PAVED,4,CURB&GUTTER,2,,0,33,57500,RCI,3.6,0D3600,50,2 POSSIBLE INJURY,31 Q/C COMPLETED - LOC VERIFIED,0 NO,03 INFLUENCED BY INTERSECTION,01 DAYLIGHT,01 CLEAR,01 DRY,01 LEVEL,1 STRAIGHT,"TWO-WAY, DIVIDED, POSITIVE MED","TWO-WAY, DIVIDED, POSITIVE MED",NO CONTROLS,NO CONTROLS,6,NONE,NOT CODED,NOT CODED,NONE,NOT CODED,NOT CODED,14 MOTOR VEHICLE IN TRANSPORT,01 FRONT TO REAR,01 STRAIGHT AHEAD,OPERATED MV IN CARLESS OR NEGL,NO CONTRIBUTING ACTION,00 NOT CODED,00 NOT CODED,00 NOT CODED,00 NOT CODED,01 NO,2,0,0,0,2,0,2,3,N,N,N,Y,N,N,N,N,N,N,Y,N,N,N,N,N,N,N,N,N,N,Y,Y,N,Y,N,28.566739064,-81.294547474,471192.212082,3160020.968924,R,,ARBM15Q1R2,"June 10, 2023",2857252,-9049667.97246747,3320617.031040098
2020883943080,2020,883943080,FHPD20OFF072734,FLORIDA HIGHWAY PATROL,05 FIFTH,ORANGE,"October 20, 2020",1353,WEDNESDAY,7530 APOPKA,0730,N,US 441,SR 429 CONNECTOR,0.009,S,28.69461,-81.55897,28.6963748,-81.5625525,75020000,15.043,00645,SR 500,US 441,L LEFT,1 THRU LANE 1,S SOUTH,23 SUBURBAN 4-5LN 2WY DIVD RASD,02 U.S.,01 NON-JUNCTION,01 ON ROADWAY,01 NOT AT INTERSECTION,01 PAVED,33,"January 22, 2020",14 URBAN PRIN ART OTHER,24,PAVED,4,LAWN,4,,0,38,24000,RCI,3.5,1D0000,55,2 POSSIBLE INJURY,31 Q/C COMPLETED - LOC VERIFIED,0 NO,01 NOT AT INTERSECTION/RRX/BRIDGE,01 DAYLIGHT,03 RAIN,02 WET,01 LEVEL,1 STRAIGHT,"TWO-WAY, DIVIDED, POSITIVE MED","TWO-WAY, DIVIDED, POSITIVE MED",NO CONTROLS,NO CONTROLS,4,"RD SURFC (WET, ICY, SNOW, ETC)",NOT CODED,NOT CODED,WEATHER CONDITIONS,NOT CODED,NOT CODED,14 MOTOR VEHICLE IN TRANSPORT,01 FRONT TO REAR,14 SLOWING,OTHER CONTRIBUTING ACTION,NO CONTRIBUTING ACTION,00 NOT CODED,00 NOT CODED,00 NOT CODED,00 NOT CODED,01 NO,2,0,0,0,3,0,3,3,N,N,N,N,N,N,N,N,N,N,N,N,N,N,N,N,N,N,N,N,N,N,N,N,N,N,28.696351348,-81.562717005,445031.509043,3174474.320647,L,,ARBM15Q1R2,"June 10, 2023",2857276,-9079520.477353003,3337055.523290511
2020883943090,2020,883943090,FHPD20OFF072769,FLORIDA HIGHWAY PATROL,05 FIFTH,ORANGE,"October 20, 2020",1632,WEDNESDAY,7546 ORLANDO,0746,N,SR 423,DIPLOMAT CIR,0,,28.6076699,-81.38861,28.60758,-81.3886225,75190000,8.4,01761,SR 423,,R RIGHT,3 THRU LANE 3,W WEST,30 URBAN 6+LN 2WY DIVD RASD,03 STATE,02 INTERSECTION,01 ON ROADWAY,02 FOUR-WAY INTERSECTION,03 CURB,37,"September 8, 2019",14 URBAN PRIN ART OTHER,33,CURB&GUTTER,2,,0,,0,15,42000,RCI,7.1,,35,1 NO INJURY,31 Q/C COMPLETED - LOC VERIFIED,0 NO,02 AT INTERSECTION,01 DAYLIGHT,02 CLOUDY,02 WET,01 LEVEL,1 STRAIGHT,"TWO-WAY, DIVIDED, POSITIVE MED","TWO-WAY, DIVIDED, POSITIVE MED",TRAFFIC CONTROL SIGNAL,TRAFFIC CONTROL SIGNAL,6,NONE,NOT CODED,NOT CODED,NONE,NOT CODED,NOT CODED,14 MOTOR VEHICLE IN TRANSPORT,03 ANGLE,05 TURNING RIGHT,IMPROPER TURN,NO CONTRIBUTING ACTION,00 NOT CODED,00 NOT CODED,00 NOT CODED,00 NOT CODED,01 NO,0,0,0,0,2,0,2,2,N,N,Y,Y,N,N,N,N,N,N,Y,N,N,N,N,N,N,N,N,N,N,N,N,N,N,N,28.607343858,-81.388484997,462019.316167,3164545.600146,R,,ARBM15Q1R2,"June 10, 2023",2857277,-9060125.052866602,3325764.680837068
2020883943100,2020,883943100,FHPD20OFF072752,FLORIDA HIGHWAY PATROL,05 FIFTH,ORANGE,"October 20, 2020",1535,WEDNESDAY,7554 WINTER PARK,0754,N,SR 423,I 4 WB,0.006,W,28.6059454,-81.3862421,28.6060644,-81.3868306,75190000,8.552,06226,SR 423,,L LEFT,3 THRU LANE 3,W WEST,20 URBAN 4-5LN 2WY DIVD RASD,03 STATE,01 NON-JUNCTION,01 ON ROADWAY,01 NOT AT INTERSECTION,03 CURB,37,"September 8, 2019",14 URBAN PRIN ART OTHER,22,CURB&GUTTER,6,,0,,0,25,42000,RCI,7.1,6D0000,35,1 NO INJURY,31 Q/C COMPLETED - LOC VERIFIED,0 NO,01 NOT AT INTERSECTION/RRX/BRIDGE,01 DAYLIGHT,02 CLOUDY,02 WET,01 LEVEL,2 CURVE RIGHT,"TWO-WAY, DIVIDED, POSITIVE MED","TWO-WAY, NOT DIVIDED",NO CONTROLS,NO CONTROLS,4,NONE,NOT CODED,NOT CODED,NONE,NOT CODED,NOT CODED,14 MOTOR VEHICLE IN TRANSPORT,"04 SIDESWIPE, SAME DIRECTION",01 STRAIGHT AHEAD,OTHER CONTRIBUTING ACTION,OTHER CONTRIBUTING ACTION,00 NOT CODED,00 NOT CODED,00 NOT CODED,00 NOT CODED,01 NO,0,0,0,0,2,0,2,3,N,N,Y,N,Y,N,N,N,N,N,N,N,N,N,N,N,N,N,N,N,N,N,N,N,N,N,28.606158738,-81.38683398,462180.306685,3164413.782119,L,,ARBM15Q1R2,"June 10, 2023",2857278,-9059941.262426838,3325614.4097859217
2020883943120,2020,883943120,FHPD20OFF072822,FLORIDA HIGHWAY PATROL,05 FIFTH,ORANGE,"October 20, 2020",1935,WEDNESDAY,7546 ORLANDO,0746,N,BEAR LAKE RD,SR 414,0.009,N,28.6403044,-81.4435603,28.6398951,-81.4435912,75011002,36.658,03324,SR 414,,T SIDE RD LEFT,1 THRU LANE 1,S SOUTH,20 URBAN 4-5LN 2WY DIVD RASD,05 LOCAL,01 NON-JUNCTION,01 ON ROADWAY,01 NOT AT INTERSECTION,03 CURB,31,"April 2, 2018",14 URBAN PRIN ART OTHER,26,CURB&GUTTER,2,,0,,0,46,50000,RCI,6,3D39,50,2 POSSIBLE INJURY,31 Q/C COMPLETED - LOC VERIFIED,0 NO,03 INFLUENCED BY INTERSECTION,04 DARK-LIGHTED,02 CLOUDY,01 DRY,01 LEVEL,1 STRAIGHT,"TWO-WAY, NOT DIVIDED","TWO-WAY, NOT DIVIDED",NO CONTROLS,NO CONTROLS,4,NONE,NOT CODED,NOT CODED,NONE,NOT CODED,NOT CODED,14 MOTOR VEHICLE IN TRANSPORT,01 FRONT TO REAR,01 STRAIGHT AHEAD,OPERATED MV IN CARLESS OR NEGL,NO CONTRIBUTING ACTION,00 NOT CODED,00 NOT CODED,00 NOT CODED,00 NOT CODED,01 NO,1,0,0,0,2,0,2,3,N,N,N,Y,N,N,N,N,N,N,Y,N,N,N,N,N,N,N,N,N,N,N,N,N,N,N,28.640188797,-81.442411951,456760.492003,3168202.698659,L,,ARBM15Q1R2,"June 10, 2023",2857279,-9066128.175829688,3329930.035377174
2020883943130,2020,883943130,FHPD20OFF072815,FLORIDA HIGHWAY PATROL,05 FIFTH,ORANGE,"October 20, 2020",1935,WEDNESDAY,7546 ORLANDO,0746,N,ALL AMERICANA BLVD,US 441,0,,28.6089194,-81.4256467,28.6087375,-81.4258446,75020000,4.349,01313,SR 500,US 441,S SIDE RD RIGHT,R RIGHT TURN,W WEST,23 SUBURBAN 4-5LN 2WY DIVD RASD,05 LOCAL,77 OTHER (SEE NARRATIVE),01 ON ROADWAY,77 OTHER (SEE NARRATIVE),01 PAVED,40,"January 22, 2020",14 URBAN PRIN ART OTHER,23,PAVED,4,LAWN,6,,0,40,31500,RCI,4.6,,50,1 NO INJURY,31 Q/C COMPLETED - LOC VERIFIED,0 NO,02 AT INTERSECTION,04 DARK-LIGHTED,01 CLEAR,01 DRY,01 LEVEL,1 STRAIGHT,"TWO-WAY, NOT DIVIDED","TWO-WAY, NOT DIVIDED",NO CONTROLS,NO CONTROLS,4,NONE,NOT CODED,NOT CODED,NONE,NOT CODED,NOT CODED,14 MOTOR VEHICLE IN TRANSPORT,01 FRONT TO REAR,05 TURNING RIGHT,NOT CODED,NO CONTRIBUTING ACTION,00 NOT CODED,00 NOT CODED,00 NOT CODED,00 NOT CODED,01 NO,0,0,0,0,1,0,2,1,N,N,N,Y,N,N,N,N,N,N,N,N,N,N,N,N,N,N,N,N,N,N,N,N,N,N,28.608789877,-81.425757991,458375.813927,3164718.197936,R,,ARBM15Q1R2,"June 10, 2023",2857280,-9064274.26487018,3325948.0357718933
2020884274770,2020,884274770,FHPD20OFF085393,FLORIDA HIGHWAY PATROL,05 FIFTH,ORANGE,"December 8, 2020",1418,WEDNESDAY,7533 ORLANDO TRANSIT AUTHORITY,0733,N,SR 417,CURRY FORD RD,0,,28.51755,-81.25047,28.5099394,-81.2465344,75300005,0.273,03649,SR 417,,R RIGHT,X RAMP,N NORTH,08 RAMP RURAL,06 TURNPIKE/TOLL,14 ENTRANCE/EXIT RAMP,01 ON ROADWAY,01 NOT AT INTERSECTION,01 PAVED,0,"December 31, 2000",,24,CURB&GUTTER,2,,0,,0,,8400,RCI,4.1,,,1 NO INJURY,31 Q/C COMPLETED - LOC VERIFIED,0 NO,08 EXIT RAMP,01 DAYLIGHT,01 CLEAR,01 DRY,01 LEVEL,1 STRAIGHT,ONE-WAY TRAFFICWAY,ONE-WAY TRAFFICWAY,TRAFFIC CONTROL SIGNAL,TRAFFIC CONTROL SIGNAL,2,NONE,NOT CODED,NOT CODED,NONE,NOT CODED,NOT CODED,14 MOTOR VEHICLE IN TRANSPORT,01 FRONT TO REAR,01 STRAIGHT AHEAD,OPERATED MV IN CARLESS OR NEGL,NO CONTRIBUTING ACTION,00 NOT CODED,00 NOT CODED,00 NOT CODED,00 NOT CODED,01 NO,0,0,0,0,2,0,2,3,N,N,Y,N,N,N,N,N,N,N,Y,N,N,N,N,N,N,N,N,N,N,N,N,N,N,N,28.509917683,-81.246663035,475862.5504,3153715.4683,O,,ARBM15Q1R2,"June 10, 2023",2857290,-9044337.49930538,3313416.86507123
2020884074350,2020,884074350,FHPD20OFF075132,FLORIDA HIGHWAY PATROL,05 FIFTH,ORANGE,"October 29, 2020",1642,FRIDAY,7546 ORLANDO,0746,N,SR 500,AMERICANA BLVD,0.005,S,28.4839592,-81.3967106,28.4841556,-81.3967464,75010000,9.435,00522,SR 500,US 17,R RIGHT,1 THRU LANE 1,N NORTH,30 URBAN 6+LN 2WY DIVD RASD,03 STATE,03 INTERSECTION-RELATED,01 ON ROADWAY,03 T-INTERSECTION,03 CURB,38,"March 1, 2020",14 URBAN PRIN ART OTHER,32,CURB&GUTTER,2,,0,,0,15,58500,RCI,6.2,,40,3 NO-INCAPACITATING INJURY,31 Q/C COMPLETED - LOC VERIFIED,0 NO,03 INFLUENCED BY INTERSECTION,01 DAYLIGHT,01 CLEAR,01 DRY,01 LEVEL,1 STRAIGHT,"TWO-WAY, DIVIDED, POSITIVE MED","TWO-WAY, DIVIDED, POSITIVE MED",TRAFFIC CONTROL SIGNAL,TRAFFIC CONTROL SIGNAL,6,NONE,NOT CODED,NOT CODED,NONE,NOT CODED,NOT CODED,14 MOTOR VEHICLE IN TRANSPORT,01 FRONT TO REAR,01 STRAIGHT AHEAD,OPERATED MV IN CARLESS OR NEGL,NO CONTRIBUTING ACTION,00 NOT CODED,00 NOT CODED,00 NOT CODED,00 NOT CODED,01 NO,3,0,0,0,2,0,2,4,N,N,N,Y,N,N,N,N,N,N,Y,N,N,N,N,N,N,N,N,N,Y,N,N,N,N,N,28.484159013,-81.396676889,461173.269091,3150901.141734,R,,ARBM15Q1R2,"June 10, 2023",2857295,-9061036.969879193,3310154.1124282046
2020884403410,2020,884403410,FHPD20OFF087778,FLORIDA HIGHWAY PATROL,05 FIFTH,ORANGE,"December 17, 2020",1720,FRIDAY,7546 ORLANDO,0746,N,SR 527,SR 482,0.019,N,28.4529059,-81.3641598,28.4515425,-81.3637982,75040000,7.639,05607,SR 527,,L LEFT,L LEFT TURN,N NORTH,21 URBAN 4-5LN 2WY DIVD PAVD,03 STATE,01 NON-JUNCTION,01 ON ROADWAY,01 NOT AT INTERSECTION,03 CURB,37,"January 11, 1983",14 URBAN PRIN ART OTHER,20,CURB&GUTTER,2,,0,,0,15,41000,RCI,6.9,6D0000,40,1 NO INJURY,31 Q/C COMPLETED - LOC VERIFIED,0 NO,03 INFLUENCED BY INTERSECTION,01 DAYLIGHT,01 CLEAR,01 DRY,01 LEVEL,1 STRAIGHT,"TWO-WAY, DIVIDED, POSITIVE MED","TWO-WAY, DIVIDED, POSITIVE MED",NO CONTROLS,NO CONTROLS,4,NONE,NOT CODED,NOT CODED,NONE,NOT CODED,NOT CODED,14 MOTOR VEHICLE IN TRANSPORT,"04 SIDESWIPE, SAME DIRECTION",06 CHANGING LANES,FAILED TO YIELD RIGHT-OF-WAY,NO CONTRIBUTING ACTION,00 NOT CODED,00 NOT CODED,00 NOT CODED,00 NOT CODED,01 NO,0,0,0,0,2,0,2,4,N,N,N,Y,N,N,N,N,N,N,Y,N,N,N,N,N,N,N,N,N,Y,N,N,N,N,N,28.451540821,-81.363830926,464377.318545,3147277.394058,C,,ARBM15Q1R2,"June 10, 2023",2857302,-9057380.572966836,3306023.6328026103
2020884403430,2020,884403430,FHPD20OFF087829,FLORIDA HIGHWAY PATROL,05 FIFTH,ORANGE,"December 17, 2020",1950,FRIDAY,7546 ORLANDO,0746,N,SR 535,LBV FACTORY STORES DR,0.076,S,28.3487976,-81.4894397,28.3492611,-81.4896265,75035001,0.171,03744,SR 535,,L LEFT,1 THRU LANE 1,S SOUTH,23 SUBURBAN 4-5LN 2WY DIVD RASD,03 STATE,01 NON-JUNCTION,01 ON ROADWAY,01 NOT AT INTERSECTION,02 UNPAVED,26,"September 10, 2019",16 URBAN MINOR ART,24,PAVED,5,LAWN,12,,0,65,53000,RCI,7.8,,50,1 NO INJURY,31 Q/C COMPLETED - LOC VERIFIED,0 NO,01 NOT AT INTERSECTION/RRX/BRIDGE,05 DARK-NOT LIGHTED,01 CLEAR,01 DRY,01 LEVEL,1 STRAIGHT,"TWO-WAY, DIVIDED, POSITIVE MED","TWO-WAY, DIVIDED, POSITIVE MED",NO CONTROLS,NO CONTROLS,4,NONE,NOT CODED,NOT CODED,NONE,NOT CODED,NOT CODED,14 MOTOR VEHICLE IN TRANSPORT,01 FRONT TO REAR,01 STRAIGHT AHEAD,OPERATED MV IN CARLESS OR NEGL,NO CONTRIBUTING ACTION,00 NOT CODED,00 NOT CODED,00 NOT CODED,00 NOT CODED,01 NO,0,0,0,0,2,0,2,2,N,N,N,N,N,N,N,N,N,N,Y,N,N,N,N,N,N,N,N,N,N,N,N,N,N,N,28.349164955,-81.489765004,452000.85807,3135979.561836,L,,ARBM15Q1R2,"June 10, 2023",2857303,-9071399.494030135,3293067.9211046165
2020884412180,2020,884412180,FHPD20OFF087277,FLORIDA HIGHWAY PATROL,05 FIFTH,ORANGE,"December 15, 2020",2015,WEDNESDAY,7554 WINTER PARK,0754,N,SR 436,WHISPER LAKE APTS,0.002,S,28.5855304,-81.3068606,0,0,75003000,9.336,01823,SR 436,,L LEFT,1 THRU LANE 1,N NORTH,33 SUBURBAN 6+LN 2WY DIVD RASD,03 STATE,03 INTERSECTION-RELATED,01 ON ROADWAY,01 NOT AT INTERSECTION,03 CURB,34,"March 2, 2020",14 URBAN PRIN ART OTHER,36,PAVED,8,LAWN,6,,0,23,52000,RCI,4.4,,50,4 INCAPACITATING INJURY,31 Q/C COMPLETED - LOC VERIFIED,0 NO,03 INFLUENCED BY INTERSECTION,04 DARK-LIGHTED,01 CLEAR,01 DRY,01 LEVEL,1 STRAIGHT,"TWO-WAY, DIVIDED, POSITIVE MED","TWO-WAY, DIVIDED, POSITIVE MED",NO CONTROLS,NO CONTROLS,6,NONE,NOT CODED,NOT CODED,NONE,NOT CODED,NOT CODED,14 MOTOR VEHICLE IN TRANSPORT,03 ANGLE,10 MAKING U-TURN,IMPROPER TURN,NO CONTRIBUTING ACTION,00 NOT CODED,00 NOT CODED,00 NOT CODED,00 NOT CODED,01 NO,3,0,2,0,2,0,2,3,N,N,N,Y,N,N,N,N,N,N,N,N,N,N,N,N,N,N,N,N,N,N,N,N,N,N,28.585975225,-81.307062927,469973.613182,3162155.126621,L,,ARBM15Q1R2,"June 10, 2023",2857304,-9051061.1867907,3323055.436778556
2020884412190,2020,884412190,FHPD20OFF087298,FLORIDA HIGHWAY PATROL,05 FIFTH,ORANGE,"December 15, 2020",2016,WEDNESDAY,7554 WINTER PARK,0754,N,SR 436,WHISPER LAKE APTS,0.003,S,28.5853118,-81.3070271,28.5859753,-81.3069684,75003000,9.335,01823,SR 436,,L LEFT,3 THRU LANE 3,S SOUTH,33 SUBURBAN 6+LN 2WY DIVD RASD,03 STATE,03 INTERSECTION-RELATED,01 ON ROADWAY,01 NOT AT INTERSECTION,03 CURB,34,"March 2, 2020",14 URBAN PRIN ART OTHER,36,PAVED,8,LAWN,6,,0,23,52000,RCI,4.4,,50,2 POSSIBLE INJURY,31 Q/C COMPLETED - LOC VERIFIED,0 NO,01 NOT AT INTERSECTION/RRX/BRIDGE,04 DARK-LIGHTED,01 CLEAR,01 DRY,01 LEVEL,1 STRAIGHT,"TWO-WAY, DIVIDED, POSITIVE MED","TWO-WAY, DIVIDED, POSITIVE MED",NO CONTROLS,NO CONTROLS,6,NONE,NOT CODED,NOT CODED,NONE,NOT CODED,NOT CODED,14 MOTOR VEHICLE IN TRANSPORT,01 FRONT TO REAR,01 STRAIGHT AHEAD,OPERATED MV IN CARLESS OR NEGL,NO CONTRIBUTING ACTION,00 NOT CODED,00 NOT CODED,00 NOT CODED,00 NOT CODED,01 NO,1,0,0,0,2,0,2,2,N,N,N,N,N,N,N,N,N,N,N,N,N,N,N,N,N,N,N,N,N,N,N,N,N,N,28.585960702,-81.307062512,469973.649632,3162153.517599,L,,ARBM15Q1R2,"June 10, 2023",2857305,-9051061.140656354,3323053.5956999455
2020884032900,2020,884032900,FHPD20OFF071259,FLORIDA HIGHWAY PATROL,05 FIFTH,ORANGE,"October 15, 2020",0545,FRIDAY,"7500 UNINCORPORATED, ORANGE",0700,N,US 441,TOWN CENTER BLVD,0.006,N,28.3678997,-81.4045591,28.3678722,-81.40445,75010000,1.375,02775,SR 500,US 17,L LEFT,3 THRU LANE 3,S SOUTH,30 URBAN 6+LN 2WY DIVD RASD,02 U.S.,01 NON-JUNCTION,01 ON ROADWAY,01 NOT AT INTERSECTION,03 CURB,37,"March 1, 2020",14 URBAN PRIN ART OTHER,35,PAVED,4,CURB&GUTTER,2,,0,31,47000,RCI,6.9,,50,2 POSSIBLE INJURY,31 Q/C COMPLETED - LOC VERIFIED,0 NO,03 INFLUENCED BY INTERSECTION,04 DARK-LIGHTED,01 CLEAR,01 DRY,01 LEVEL,1 STRAIGHT,"TWO-WAY, DIVIDED, POSITIVE MED","TWO-WAY, DIVIDED, POSITIVE MED",NO CONTROLS,TRAFFIC CONTROL SIGNAL,6,NONE,NOT CODED,NOT CODED,NONE,NOT CODED,NOT CODED,14 MOTOR VEHICLE IN TRANSPORT,01 FRONT TO REAR,01 STRAIGHT AHEAD,OPERATED MV IN CARLESS OR NEGL,NO CONTRIBUTING ACTION,00 NOT CODED,00 NOT CODED,00 NOT CODED,00 NOT CODED,01 NO,1,0,0,0,2,0,2,2,N,N,N,Y,N,N,N,N,N,N,Y,N,N,N,N,Y,N,N,N,N,N,N,N,N,N,N,28.367872801,-81.40455689,460358.666854,3138021.114906,L,,ARBM15Q1R2,"June 10, 2023",2857317,-9061914.167366207,3295434.4734358517
2020884329810,2020,884329810,FHPD20OFF084910,FLORIDA HIGHWAY PATROL,05 FIFTH,ORANGE,"December 6, 2020",1345,MONDAY,"7500 UNINCORPORATED, ORANGE",0700,N,SR 50,SHEPARD RD,0.095,E,28.5593035,-81.1248823,28.5584991,-81.1225318,75060000,16.972,05219,SR 50,,L LEFT,1 THRU LANE 1,W WEST,23 SUBURBAN 4-5LN 2WY DIVD RASD,03 STATE,01 NON-JUNCTION,01 ON ROADWAY,01 NOT AT INTERSECTION,03 CURB,36,"September 9, 2019",14 URBAN PRIN ART OTHER,24,PAVED,4,LAWN,6,,0,21,29167,RCI,4.1,,45,3 NO-INCAPACITATING INJURY,31 Q/C COMPLETED - LOC VERIFIED,0 NO,01 NOT AT INTERSECTION/RRX/BRIDGE,01 DAYLIGHT,01 CLEAR,01 DRY,01 LEVEL,1 STRAIGHT,"TWO-WAY, DIVIDED, POSITIVE MED","TWO-WAY, DIVIDED, POSITIVE MED",NO CONTROLS,NO CONTROLS,4,NONE,NOT CODED,NOT CODED,NONE,NOT CODED,NOT CODED,14 MOTOR VEHICLE IN TRANSPORT,01 FRONT TO REAR,01 STRAIGHT AHEAD,OPERATED MV IN CARLESS OR NEGL,NO CONTRIBUTING ACTION,00 NOT CODED,00 NOT CODED,00 NOT CODED,00 NOT CODED,01 NO,1,0,0,0,2,0,2,2,N,N,N,N,N,N,N,N,N,N,Y,N,N,N,N,N,N,N,N,N,N,Y,N,Y,N,N,28.558636877,-81.122754185,487993.309682,3159094.114382,L,,ARBM15Q1R2,"June 10, 2023",2857519,-9030544.025355337,3319590.119182226
2020884252220,2020,884252220,FHPD20OFF082907,FLORIDA HIGHWAY PATROL,05 FIFTH,ORANGE,"November 27, 2020",2145,SATURDAY,7546 ORLANDO,0746,N,US 441,POPE RD,0,,28.61757,-81.43948,28.617765,-81.4396406,75020000,5.393,00609,SR 500,US 441,L LEFT,1 THRU LANE 1,E EAST,20 URBAN 4-5LN 2WY DIVD RASD,02 U.S.,02 INTERSECTION,01 ON ROADWAY,03 T-INTERSECTION,03 CURB,40,"January 22, 2020",14 URBAN PRIN ART OTHER,23,PAVED,8,CURB&GUTTER,2,,0,23,31500,RCI,4.6,,45,1 NO INJURY,31 Q/C COMPLETED - LOC VERIFIED,0 NO,02 AT INTERSECTION,04 DARK-LIGHTED,01 CLEAR,01 DRY,01 LEVEL,1 STRAIGHT,"TWO-WAY, NOT DIVIDED","TWO-WAY, DIVIDED, POSITIVE MED",STOP SIGN,NO CONTROLS,4,NONE,NOT CODED,NOT CODED,NONE,NOT CODED,NOT CODED,14 MOTOR VEHICLE IN TRANSPORT,03 ANGLE,03 TURNING LEFT,FAILED TO YIELD RIGHT-OF-WAY,NO CONTRIBUTING ACTION,00 NOT CODED,00 NOT CODED,00 NOT CODED,00 NOT CODED,01 NO,0,0,0,0,2,0,2,3,N,N,N,Y,N,N,N,N,N,N,N,N,N,N,N,N,N,N,N,N,N,N,N,N,N,N,28.617774041,-81.439786008,457008.010665,3165718.485505,L,,ARBM15Q1R2,"June 10, 2023",2857530,-9065835.856919022,3327087.2825301564
2020884224000,2020,884224000,FHPD20OFF088740,FLORIDA HIGHWAY PATROL,05 FIFTH,ORANGE,"December 21, 2020",1218,TUESDAY,7530 APOPKA,0730,N,SR 436,THOMPSON RD,0.038,E,28.6731324,-81.4886485,28.6730045,-81.4879116,75120000,0.492,06155,SR 436,,L LEFT,4 THRU LANE 4,W WEST,30 URBAN 6+LN 2WY DIVD RASD,03 STATE,01 NON-JUNCTION,01 ON ROADWAY,01 NOT AT INTERSECTION,03 CURB,36,"September 8, 2019",14 URBAN PRIN ART OTHER,48,PAVED,4,CURB&GUTTER,2,,0,33,34500,RCI,4.5,,45,2 POSSIBLE INJURY,31 Q/C COMPLETED - LOC VERIFIED,0 NO,03 INFLUENCED BY INTERSECTION,01 DAYLIGHT,01 CLEAR,01 DRY,01 LEVEL,1 STRAIGHT,"TWO-WAY, DIVIDED, POSITIVE MED","TWO-WAY, DIVIDED, POSITIVE MED",NO CONTROLS,NO CONTROLS,8,NONE,NOT CODED,NOT CODED,NONE,NOT CODED,NOT CODED,14 MOTOR VEHICLE IN TRANSPORT,01 FRONT TO REAR,01 STRAIGHT AHEAD,OPERATED MV IN CARLESS OR NEGL,NO CONTRIBUTING ACTION,00 NOT CODED,00 NOT CODED,00 NOT CODED,00 NOT CODED,01 NO,3,0,0,0,2,0,2,3,N,N,N,Y,N,N,N,N,N,N,Y,N,N,N,N,N,N,N,N,N,N,N,N,N,N,N,28.673124628,-81.4879866,452321.062946,3171868.927652,L,,ARBM15Q1R2,"June 10, 2023",2857551,-9071201.524198527,3334108.226304265