Crash Id,Calendar Year,FDOT Crash Number,Reporting Agency Case Number,Reporting Agency Type,FDOT Managing District,County Name,Crash Date,Crash Time,Day,DHSMV City,Crash Report City Code,In Town,On Roadway Name,Int Roadway Name,Reference Distance (Miles),Reference Direction,Officer Latitude,Officer Longitude,FDOT Latitude,FDOT Longitude,FDOT Roadway,Nearest Inventory MP,Nearest Node From Crash,State Road #,US Highway,Crash Side of Road,Accident Lane Number,Travel Direction Vehicle 1,FDOT Road Category,DHSMV Road System Id,Relation to Junction,Crash Harmful Event Location,Intersection Type,Shoulder Type,FDOT Roadway SKID Test Result,FDOT Roadway SKID Test Date,Functional Class,RCI Surface Width,RCI Shoulder Type First,RCI Shoulder Width First,RCI Shoulder Type Second,RCI Shoulder Width Second,RCI Shoulder Type Third,RCI Shoulder Width Third,RCI Median Width,Avg Daily Traffic,AADT Source,RCI Avg Per Truck Traffic,RCI Horiz Curve Condition,Posted Speed Limit,Highest Injury in Crash,CAR Status Code,Alcohols/Drug Involved,Site Location,Lighting,Weather,Road Surface,Roadway Grade,Roadway Alignment,Traffic Way Vehicle 1,Traffic Way Vehicle 2,Traffic Control Vehicle 1,Traffic Control Vehicle 2,Count of Lanes,Road Condition 1,Road Condition 2,Road Condition 3,Environment Condition 1,Environment Condition 2,Environment Condition 3,Crash Harmful Event,Manner of Collision,Vehicle Movement,Driver Action Vehicle 1,Driver Action Vehicle 2,Location Within Workzone,Type of Workzone,Workers Present in Workzone,Law Enforcement Present in Workzone,School Bus Related,Count of Nonfatal Injuries,Count of Traffic Fatalities,Count of Serious Injuries,Count of Pedestrians,Count of Drivers,Count of Bicyclists,Count of Vehicles,Count of Persons,Wrong Way,Workzone Inv,Commercial Vehicle Inv,Intersection Inv,Lane Departure,Speeding,Agressive Driving,Impaired Driver,Impaired Pedestrian,Impaired Bicyclist,Distracted Driver,Speeding or Aggressive Driving,Pedestrian Related,Bicyclist Related,Pedestrian or Bicyclist Related,Motorcycle Inv,No Belt,No Belt - Ages 1-4,No Belt - Ages 5-12,No Belt - Ages 13-17,Driver - Ages Teen,Driver - Ages 65 plus,Driver - Ages 65-69,Driver - Ages 70-74,Driver - Ages 75-79,Driver - Ages 80 plus,ARBM Latitude,ARBM Longitude,UTM Zone 17N X,UTM Zone 17N Y,ARBM Side of Road,Urban Rural Indicator,GIS Street Source,Extract Date,OBJECTID,x,y
2020884231760,2020,884231760,FHPD20OFF088988,FLORIDA HIGHWAY PATROL,05 FIFTH,ORANGE,"December 22, 2020",1048,WEDNESDAY,7546 ORLANDO,0746,N,SR 417,LANDSTAR BLVD,0.019,N,28.36787,-81.3666,28.3679041,-81.3672065,75301021,0.402,03670,SR 417,,R RIGHT,X RAMP,E EAST,08 RAMP RURAL,03 STATE,03 INTERSECTION-RELATED,01 ON ROADWAY,01 NOT AT INTERSECTION,02 UNPAVED,0,"December 31, 2000",,15,CURB&GUTTER,2,LAWN,12,,0,,7500,RCI,4.1,,,2 POSSIBLE INJURY,31 Q/C COMPLETED - LOC VERIFIED,0 NO,08 EXIT RAMP,01 DAYLIGHT,01 CLEAR,01 DRY,01 LEVEL,1 STRAIGHT,ONE-WAY TRAFFICWAY,ONE-WAY TRAFFICWAY,NO CONTROLS,NO CONTROLS,1,NONE,NOT CODED,NOT CODED,NONE,NOT CODED,NOT CODED,14 MOTOR VEHICLE IN TRANSPORT,01 FRONT TO REAR,13 STOPPED IN TRAFFIC,NO CONTRIBUTING ACTION,NO CONTRIBUTING ACTION,00 NOT CODED,00 NOT CODED,00 NOT CODED,00 NOT CODED,01 NO,1,0,0,0,2,0,2,2,N,N,Y,N,N,N,N,N,N,N,N,N,N,N,N,N,N,N,N,N,N,N,N,N,N,N,28.367906428,-81.367267478,464012.586428,3138013.14676,O,,ARBM15Q1R2,"June 10, 2023",2858635,-9057763.127917025,3295438.7278722944
2020884415440,2020,884415440,FHPD20OFF088599,FLORIDA HIGHWAY PATROL,05 FIFTH,ORANGE,"December 20, 2020",2200,MONDAY,"7500 UNINCORPORATED, ORANGE",0700,N,US 441,WAKULLA WAY,0.189,N,28.4766277,-81.3967671,28.4790427,-81.3966998,75010000,9.083,00518,SR 500,US 17,L LEFT,3 THRU LANE 3,S SOUTH,30 URBAN 6+LN 2WY DIVD RASD,02 U.S.,01 NON-JUNCTION,01 ON ROADWAY,01 NOT AT INTERSECTION,03 CURB,38,"March 1, 2020",14 URBAN PRIN ART OTHER,32,CURB&GUTTER,2,,0,,0,15,58500,RCI,6.2,,40,1 NO INJURY,31 Q/C COMPLETED - LOC VERIFIED,0 NO,01 NOT AT INTERSECTION/RRX/BRIDGE,04 DARK-LIGHTED,01 CLEAR,01 DRY,01 LEVEL,1 STRAIGHT,"TWO-WAY, DIVIDED, POSITIVE MED","TWO-WAY, DIVIDED, POSITIVE MED",NO CONTROLS,NO CONTROLS,6,NONE,NOT CODED,NOT CODED,NONE,NOT CODED,NOT CODED,14 MOTOR VEHICLE IN TRANSPORT,01 FRONT TO REAR,01 STRAIGHT AHEAD,OPERATED MV IN CARLESS OR NEGL,NO CONTRIBUTING ACTION,00 NOT CODED,00 NOT CODED,00 NOT CODED,00 NOT CODED,01 NO,0,0,0,0,2,0,2,2,N,N,N,N,N,N,N,N,N,N,Y,N,N,N,N,N,N,N,N,N,N,N,N,N,N,N,28.479051328,-81.396778253,461161.478724,3150335.322784,L,,ARBM15Q1R2,"June 10, 2023",2858638,-9061048.253765935,3309507.236203898
2020884412280,2020,884412280,FHPD20OFF088120,FLORIDA HIGHWAY PATROL,05 FIFTH,ORANGE,"December 19, 2020",0135,SUNDAY,7546 ORLANDO,0746,N,SR 408,SR 436,0.006,E,28.54182,-81.2827599,0,0,75008000,9.651,01789,SR 408,,R RIGHT,4 THRU LANE 4,E EAST,03 TOLL ROAD URBAN,03 STATE,01 NON-JUNCTION,01 ON ROADWAY,01 NOT AT INTERSECTION,02 UNPAVED,37,"March 2, 2020",12 URBAN PRIN ART EXPR.,48,PAVED WARN,8,VALLEY GUTR,3,,0,24,146500,RCI,4.5,,65,4 INCAPACITATING INJURY,31 Q/C COMPLETED - LOC VERIFIED,1 ALC,01 NOT AT INTERSECTION/RRX/BRIDGE,04 DARK-LIGHTED,01 CLEAR,01 DRY,01 LEVEL,1 STRAIGHT,"TWO-WAY, DIVIDED, POSITIVE MED","TWO-WAY, DIVIDED, POSITIVE MED",NO CONTROLS,NO CONTROLS,8,NONE,NOT CODED,NOT CODED,NONE,NOT CODED,NOT CODED,14 MOTOR VEHICLE IN TRANSPORT,"04 SIDESWIPE, SAME DIRECTION",01 STRAIGHT AHEAD,OTHER CONTRIBUTING ACTION,OTHER CONTRIBUTING ACTION,00 NOT CODED,00 NOT CODED,00 NOT CODED,00 NOT CODED,01 NO,2,0,2,0,2,0,2,2,N,N,N,N,Y,N,N,N,N,N,N,N,N,N,N,N,N,N,N,N,N,N,N,N,N,N,28.539434655,-81.310486737,469625.452424,3156999.98623,R,,ARBM15Q1R2,"June 10, 2023",2858680,-9051442.323587716,3317156.6465208763
2020884412290,2020,884412290,FHPD20OFF089824,FLORIDA HIGHWAY PATROL,05 FIFTH,ORANGE,"December 25, 2020",1520,SATURDAY,7546 ORLANDO,0746,N,SR 434,RESEARCH PKWY,0.006,S,28.5873434,-81.2080117,0,0,75037000,1.442,01970,SR 434,,R RIGHT,S SIDE OF ROAD,N NORTH,30 URBAN 6+LN 2WY DIVD RASD,03 STATE,01 NON-JUNCTION,03 SHOULDER,01 NOT AT INTERSECTION,03 CURB,38,"September 9, 2019",14 URBAN PRIN ART OTHER,33,PAVED,4,CURB&GUTTER,2,,0,28,48000,RCI,2.8,,45,4 INCAPACITATING INJURY,31 Q/C COMPLETED - LOC VERIFIED,0 NO,01 NOT AT INTERSECTION/RRX/BRIDGE,01 DAYLIGHT,01 CLEAR,01 DRY,01 LEVEL,1 STRAIGHT,"TWO-WAY, DIVIDED, POSITIVE MED",,NO CONTROLS,NOT CODED,6,NONE,NOT CODED,NOT CODED,NONE,NOT CODED,NOT CODED,24 CURB,77 OTHER (SEE NARRATIVE),01 STRAIGHT AHEAD,FAILED TO KEEP IN PROPER LANE,NOT CODED,00 NOT CODED,00 NOT CODED,00 NOT CODED,00 NOT CODED,01 NO,1,0,1,0,1,0,1,1,N,N,N,N,Y,N,N,N,N,N,N,N,N,N,N,N,N,N,N,N,N,N,N,N,N,N,28.587757759,-81.208163284,479644.963649,3162331.799108,R,,ARBM15Q1R2,"June 10, 2023",2858681,-9040051.72576499,3323281.416517187
2020884412300,2020,884412300,FHPD20OFF089852,FLORIDA HIGHWAY PATROL,05 FIFTH,ORANGE,"December 25, 2020",1730,SATURDAY,7546 ORLANDO,0746,N,SR 520,HODGES RD,0.008,N,28.4291138,-80.9608912,0,0,75140000,11.021,03500,SR 520,,R RIGHT,S SIDE OF ROAD,S SOUTH,26 RURAL 4-5LN 2WY DIVD RASD,03 STATE,01 NON-JUNCTION,01 ON ROADWAY,01 NOT AT INTERSECTION,02 UNPAVED,42,"March 2, 2020",04 RURAL PRIN ART OTHER,24,PAVED,5,LAWN,12,,0,40,19800,RCI,6.9,,65,4 INCAPACITATING INJURY,31 Q/C COMPLETED - LOC VERIFIED,0 NO,01 NOT AT INTERSECTION/RRX/BRIDGE,01 DAYLIGHT,01 CLEAR,01 DRY,01 LEVEL,1 STRAIGHT,"TWO-WAY, DIVIDED, POSITIVE MED",,NO CONTROLS,NOT CODED,4,NONE,NOT CODED,NOT CODED,NONE,NOT CODED,NOT CODED,01 OVERTURN/ROLLOVER,77 OTHER (SEE NARRATIVE),01 STRAIGHT AHEAD,FAILED TO KEEP IN PROPER LANE,NOT CODED,00 NOT CODED,00 NOT CODED,00 NOT CODED,00 NOT CODED,01 NO,2,0,1,0,1,0,1,2,N,N,N,N,Y,N,N,N,N,N,N,N,N,N,N,N,N,N,N,N,N,N,N,N,N,N,28.427064178,-80.959474241,503968.775408,3144512.600445,R,,ARBM15Q1R2,"June 10, 2023",2858682,-9012367.779439911,3302924.9648943683
2020884317330,2020,884317330,FHPD20OFF087390,FLORIDA HIGHWAY PATROL,05 FIFTH,ORANGE,"December 16, 2020",1146,THURSDAY,7546 ORLANDO,0746,N,US 441,SR 91,0.25,N,28.4359936,-81.4045402,28.4364018,-81.4044834,75010000,6.093,00501,SR 500,US 17,R RIGHT,2 THRU LANE 2,N NORTH,30 URBAN 6+LN 2WY DIVD RASD,02 U.S.,01 NON-JUNCTION,01 ON ROADWAY,01 NOT AT INTERSECTION,01 PAVED,38,"March 1, 2020",14 URBAN PRIN ART OTHER,32,CURB&GUTTER,2,,0,,0,14,67000,RCI,6.9,0D3000,45,1 NO INJURY,31 Q/C COMPLETED - LOC VERIFIED,0 NO,01 NOT AT INTERSECTION/RRX/BRIDGE,01 DAYLIGHT,01 CLEAR,01 DRY,01 LEVEL,1 STRAIGHT,"TWO-WAY, DIVIDED, POSITIVE MED","TWO-WAY, DIVIDED, POSITIVE MED",TRAFFIC CONTROL SIGNAL,TRAFFIC CONTROL SIGNAL,6,NONE,NOT CODED,NOT CODED,NONE,NOT CODED,NOT CODED,14 MOTOR VEHICLE IN TRANSPORT,01 FRONT TO REAR,01 STRAIGHT AHEAD,OPERATED MV IN CARLESS OR NEGL,NO CONTRIBUTING ACTION,00 NOT CODED,00 NOT CODED,00 NOT CODED,00 NOT CODED,01 NO,0,0,0,0,2,0,2,2,N,N,N,N,N,N,N,N,N,N,N,N,N,N,N,N,N,N,N,N,N,N,N,N,N,N,28.436381349,-81.404386887,460400.8047,3145610.652233,R,,ARBM15Q1R2,"June 10, 2023",2858722,-9061895.243107578,3304104.4046633854
2020884425370,2020,884425370,FHPD20OFF090120,FLORIDA HIGHWAY PATROL,05 FIFTH,ORANGE,"December 27, 2020",0540,MONDAY,7546 ORLANDO,0746,N,SR 50,AVALON PARK BLVD,0.095,E,28.5654433,-81.1644539,28.5653893,-81.1638057,75060000,14.39,05209,SR 50,,R RIGHT,2 THRU LANE 2,N NORTH,23 SUBURBAN 4-5LN 2WY DIVD RASD,03 STATE,01 NON-JUNCTION,01 ON ROADWAY,01 NOT AT INTERSECTION,01 PAVED,39,"September 9, 2019",14 URBAN PRIN ART OTHER,24,PAVED,4,LAWN,6,,0,34,43000,RCI,5.1,,55,2 POSSIBLE INJURY,31 Q/C COMPLETED - LOC VERIFIED,0 NO,01 NOT AT INTERSECTION/RRX/BRIDGE,05 DARK-NOT LIGHTED,01 CLEAR,01 DRY,01 LEVEL,1 STRAIGHT,"TWO-WAY, NOT DIVIDED","TWO-WAY, DIVIDED, POSITIVE MED",NO CONTROLS,NO CONTROLS,4,NONE,NOT CODED,NOT CODED,NONE,NOT CODED,NOT CODED,14 MOTOR VEHICLE IN TRANSPORT,03 ANGLE,13 STOPPED IN TRAFFIC,OTHER CONTRIBUTING ACTION,OTHER CONTRIBUTING ACTION,00 NOT CODED,00 NOT CODED,00 NOT CODED,00 NOT CODED,01 NO,3,0,0,0,2,0,2,3,N,N,N,N,N,N,N,N,N,N,N,N,N,N,N,N,N,N,N,N,N,N,N,N,N,N,28.565324646,-81.163921281,483967.729459,3159839.831133,R,,ARBM15Q1R2,"June 10, 2023",2858733,-9035126.72690241,3320437.7552187718
2020884425400,2020,884425400,FHPD20OFF090346,FLORIDA HIGHWAY PATROL,05 FIFTH,ORANGE,"December 28, 2020",1045,TUESDAY,7554 WINTER PARK,0754,N,SR 436,TERRY BROOK DR,0,,28.58255,-81.30709,28.5860189,-81.3069695,75003000,9.338,01823,SR 436,,L LEFT,3 THRU LANE 3,N NORTH,33 SUBURBAN 6+LN 2WY DIVD RASD,03 STATE,01 NON-JUNCTION,01 ON ROADWAY,01 NOT AT INTERSECTION,01 PAVED,34,"March 2, 2020",14 URBAN PRIN ART OTHER,36,PAVED,8,LAWN,6,,0,23,52000,RCI,4.4,,50,2 POSSIBLE INJURY,31 Q/C COMPLETED - LOC VERIFIED,0 NO,02 AT INTERSECTION,01 DAYLIGHT,01 CLEAR,01 DRY,01 LEVEL,1 STRAIGHT,"TWO-WAY, DIVIDED, POSITIVE MED","TWO-WAY, DIVIDED, POSITIVE MED",NO CONTROLS,NO CONTROLS,6,NONE,NOT CODED,NOT CODED,NONE,NOT CODED,NOT CODED,14 MOTOR VEHICLE IN TRANSPORT,03 ANGLE,03 TURNING LEFT,FAILED TO YIELD RIGHT-OF-WAY,NO CONTRIBUTING ACTION,00 NOT CODED,00 NOT CODED,00 NOT CODED,00 NOT CODED,01 NO,2,0,0,0,2,0,2,4,N,N,N,Y,N,N,N,N,N,N,N,N,N,N,N,N,N,N,N,N,N,N,N,N,N,N,28.58600427,-81.307063757,469973.540283,3162158.344665,L,,ARBM15Q1R2,"June 10, 2023",2858734,-9051061.279173568,3323059.11905067
2020884397980,2020,884397980,FHPD20OFF088887,FLORIDA HIGHWAY PATROL,05 FIFTH,ORANGE,"December 21, 2020",1955,TUESDAY,7530 APOPKA,0730,N,HIAWASSEE RD,SR 414,0.004,S,28.6335716,-81.4764356,28.6342437,-81.4755268,75340000,1.654,04534,SR 414,,M MEDIAN,M MIDDLE,S SOUTH,03 TOLL ROAD URBAN,04 COUNTY,01 NON-JUNCTION,04 MEDIAN,01 NOT AT INTERSECTION,03 CURB,39,"March 2, 2020",12 URBAN PRIN ART EXPR.,36,PAVED,4,VALLEY GUTR,2,,0,26,36500,RCI,3.8,,65,1 NO INJURY,31 Q/C COMPLETED - LOC VERIFIED,0 NO,01 NOT AT INTERSECTION/RRX/BRIDGE,04 DARK-LIGHTED,02 CLOUDY,01 DRY,04 DOWNHILL,3 CURVE LEFT,"TWO-WAY, DIVIDED, POSITIVE MED",,NO CONTROLS,NOT CODED,6,NONE,NOT CODED,NOT CODED,NONE,NOT CODED,NOT CODED,24 CURB,77 OTHER (SEE NARRATIVE),01 STRAIGHT AHEAD,NO CONTRIBUTING ACTION,NOT CODED,00 NOT CODED,00 NOT CODED,00 NOT CODED,00 NOT CODED,01 NO,0,0,0,0,1,0,1,1,N,N,N,N,Y,N,N,N,N,N,N,N,N,N,N,N,N,N,N,N,N,N,N,N,N,N,28.634234641,-81.469599419,454100.679093,3167553.189387,R,,ARBM15Q1R2,"June 10, 2023",2858747,-9069154.671740215,3329174.839838073
2020884234610,2020,884234610,FHPD20OFF086755,FLORIDA HIGHWAY PATROL,05 FIFTH,ORANGE,"December 13, 2020",1928,MONDAY,7546 ORLANDO,0746,N,SR 50,DEAN RD,0.028,W,28.5689365,-81.2464408,28.5691664,-81.2451235,75060000,9.426,05182,SR 50,,R RIGHT,2 THRU LANE 2,E EAST,30 URBAN 6+LN 2WY DIVD RASD,03 STATE,03 INTERSECTION-RELATED,01 ON ROADWAY,01 NOT AT INTERSECTION,03 CURB,39,"September 9, 2019",14 URBAN PRIN ART OTHER,36,PAVED,4,CURB&GUTTER,2,,0,34,58500,RCI,2.3,,45,2 POSSIBLE INJURY,31 Q/C COMPLETED - LOC VERIFIED,0 NO,03 INFLUENCED BY INTERSECTION,02 DUSK,01 CLEAR,01 DRY,01 LEVEL,1 STRAIGHT,"TWO-WAY, DIVIDED, POSITIVE MED","TWO-WAY, DIVIDED, POSITIVE MED",TRAFFIC CONTROL SIGNAL,TRAFFIC CONTROL SIGNAL,6,NONE,NOT CODED,NOT CODED,NONE,NOT CODED,NOT CODED,14 MOTOR VEHICLE IN TRANSPORT,01 FRONT TO REAR,01 STRAIGHT AHEAD,OPERATED MV IN CARLESS OR NEGL,NO CONTRIBUTING ACTION,00 NOT CODED,00 NOT CODED,00 NOT CODED,00 NOT CODED,01 NO,4,0,0,0,2,0,2,4,N,N,N,Y,N,N,N,N,N,N,Y,N,N,N,N,N,N,N,N,N,N,N,N,N,N,N,28.569052882,-81.245205753,476018.549776,3160266.435465,R,,ARBM15Q1R2,"June 10, 2023",2858754,-9044175.275606347,3320910.310829934
2020884153630,2020,884153630,FHPD20OFF076669,FLORIDA HIGHWAY PATROL,05 FIFTH,ORANGE,"November 4, 2020",1335,THURSDAY,7546 ORLANDO,0746,N,SR 50,EMERALDA DR,0.004,E,28.55233,-81.4534699,28.5524321,-81.4530773,75050000,12.484,05141,SR 50,,R RIGHT,1 THRU LANE 1,E EAST,30 URBAN 6+LN 2WY DIVD RASD,03 STATE,01 NON-JUNCTION,01 ON ROADWAY,01 NOT AT INTERSECTION,03 CURB,44,"April 1, 2018",14 URBAN PRIN ART OTHER,36,PAVED,4,CURB&GUTTER,2,,0,41,42000,RCI,4.6,,45,1 NO INJURY,31 Q/C COMPLETED - LOC VERIFIED,0 NO,01 NOT AT INTERSECTION/RRX/BRIDGE,01 DAYLIGHT,01 CLEAR,01 DRY,01 LEVEL,1 STRAIGHT,"TWO-WAY, DIVIDED, POSITIVE MED","TWO-WAY, DIVIDED, POSITIVE MED",NO CONTROLS,NO CONTROLS,6,NONE,NOT CODED,NOT CODED,NONE,NOT CODED,NOT CODED,14 MOTOR VEHICLE IN TRANSPORT,01 FRONT TO REAR,01 STRAIGHT AHEAD,OPERATED MV IN CARLESS OR NEGL,NO CONTRIBUTING ACTION,00 NOT CODED,00 NOT CODED,00 NOT CODED,00 NOT CODED,01 NO,0,0,0,0,2,0,2,2,N,N,N,N,N,N,N,N,N,N,Y,N,N,N,N,N,N,N,N,N,N,Y,N,N,Y,N,28.552326404,-81.453083132,455680.680029,3158472.621508,R,,ARBM15Q1R2,"June 10, 2023",2858798,-9067316.086299244,3318790.3513289723
2020884153670,2020,884153670,FHPD20OFF077017,FLORIDA HIGHWAY PATROL,05 FIFTH,ORANGE,"November 5, 2020",1835,FRIDAY,7546 ORLANDO,0746,N,KALEY AVE,US 441,0.019,E,28.5200382,-81.3973329,28.5200511,-81.3970515,75010000,11.906,01953,SR 500,US 17,S SIDE RD RIGHT,1 THRU LANE 1,W WEST,20 URBAN 4-5LN 2WY DIVD RASD,05 LOCAL,01 NON-JUNCTION,01 ON ROADWAY,01 NOT AT INTERSECTION,03 CURB,35,"March 1, 2020",14 URBAN PRIN ART OTHER,24,CURB&GUTTER,2,,0,,0,16,29500,RCI,6.9,,35,1 NO INJURY,31 Q/C COMPLETED - LOC VERIFIED,0 NO,03 INFLUENCED BY INTERSECTION,04 DARK-LIGHTED,02 CLOUDY,01 DRY,01 LEVEL,1 STRAIGHT,"TWO-WAY, NOT DIVIDED","TWO-WAY, NOT DIVIDED",NO CONTROLS,NO CONTROLS,4,NONE,NOT CODED,NOT CODED,NONE,NOT CODED,NOT CODED,14 MOTOR VEHICLE IN TRANSPORT,01 FRONT TO REAR,01 STRAIGHT AHEAD,OPERATED MV IN CARLESS OR NEGL,NO CONTRIBUTING ACTION,00 NOT CODED,00 NOT CODED,00 NOT CODED,00 NOT CODED,01 NO,0,0,0,0,2,0,2,2,N,N,N,Y,N,N,N,N,N,N,Y,N,N,N,N,N,N,N,N,N,N,N,N,N,N,N,28.520052171,-81.397047526,461150.140285,3154877.675122,C,,ARBM15Q1R2,"June 10, 2023",2858799,-9061078.229237624,3314700.779742223
2020884153690,2020,884153690,FHPD20OFF077211,FLORIDA HIGHWAY PATROL,05 FIFTH,ORANGE,"November 6, 2020",1401,SATURDAY,7546 ORLANDO,0746,N,HIAWASSEE RD,SILVER STAR RD,0.009,N,28.5777621,-81.4761616,28.577591,-81.4760216,75250000,4.814,01231,SR 438,,T SIDE RD LEFT,1 THRU LANE 1,S SOUTH,30 URBAN 6+LN 2WY DIVD RASD,05 LOCAL,01 NON-JUNCTION,01 ON ROADWAY,01 NOT AT INTERSECTION,03 CURB,38,"September 8, 2019",16 URBAN MINOR ART,36,CURB&GUTTER,2,,0,,0,20,40000,RCI,6.1,,40,1 NO INJURY,31 Q/C COMPLETED - LOC VERIFIED,0 NO,03 INFLUENCED BY INTERSECTION,01 DAYLIGHT,02 CLOUDY,01 DRY,01 LEVEL,1 STRAIGHT,"TWO-WAY, DIVIDED, POSITIVE MED","TWO-WAY, DIVIDED, POSITIVE MED",TRAFFIC CONTROL SIGNAL,TRAFFIC CONTROL SIGNAL,6,NONE,NOT CODED,NOT CODED,NONE,NOT CODED,NOT CODED,14 MOTOR VEHICLE IN TRANSPORT,01 FRONT TO REAR,06 CHANGING LANES,OPERATED MV IN CARLESS OR NEGL,NO CONTRIBUTING ACTION,00 NOT CODED,00 NOT CODED,00 NOT CODED,00 NOT CODED,01 NO,0,0,0,0,3,0,3,3,N,N,N,Y,N,N,N,N,N,N,Y,N,N,N,N,N,N,N,N,N,Y,N,N,N,N,N,28.57767465,-81.475996862,453450.4514,3161289.5479,L,,ARBM15Q1R2,"June 10, 2023",2858800,-9069866.83186857,3322003.187729057
2020884153700,2020,884153700,FHPD20OFF077253,FLORIDA HIGHWAY PATROL,05 FIFTH,ORANGE,"November 6, 2020",1615,SATURDAY,7539 MOUNT DORA,0739,N,SADLER AVE,US 441,0.004,W,28.7489417,-81.6214464,28.7489617,-81.620063,75020000,20.248,06178,SR 500,US 441,T SIDE RD LEFT,1 THRU LANE 1,S SOUTH,23 SUBURBAN 4-5LN 2WY DIVD RASD,05 LOCAL,03 INTERSECTION-RELATED,01 ON ROADWAY,02 FOUR-WAY INTERSECTION,03 CURB,35,"January 22, 2020",14 URBAN PRIN ART OTHER,24,PAVED,4,LAWN,8,,0,40,26000,RCI,3.5,,55,3 NO-INCAPACITATING INJURY,31 Q/C COMPLETED - LOC VERIFIED,0 NO,01 NOT AT INTERSECTION/RRX/BRIDGE,01 DAYLIGHT,02 CLOUDY,01 DRY,01 LEVEL,2 CURVE RIGHT,"TWO-WAY, DIVIDED, POSITIVE MED","TWO-WAY, NOT DIVIDED",NO CONTROLS,NO CONTROLS,4,NONE,NOT CODED,NOT CODED,NONE,NOT CODED,NOT CODED,14 MOTOR VEHICLE IN TRANSPORT,02 FRONT TO FRONT,01 STRAIGHT AHEAD,FAILED TO YIELD RIGHT-OF-WAY,NO CONTRIBUTING ACTION,00 NOT CODED,00 NOT CODED,00 NOT CODED,00 NOT CODED,01 NO,1,0,0,0,2,0,2,2,N,N,N,N,N,N,N,N,N,N,N,N,N,N,N,N,N,N,N,N,N,Y,Y,N,N,N,28.749016377,-81.620232385,439443.413697,3180336.950599,L,,ARBM15Q1R2,"June 10, 2023",2858801,-9085923.062165689,3343740.746195295
2020884189530,2020,884189530,FHPD20OFF084785,FLORIDA HIGHWAY PATROL,08 TURNPIKE,ORANGE,"December 6, 2020",0607,MONDAY,"7500 UNINCORPORATED, ORANGE",0700,N,SR 528,MILE MARKER #32,0,,28.4525599,-80.9599599,28.4525708,-80.956473,75475000,1.395,02911,SR 528,,L LEFT,2 THRU LANE 2,W WEST,04 TOLL ROAD RURAL,06 TURNPIKE/TOLL,01 NON-JUNCTION,01 ON ROADWAY,01 NOT AT INTERSECTION,01 PAVED,41,"October 25, 2020",02 RURAL PRIN ART EXPR.,24,PAVED WARN,10,LAWN,12,,0,40,50000,RCI,12.8,,70,3 NO-INCAPACITATING INJURY,31 Q/C COMPLETED - LOC VERIFIED,0 NO,01 NOT AT INTERSECTION/RRX/BRIDGE,01 DAYLIGHT,03 RAIN,02 WET,01 LEVEL,1 STRAIGHT,"TWO-WAY, DIVIDED, POSITIVE MED","TWO-WAY, DIVIDED, POSITIVE MED",NO CONTROLS,NO CONTROLS,4,NONE,NOT CODED,NOT CODED,NONE,NOT CODED,NOT CODED,14 MOTOR VEHICLE IN TRANSPORT,01 FRONT TO REAR,01 STRAIGHT AHEAD,OPERATED MV IN CARLESS OR NEGL,NO CONTRIBUTING ACTION,00 NOT CODED,00 NOT CODED,00 NOT CODED,00 NOT CODED,01 NO,1,0,0,0,2,0,2,3,N,N,N,N,Y,N,N,N,N,N,Y,N,N,N,N,N,N,N,N,N,N,N,N,N,N,N,28.452717069,-80.95657862,504251.32419,3147354.584845,L,,ARBM15Q1R2,"June 10, 2023",2858808,-9012045.440379087,3306172.561608195
2020884189560,2020,884189560,FHPD20OFF086366,FLORIDA HIGHWAY PATROL,05 FIFTH,ORANGE,"December 12, 2020",0543,SUNDAY,7546 ORLANDO,0746,N,GOLDENROD RD,LIVERPOOL BLVD,0,,28.5754899,-81.28613,28.5755019,-81.2861859,75200000,6.931,00306,SR 551,,R RIGHT,S SIDE OF ROAD,N NORTH,20 URBAN 4-5LN 2WY DIVD RASD,04 COUNTY,02 INTERSECTION,01 ON ROADWAY,02 FOUR-WAY INTERSECTION,03 CURB,29,"February 11, 2020",16 URBAN MINOR ART,26,CURB&GUTTER,2,,0,,0,16,34000,RCI,2.2,,45,1 NO INJURY,31 Q/C COMPLETED - LOC VERIFIED,0 NO,02 AT INTERSECTION,01 DAYLIGHT,01 CLEAR,01 DRY,01 LEVEL,1 STRAIGHT,"TWO-WAY, DIVIDED, POSITIVE MED",,TRAFFIC CONTROL SIGNAL,NOT CODED,4,NONE,NOT CODED,NOT CODED,NONE,NOT CODED,NOT CODED,"39 OTHER FIXED OBJECT (WALL, BUIL",77 OTHER (SEE NARRATIVE),05 TURNING RIGHT,OPERATED MV IN CARLESS OR NEGL,NOT CODED,00 NOT CODED,00 NOT CODED,00 NOT CODED,00 NOT CODED,01 NO,0,0,0,0,1,0,1,1,N,N,N,Y,N,N,N,N,N,N,Y,N,N,N,N,N,N,N,N,N,N,N,N,N,N,N,28.575439414,-81.286125814,472018.186123,3160982.842589,R,,ARBM15Q1R2,"June 10, 2023",2858809,-9048730.477379845,3321719.845831576