Crash Id,Calendar Year,FDOT Crash Number,Reporting Agency Case Number,Reporting Agency Type,FDOT Managing District,County Name,Crash Date,Crash Time,Day,DHSMV City,Crash Report City Code,In Town,On Roadway Name,Int Roadway Name,Reference Distance (Miles),Reference Direction,Officer Latitude,Officer Longitude,FDOT Latitude,FDOT Longitude,FDOT Roadway,Nearest Inventory MP,Nearest Node From Crash,State Road #,US Highway,Crash Side of Road,Accident Lane Number,Travel Direction Vehicle 1,FDOT Road Category,DHSMV Road System Id,Relation to Junction,Crash Harmful Event Location,Intersection Type,Shoulder Type,FDOT Roadway SKID Test Result,FDOT Roadway SKID Test Date,Functional Class,RCI Surface Width,RCI Shoulder Type First,RCI Shoulder Width First,RCI Shoulder Type Second,RCI Shoulder Width Second,RCI Shoulder Type Third,RCI Shoulder Width Third,RCI Median Width,Avg Daily Traffic,AADT Source,RCI Avg Per Truck Traffic,RCI Horiz Curve Condition,Posted Speed Limit,Highest Injury in Crash,CAR Status Code,Alcohols/Drug Involved,Site Location,Lighting,Weather,Road Surface,Roadway Grade,Roadway Alignment,Traffic Way Vehicle 1,Traffic Way Vehicle 2,Traffic Control Vehicle 1,Traffic Control Vehicle 2,Count of Lanes,Road Condition 1,Road Condition 2,Road Condition 3,Environment Condition 1,Environment Condition 2,Environment Condition 3,Crash Harmful Event,Manner of Collision,Vehicle Movement,Driver Action Vehicle 1,Driver Action Vehicle 2,Location Within Workzone,Type of Workzone,Workers Present in Workzone,Law Enforcement Present in Workzone,School Bus Related,Count of Nonfatal Injuries,Count of Traffic Fatalities,Count of Serious Injuries,Count of Pedestrians,Count of Drivers,Count of Bicyclists,Count of Vehicles,Count of Persons,Wrong Way,Workzone Inv,Commercial Vehicle Inv,Intersection Inv,Lane Departure,Speeding,Agressive Driving,Impaired Driver,Impaired Pedestrian,Impaired Bicyclist,Distracted Driver,Speeding or Aggressive Driving,Pedestrian Related,Bicyclist Related,Pedestrian or Bicyclist Related,Motorcycle Inv,No Belt,No Belt - Ages 1-4,No Belt - Ages 5-12,No Belt - Ages 13-17,Driver - Ages Teen,Driver - Ages 65 plus,Driver - Ages 65-69,Driver - Ages 70-74,Driver - Ages 75-79,Driver - Ages 80 plus,ARBM Latitude,ARBM Longitude,UTM Zone 17N X,UTM Zone 17N Y,ARBM Side of Road,Urban Rural Indicator,GIS Street Source,Extract Date,OBJECTID,x,y
2020884316540,2020,884316540,FHPD20OFF087197,FLORIDA HIGHWAY PATROL,05 FIFTH,ORANGE,"December 15, 2020",1742,WEDNESDAY,7546 ORLANDO,0746,N,DORSCHER RD,SR 50,0.004,N,28.5522932,-81.4842571,28.5520209,-81.4841343,75050000,10.596,05028,SR 50,,T SIDE RD LEFT,1 THRU LANE 1,S SOUTH,30 URBAN 6+LN 2WY DIVD RASD,05 LOCAL,03 INTERSECTION-RELATED,01 ON ROADWAY,02 FOUR-WAY INTERSECTION,03 CURB,44,"April 1, 2018",14 URBAN PRIN ART OTHER,36,PAVED,4,CURB&GUTTER,2,,0,30,46000,RCI,4.6,,45,2 POSSIBLE INJURY,31 Q/C COMPLETED - LOC VERIFIED,0 NO,03 INFLUENCED BY INTERSECTION,01 DAYLIGHT,02 CLOUDY,02 WET,01 LEVEL,1 STRAIGHT,"TWO-WAY, NOT DIVIDED","TWO-WAY, NOT DIVIDED",TRAFFIC CONTROL SIGNAL,TRAFFIC CONTROL SIGNAL,6,NONE,NOT CODED,NOT CODED,NONE,NOT CODED,NOT CODED,14 MOTOR VEHICLE IN TRANSPORT,"04 SIDESWIPE, SAME DIRECTION",03 TURNING LEFT,FAILED TO KEEP IN PROPER LANE,NO CONTRIBUTING ACTION,00 NOT CODED,00 NOT CODED,00 NOT CODED,00 NOT CODED,01 NO,2,0,0,0,2,0,2,3,N,N,Y,Y,N,N,N,N,N,N,Y,N,N,N,N,N,N,N,N,N,N,N,N,N,N,N,28.552124786,-81.484177097,452639.027067,3158462.175614,L,,ARBM15Q1R2,"June 10, 2023",2860541,-9070777.451632822,3318764.799580564
2020884316560,2020,884316560,FHPD20OFF087442,FLORIDA HIGHWAY PATROL,05 FIFTH,ORANGE,"December 16, 2020",1522,THURSDAY,7546 ORLANDO,0746,N,BELCO DR,SR 438,0.003,N,28.5780681,-81.4542756,28.5779593,-81.4540428,75250000,6.151,01859,SR 438,,T SIDE RD LEFT,1 THRU LANE 1,S SOUTH,30 URBAN 6+LN 2WY DIVD RASD,03 STATE,03 INTERSECTION-RELATED,01 ON ROADWAY,03 T-INTERSECTION,03 CURB,38,"September 8, 2019",16 URBAN MINOR ART,36,CURB&GUTTER,2,,0,,0,20,32500,RCI,4.3,,40,2 POSSIBLE INJURY,31 Q/C COMPLETED - LOC VERIFIED,0 NO,03 INFLUENCED BY INTERSECTION,01 DAYLIGHT,01 CLEAR,01 DRY,01 LEVEL,1 STRAIGHT,"TWO-WAY, NOT DIVIDED","TWO-WAY, NOT DIVIDED",TRAFFIC CONTROL SIGNAL,TRAFFIC CONTROL SIGNAL,6,NONE,NOT CODED,NOT CODED,NONE,NOT CODED,NOT CODED,14 MOTOR VEHICLE IN TRANSPORT,01 FRONT TO REAR,01 STRAIGHT AHEAD,OPERATED MV IN CARLESS OR NEGL,NO CONTRIBUTING ACTION,00 NOT CODED,00 NOT CODED,00 NOT CODED,00 NOT CODED,01 NO,1,0,0,0,2,0,2,2,N,N,N,Y,N,N,N,N,N,N,Y,N,N,N,N,N,N,N,N,N,N,N,N,N,N,N,28.57802465,-81.454005283,455601.263962,3161319.973609,L,,ARBM15Q1R2,"June 10, 2023",2860542,-9067418.73972701,3322047.5549087804
2020884316580,2020,884316580,FHPD20OFF087523,FLORIDA HIGHWAY PATROL,05 FIFTH,ORANGE,"December 16, 2020",1939,THURSDAY,7546 ORLANDO,0746,N,WETHERBEE RD,SR 500,0.004,E,28.3872837,-81.4041951,28.3871699,-81.4045454,75010000,2.704,00492,SR 500,US 17,S SIDE RD RIGHT,R RIGHT TURN,W WEST,30 URBAN 6+LN 2WY DIVD RASD,05 LOCAL,03 INTERSECTION-RELATED,01 ON ROADWAY,02 FOUR-WAY INTERSECTION,03 CURB,37,"March 1, 2020",14 URBAN PRIN ART OTHER,35,PAVED,4,CURB&GUTTER,2,,0,30,57000,RCI,6.9,,50,3 NO-INCAPACITATING INJURY,31 Q/C COMPLETED - LOC VERIFIED,0 NO,03 INFLUENCED BY INTERSECTION,02 DUSK,01 CLEAR,01 DRY,01 LEVEL,1 STRAIGHT,"TWO-WAY, DIVIDED, POSITIVE MED","TWO-WAY, DIVIDED, POSITIVE MED",TRAFFIC CONTROL SIGNAL,TRAFFIC CONTROL SIGNAL,6,NONE,NOT CODED,NOT CODED,NONE,NOT CODED,NOT CODED,14 MOTOR VEHICLE IN TRANSPORT,01 FRONT TO REAR,01 STRAIGHT AHEAD,OPERATED MV IN CARLESS OR NEGL,NO CONTRIBUTING ACTION,00 NOT CODED,00 NOT CODED,00 NOT CODED,00 NOT CODED,01 NO,2,0,0,0,2,0,2,2,N,N,N,Y,N,N,N,N,N,N,Y,N,N,N,N,N,N,N,N,N,N,N,N,N,N,N,28.387194406,-81.40443689,460377.606653,3140161.576163,R,,ARBM15Q1R2,"June 10, 2023",2860543,-9061900.809090959,3297879.1044006324
2020884434390,2020,884434390,FHPD20OFF088809,FLORIDA HIGHWAY PATROL,05 FIFTH,ORANGE,"December 21, 2020",1547,TUESDAY,7546 ORLANDO,0746,N,US 441,AUGUST LANE,0.01,N,28.44757,-81.4015099,28.4477495,-81.4015516,75010000,6.895,02475,SR 500,US 17,L LEFT,L LEFT TURN,S SOUTH,30 URBAN 6+LN 2WY DIVD RASD,02 U.S.,03 INTERSECTION-RELATED,01 ON ROADWAY,01 NOT AT INTERSECTION,03 CURB,38,"March 1, 2020",14 URBAN PRIN ART OTHER,36,CURB&GUTTER,2,,0,,0,18,67000,RCI,6.9,,45,1 NO INJURY,31 Q/C COMPLETED - LOC VERIFIED,0 NO,03 INFLUENCED BY INTERSECTION,01 DAYLIGHT,01 CLEAR,01 DRY,01 LEVEL,1 STRAIGHT,"TWO-WAY, DIVIDED, POSITIVE MED","TWO-WAY, DIVIDED, POSITIVE MED",NO CONTROLS,NO CONTROLS,6,NONE,NOT CODED,NOT CODED,NONE,NOT CODED,NOT CODED,14 MOTOR VEHICLE IN TRANSPORT,03 ANGLE,16 LEAVING TRAFFIC LANE,FAILED TO KEEP IN PROPER LANE,NO CONTRIBUTING ACTION,00 NOT CODED,00 NOT CODED,00 NOT CODED,00 NOT CODED,01 NO,0,0,0,0,2,0,2,5,N,N,N,Y,N,N,N,N,N,N,Y,N,N,N,N,N,N,N,N,N,N,N,N,N,N,N,28.447757739,-81.401619693,460675.989555,3146870.064223,L,,ARBM15Q1R2,"June 10, 2023",2860563,-9061587.200366423,3305544.659059552
2020884434400,2020,884434400,FHPD20OFF088878,FLORIDA HIGHWAY PATROL,05 FIFTH,ORANGE,"December 21, 2020",1901,TUESDAY,7546 ORLANDO,0746,N,SR 482,LILLWELL AVE,0.011,E,28.4501901,-81.4043465,28.4502757,-81.4039263,75002000,4.42,04662,SR 482,,R RIGHT,3 THRU LANE 3,E EAST,30 URBAN 6+LN 2WY DIVD RASD,03 STATE,01 NON-JUNCTION,01 ON ROADWAY,01 NOT AT INTERSECTION,03 CURB,36,"March 3, 2020",16 URBAN MINOR ART,36,CURB&GUTTER,2,,0,,0,30,46500,RCI,11.4,0D16,45,1 NO INJURY,31 Q/C COMPLETED - LOC VERIFIED,0 NO,01 NOT AT INTERSECTION/RRX/BRIDGE,01 DAYLIGHT,01 CLEAR,01 DRY,01 LEVEL,1 STRAIGHT,"TWO-WAY, DIVIDED, POSITIVE MED","TWO-WAY, DIVIDED, POSITIVE MED",NO CONTROLS,NO CONTROLS,6,NONE,NOT CODED,NOT CODED,NONE,NOT CODED,NOT CODED,14 MOTOR VEHICLE IN TRANSPORT,01 FRONT TO REAR,01 STRAIGHT AHEAD,OPERATED MV IN CARLESS OR NEGL,NO CONTRIBUTING ACTION,00 NOT CODED,00 NOT CODED,00 NOT CODED,00 NOT CODED,01 NO,0,0,0,0,2,0,2,4,N,N,N,N,N,N,N,N,N,N,Y,N,N,N,N,N,N,N,N,N,N,N,N,N,N,N,28.450194713,-81.403915244,460452.128618,3147140.794434,R,,ARBM15Q1R2,"June 10, 2023",2860564,-9061842.74011265,3305853.2008333583
2020883960330,2020,883960330,FHPD20OFF090733,FLORIDA HIGHWAY PATROL,05 FIFTH,ORANGE,"December 29, 2020",1844,WEDNESDAY,7533 ORLANDO TRANSIT AUTHORITY,0733,N,SR 528,MCCOY RD,0,,28.4507608,-81.3522919,28.4512527,-81.3509128,75002021,0,03895,SR 482,,L LEFT,X RAMP,E EAST,08 RAMP RURAL,06 TURNPIKE/TOLL,14 ENTRANCE/EXIT RAMP,01 ON ROADWAY,77 OTHER (SEE NARRATIVE),01 PAVED,0,"December 31, 2000",,18,PAVED,2,LAWN,6,,0,,15500,RCI,4.1,,,4 INCAPACITATING INJURY,31 Q/C COMPLETED - LOC VERIFIED,0 NO,07 ENTRANCE RAMP,05 DARK-NOT LIGHTED,01 CLEAR,01 DRY,01 LEVEL,2 CURVE RIGHT,ONE-WAY TRAFFICWAY,,OTHER (SEE NARRATIVE),NOT CODED,1,NONE,NOT CODED,NOT CODED,NONE,NOT CODED,NOT CODED,11 PEDALCYCLE,77 OTHER (SEE NARRATIVE),15 NEGOTIATING A CURVE,FAILED TO YIELD RIGHT-OF-WAY,NOT CODED,00 NOT CODED,00 NOT CODED,00 NOT CODED,00 NOT CODED,01 NO,1,0,1,0,1,1,1,2,N,N,N,N,N,N,N,N,N,N,N,N,N,Y,Y,N,N,N,N,N,N,N,N,N,N,N,28.451229518,-81.350907435,465642.5657,3147239.1468,O,,ARBM15Q1R2,"June 10, 2023",2860579,-9055941.935970567,3305984.2183571593
2020884128130,2020,884128130,FHPD20OFF082036,FLORIDA HIGHWAY PATROL,05 FIFTH,ORANGE,"November 24, 2020",0830,WEDNESDAY,7546 ORLANDO,0746,N,HIAWASSEE RD,COLONIAL DR,0.006,S,28.55199,-81.47578,28.552072,-81.4758259,75050000,11.101,02138,SR 50,,S SIDE RD RIGHT,R RIGHT TURN,N NORTH,30 URBAN 6+LN 2WY DIVD RASD,04 COUNTY,01 NON-JUNCTION,01 ON ROADWAY,01 NOT AT INTERSECTION,03 CURB,44,"April 1, 2018",14 URBAN PRIN ART OTHER,36,PAVED,4,CURB&GUTTER,2,,0,28,46000,RCI,4.6,,45,2 POSSIBLE INJURY,31 Q/C COMPLETED - LOC VERIFIED,0 NO,03 INFLUENCED BY INTERSECTION,01 DAYLIGHT,01 CLEAR,01 DRY,01 LEVEL,1 STRAIGHT,"TWO-WAY, DIVIDED, POSITIVE MED","TWO-WAY, DIVIDED, POSITIVE MED",NO CONTROLS,NO CONTROLS,6,NONE,NOT CODED,NOT CODED,NONE,NOT CODED,NOT CODED,14 MOTOR VEHICLE IN TRANSPORT,01 FRONT TO REAR,01 STRAIGHT AHEAD,OPERATED MV IN CARLESS OR NEGL,NO CONTRIBUTING ACTION,00 NOT CODED,00 NOT CODED,00 NOT CODED,00 NOT CODED,01 NO,1,0,0,0,3,0,3,4,N,N,N,Y,N,N,N,N,N,N,N,N,N,N,N,N,N,N,N,N,N,N,N,N,N,N,28.551984656,-81.475852863,453453.2312,3158443.39062,R,,ARBM15Q1R2,"June 10, 2023",2860767,-9069850.801891912,3318747.040694738
2020884128140,2020,884128140,FHPD20OFF082083,FLORIDA HIGHWAY PATROL,05 FIFTH,ORANGE,"November 24, 2020",1135,WEDNESDAY,7546 ORLANDO,0746,N,SILVER STAR RD,POWERS DR,0,,28.57779,-81.4677599,28.5776981,-81.4678045,75250000,5.314,06003,SR 438,,R RIGHT,3 THRU LANE 3,W WEST,30 URBAN 6+LN 2WY DIVD RASD,04 COUNTY,03 INTERSECTION-RELATED,01 ON ROADWAY,02 FOUR-WAY INTERSECTION,03 CURB,38,"September 8, 2019",16 URBAN MINOR ART,36,CURB&GUTTER,2,,0,,0,20,40000,RCI,6.1,1D00,40,1 NO INJURY,31 Q/C COMPLETED - LOC VERIFIED,0 NO,02 AT INTERSECTION,01 DAYLIGHT,01 CLEAR,01 DRY,01 LEVEL,1 STRAIGHT,"TWO-WAY, DIVIDED, POSITIVE MED","TWO-WAY, DIVIDED, POSITIVE MED",NO CONTROLS,TRAFFIC CONTROL SIGNAL,6,NONE,NOT CODED,NOT CODED,NONE,NOT CODED,NOT CODED,14 MOTOR VEHICLE IN TRANSPORT,03 ANGLE,03 TURNING LEFT,FAILED TO YIELD RIGHT-OF-WAY,NO CONTRIBUTING ACTION,00 NOT CODED,00 NOT CODED,00 NOT CODED,00 NOT CODED,01 NO,0,0,0,0,2,0,2,2,N,N,N,Y,N,N,N,N,N,N,N,N,N,N,N,N,N,N,N,N,N,N,N,N,N,N,28.577624905,-81.467750283,454256.904145,3161280.859605,R,,ARBM15Q1R2,"June 10, 2023",2860768,-9068948.82670156,3321996.8819336784
2020884252190,2020,884252190,FHPD20OFF082479,FLORIDA HIGHWAY PATROL,05 FIFTH,ORANGE,"November 26, 2020",0125,FRIDAY,7546 ORLANDO,0746,N,CR 423,SR 482,0.008,N,28.4535064,-81.4275081,28.450345,-81.4275775,75002000,2.981,01683,SR 482,,T SIDE RD LEFT,S SIDE OF ROAD,N NORTH,33 SUBURBAN 6+LN 2WY DIVD RASD,04 COUNTY,01 NON-JUNCTION,01 ON ROADWAY,01 NOT AT INTERSECTION,03 CURB,35,"March 3, 2020",16 URBAN MINOR ART,36,PAVED,4,LAWN,6,,0,40,59000,RCI,5.3,,45,4 INCAPACITATING INJURY,31 Q/C COMPLETED - LOC VERIFIED,0 NO,03 INFLUENCED BY INTERSECTION,04 DARK-LIGHTED,01 CLEAR,01 DRY,01 LEVEL,1 STRAIGHT,"TWO-WAY, DIVIDED, POSITIVE MED",,NO CONTROLS,NOT CODED,5,NONE,NOT CODED,NOT CODED,NONE,NOT CODED,NOT CODED,"39 OTHER FIXED OBJECT (WALL, BUIL",77 OTHER (SEE NARRATIVE),01 STRAIGHT AHEAD,FAILED TO KEEP IN PROPER LANE,NOT CODED,00 NOT CODED,00 NOT CODED,00 NOT CODED,00 NOT CODED,01 NO,1,0,1,0,1,0,1,1,N,N,N,Y,N,N,N,N,N,N,N,N,N,N,N,N,N,N,N,N,N,N,N,N,N,N,28.45044468,-81.427716292,458121.812188,3147176.543956,L,,ARBM15Q1R2,"June 10, 2023",2860784,-9064492.261320356,3305884.8491056594
2020884223580,2020,884223580,FHPD20OFF077561,FLORIDA HIGHWAY PATROL,05 FIFTH,ORANGE,"November 7, 2020",2345,SUNDAY,7546 ORLANDO,0746,N,CR 435,SR 438,0.009,W,28.5777082,-81.4761592,28.5779872,-81.4357306,75250000,7.264,06020,SR 438,,L LEFT,2 THRU LANE 2,S SOUTH,30 URBAN 6+LN 2WY DIVD RASD,04 COUNTY,03 INTERSECTION-RELATED,01 ON ROADWAY,01 NOT AT INTERSECTION,03 CURB,38,"September 8, 2019",16 URBAN MINOR ART,24,CURB&GUTTER,2,,0,,0,45,39500,RCI,6.1,,40,3 NO-INCAPACITATING INJURY,31 Q/C COMPLETED - LOC VERIFIED,0 NO,03 INFLUENCED BY INTERSECTION,04 DARK-LIGHTED,02 CLOUDY,02 WET,01 LEVEL,1 STRAIGHT,"TWO-WAY, DIVIDED, POSITIVE MED","TWO-WAY, DIVIDED, POSITIVE MED",TRAFFIC CONTROL SIGNAL,TRAFFIC CONTROL SIGNAL,5,NONE,NOT CODED,NOT CODED,NONE,NOT CODED,NOT CODED,14 MOTOR VEHICLE IN TRANSPORT,01 FRONT TO REAR,01 STRAIGHT AHEAD,NOT CODED,NO CONTRIBUTING ACTION,00 NOT CODED,00 NOT CODED,00 NOT CODED,00 NOT CODED,01 NO,1,0,0,0,1,0,2,1,N,N,N,Y,N,N,N,N,N,N,N,N,N,N,N,N,N,N,N,N,N,N,N,N,N,N,28.57808474,-81.435693105,457392.118252,3161319.97954,L,,ARBM15Q1R2,"June 10, 2023",2860793,-9065380.236754838,3322055.172208488
2020884223590,2020,884223590,FHPD20OFF077888,FLORIDA HIGHWAY PATROL,05 FIFTH,ORANGE,"November 8, 2020",2128,MONDAY,7546 ORLANDO,0746,N,SR 552,SR 551,0.038,E,28.5156582,-81.2895392,28.5156515,-81.2897349,75200000,2.72,02086,SR 551,,S SIDE RD RIGHT,2 THRU LANE 2,W WEST,20 URBAN 4-5LN 2WY DIVD RASD,03 STATE,01 NON-JUNCTION,01 ON ROADWAY,01 NOT AT INTERSECTION,03 CURB,36,"February 11, 2020",16 URBAN MINOR ART,26,PAVED,4,CURB&GUTTER,2,,0,22,43500,RCI,4.6,,45,1 NO INJURY,31 Q/C COMPLETED - LOC VERIFIED,0 NO,03 INFLUENCED BY INTERSECTION,04 DARK-LIGHTED,02 CLOUDY,02 WET,01 LEVEL,1 STRAIGHT,"TWO-WAY, DIVIDED, POSITIVE MED","TWO-WAY, DIVIDED, POSITIVE MED",NO CONTROLS,NO CONTROLS,4,NONE,NOT CODED,NOT CODED,NONE,NOT CODED,NOT CODED,14 MOTOR VEHICLE IN TRANSPORT,"04 SIDESWIPE, SAME DIRECTION",06 CHANGING LANES,NOT CODED,NO CONTRIBUTING ACTION,00 NOT CODED,00 NOT CODED,00 NOT CODED,00 NOT CODED,01 NO,0,0,0,0,1,0,2,2,N,N,N,Y,N,N,N,N,N,N,N,N,N,N,N,N,N,N,N,N,N,N,N,N,N,N,28.515252731,-81.289656919,471656.750486,3154315.906172,R,,ARBM15Q1R2,"June 10, 2023",2860794,-9049123.557961594,3314092.7346552066
2020884140010,2020,884140010,FHPD20OFF076725,FLORIDA HIGHWAY PATROL,05 FIFTH,ORANGE,"November 4, 2020",1619,THURSDAY,7546 ORLANDO,0746,N,LAKE MARGARET DR,SR 15,0.001,W,28.5060299,-81.3309799,28.5060484,-81.3308929,75080000,14.595,00198,SR 15,,T SIDE RD LEFT,R RIGHT TURN,E EAST,20 URBAN 4-5LN 2WY DIVD RASD,05 LOCAL,03 INTERSECTION-RELATED,01 ON ROADWAY,01 NOT AT INTERSECTION,03 CURB,27,"April 1, 2018",16 URBAN MINOR ART,22,CURB&GUTTER,2,,0,,0,22,34000,RCI,10.1,,40,2 POSSIBLE INJURY,31 Q/C COMPLETED - LOC VERIFIED,0 NO,03 INFLUENCED BY INTERSECTION,01 DAYLIGHT,01 CLEAR,01 DRY,01 LEVEL,1 STRAIGHT,"TWO-WAY, NOT DIVIDED",,TRAFFIC CONTROL SIGNAL,NOT CODED,4,NONE,NOT CODED,NOT CODED,NONE,NOT CODED,NOT CODED,10 PEDESTRIAN,77 OTHER (SEE NARRATIVE),05 TURNING RIGHT,OPERATED MV IN CARLESS OR NEGL,NOT CODED,00 NOT CODED,00 NOT CODED,00 NOT CODED,00 NOT CODED,01 NO,1,0,0,1,1,0,1,2,N,N,N,Y,N,N,N,N,N,N,Y,N,Y,N,Y,N,N,N,N,N,N,N,N,N,N,N,28.505998527,-81.330976906,467610.694016,3153301.138831,L,,ARBM15Q1R2,"June 10, 2023",2860836,-9053723.279308239,3312920.388938408
2020884140030,2020,884140030,FHPD20OFF077858,FLORIDA HIGHWAY PATROL,05 FIFTH,ORANGE,"November 8, 2020",1830,MONDAY,7546 ORLANDO,0746,N,ROUSE RD,SR 50,0.019,S,28.5678062,-81.2239635,28.5687143,-81.2236493,75060000,10.739,05191,SR 50,,S SIDE RD RIGHT,D DRIVEWAY,S SOUTH,30 URBAN 6+LN 2WY DIVD RASD,05 LOCAL,04 DRIVEWAY/ALLEY ACCESS RELATED,01 ON ROADWAY,01 NOT AT INTERSECTION,03 CURB,39,"September 9, 2019",14 URBAN PRIN ART OTHER,36,PAVED,4,CURB&GUTTER,2,,0,34,61500,RCI,1.4,,45,3 NO-INCAPACITATING INJURY,31 Q/C COMPLETED - LOC VERIFIED,0 NO,04 DRIVEWAY ACCESS,02 DUSK,02 CLOUDY,02 WET,01 LEVEL,1 STRAIGHT,"TWO-WAY, DIVIDED, POSITIVE MED","TWO-WAY, NOT DIVIDED",NO CONTROLS,STOP SIGN,6,NONE,NOT CODED,NOT CODED,NONE,NOT CODED,NOT CODED,14 MOTOR VEHICLE IN TRANSPORT,03 ANGLE,05 TURNING RIGHT,OPERATED MV IN CARLESS OR NEGL,NO CONTRIBUTING ACTION,00 NOT CODED,00 NOT CODED,00 NOT CODED,00 NOT CODED,01 NO,1,0,0,0,2,0,2,3,N,N,N,N,N,N,N,N,N,N,N,N,N,N,N,N,N,N,N,N,N,N,N,N,N,N,28.568655462,-81.223738773,478117.973041,3160218.298615,R,,ARBM15Q1R2,"June 10, 2023",2860837,-9041785.581643585,3320859.9369024863
2020884140050,2020,884140050,FHPD20OFF076955,FLORIDA HIGHWAY PATROL,05 FIFTH,ORANGE,"November 5, 2020",1523,FRIDAY,7546 ORLANDO,0746,N,SR 551,BATES RD,0,,28.58292,-81.2863799,28.5829433,-81.2863047,75200000,7.444,00311,SR 551,,R RIGHT,1 THRU LANE 1,S SOUTH,20 URBAN 4-5LN 2WY DIVD RASD,03 STATE,02 INTERSECTION,01 ON ROADWAY,02 FOUR-WAY INTERSECTION,03 CURB,29,"February 11, 2020",16 URBAN MINOR ART,26,CURB&GUTTER,2,,0,,0,16,34000,RCI,2.2,,45,1 NO INJURY,31 Q/C COMPLETED - LOC VERIFIED,0 NO,02 AT INTERSECTION,01 DAYLIGHT,01 CLEAR,01 DRY,01 LEVEL,1 STRAIGHT,"TWO-WAY, DIVIDED, POSITIVE MED","TWO-WAY, DIVIDED, POSITIVE MED",TRAFFIC CONTROL SIGNAL,TRAFFIC CONTROL SIGNAL,4,NONE,NOT CODED,NOT CODED,NONE,NOT CODED,NOT CODED,14 MOTOR VEHICLE IN TRANSPORT,03 ANGLE,03 TURNING LEFT,FAILED TO YIELD RIGHT-OF-WAY,NO CONTRIBUTING ACTION,00 NOT CODED,00 NOT CODED,00 NOT CODED,00 NOT CODED,01 NO,0,0,0,0,2,0,2,2,N,N,N,Y,N,N,N,N,N,N,N,N,N,N,N,N,N,N,N,N,N,N,N,N,N,N,28.582923396,-81.286227085,472010.263659,3161811.981205,R,,ARBM15Q1R2,"June 10, 2023",2860838,-9048741.75074687,3322668.5524583925
2020884218480,2020,884218480,FHPD20OFF088100,FLORIDA HIGHWAY PATROL,05 FIFTH,ORANGE,"December 18, 2020",2348,SATURDAY,7546 ORLANDO,0746,N,SR 50,ALAFAYA TRAIL,0,,28.56679,-81.2075499,28.5668355,-81.2073803,75060000,11.736,05199,SR 50,,R RIGHT,1 THRU LANE 1,W WEST,30 URBAN 6+LN 2WY DIVD RASD,03 STATE,02 INTERSECTION,01 ON ROADWAY,02 FOUR-WAY INTERSECTION,03 CURB,39,"September 9, 2019",14 URBAN PRIN ART OTHER,36,PAVED,4,CURB&GUTTER,2,,0,34,61500,RCI,1.4,,45,1 NO INJURY,31 Q/C COMPLETED - LOC VERIFIED,0 NO,02 AT INTERSECTION,04 DARK-LIGHTED,01 CLEAR,01 DRY,01 LEVEL,1 STRAIGHT,"TWO-WAY, DIVIDED, POSITIVE MED","TWO-WAY, DIVIDED, POSITIVE MED",TRAFFIC CONTROL SIGNAL,TRAFFIC CONTROL SIGNAL,6,NONE,NOT CODED,NOT CODED,NONE,NOT CODED,NOT CODED,14 MOTOR VEHICLE IN TRANSPORT,03 ANGLE,03 TURNING LEFT,OTHER CONTRIBUTING ACTION,OTHER CONTRIBUTING ACTION,00 NOT CODED,00 NOT CODED,00 NOT CODED,00 NOT CODED,01 NO,0,0,0,0,2,0,2,2,N,N,N,Y,N,N,N,N,N,N,N,N,N,N,N,N,N,N,N,N,N,N,N,N,N,N,28.566778106,-81.207476636,479708.081052,3160007.454072,R,,ARBM15Q1R2,"June 10, 2023",2860842,-9039975.288247589,3320621.9799284753
2020884128160,2020,884128160,FHPD20OFF082516,FLORIDA HIGHWAY PATROL,08 TURNPIKE,ORANGE,"November 26, 2020",0845,FRIDAY,7546 ORLANDO,0746,N,SR 528,JOHN YOUNG PKWY,0,,28.41965,-81.42291,28.4251649,-81.4223984,75471129,0.276,04120,SR 528,,L LEFT,X RAMP,N NORTH,08 RAMP RURAL,04 COUNTY,03 INTERSECTION-RELATED,01 ON ROADWAY,03 T-INTERSECTION,03 CURB,0,"December 31, 2000",,36,PAVED,4,LAWN,8,,0,,5300,RCI,14.7,,,1 NO INJURY,31 Q/C COMPLETED - LOC VERIFIED,0 NO,08 EXIT RAMP,01 DAYLIGHT,01 CLEAR,01 DRY,01 LEVEL,1 STRAIGHT,"TWO-WAY, DIVIDED, POSITIVE MED","TWO-WAY, DIVIDED, POSITIVE MED",NO CONTROLS,TRAFFIC CONTROL SIGNAL,3,NONE,NOT CODED,NOT CODED,NONE,NOT CODED,NOT CODED,14 MOTOR VEHICLE IN TRANSPORT,03 ANGLE,01 STRAIGHT AHEAD,NO CONTRIBUTING ACTION,NO CONTRIBUTING ACTION,00 NOT CODED,00 NOT CODED,00 NOT CODED,00 NOT CODED,01 NO,0,0,0,0,2,0,2,2,N,N,N,N,N,N,N,N,N,N,N,N,N,N,N,N,N,N,N,N,N,Y,N,N,Y,N,28.425162361,-81.422402657,458632.248108,3144373.831994,O,,ARBM15Q1R2,"June 10, 2023",2860845,-9063900.749983734,3302684.2292308807