Crash Id,Calendar Year,FDOT Crash Number,Reporting Agency Case Number,Reporting Agency Type,FDOT Managing District,County Name,Crash Date,Crash Time,Day,DHSMV City,Crash Report City Code,In Town,On Roadway Name,Int Roadway Name,Reference Distance (Miles),Reference Direction,Officer Latitude,Officer Longitude,FDOT Latitude,FDOT Longitude,FDOT Roadway,Nearest Inventory MP,Nearest Node From Crash,State Road #,US Highway,Crash Side of Road,Accident Lane Number,Travel Direction Vehicle 1,FDOT Road Category,DHSMV Road System Id,Relation to Junction,Crash Harmful Event Location,Intersection Type,Shoulder Type,FDOT Roadway SKID Test Result,FDOT Roadway SKID Test Date,Functional Class,RCI Surface Width,RCI Shoulder Type First,RCI Shoulder Width First,RCI Shoulder Type Second,RCI Shoulder Width Second,RCI Shoulder Type Third,RCI Shoulder Width Third,RCI Median Width,Avg Daily Traffic,AADT Source,RCI Avg Per Truck Traffic,RCI Horiz Curve Condition,Posted Speed Limit,Highest Injury in Crash,CAR Status Code,Alcohols/Drug Involved,Site Location,Lighting,Weather,Road Surface,Roadway Grade,Roadway Alignment,Traffic Way Vehicle 1,Traffic Way Vehicle 2,Traffic Control Vehicle 1,Traffic Control Vehicle 2,Count of Lanes,Road Condition 1,Road Condition 2,Road Condition 3,Environment Condition 1,Environment Condition 2,Environment Condition 3,Crash Harmful Event,Manner of Collision,Vehicle Movement,Driver Action Vehicle 1,Driver Action Vehicle 2,Location Within Workzone,Type of Workzone,Workers Present in Workzone,Law Enforcement Present in Workzone,School Bus Related,Count of Nonfatal Injuries,Count of Traffic Fatalities,Count of Serious Injuries,Count of Pedestrians,Count of Drivers,Count of Bicyclists,Count of Vehicles,Count of Persons,Wrong Way,Workzone Inv,Commercial Vehicle Inv,Intersection Inv,Lane Departure,Speeding,Agressive Driving,Impaired Driver,Impaired Pedestrian,Impaired Bicyclist,Distracted Driver,Speeding or Aggressive Driving,Pedestrian Related,Bicyclist Related,Pedestrian or Bicyclist Related,Motorcycle Inv,No Belt,No Belt - Ages 1-4,No Belt - Ages 5-12,No Belt - Ages 13-17,Driver - Ages Teen,Driver - Ages 65 plus,Driver - Ages 65-69,Driver - Ages 70-74,Driver - Ages 75-79,Driver - Ages 80 plus,ARBM Latitude,ARBM Longitude,UTM Zone 17N X,UTM Zone 17N Y,ARBM Side of Road,Urban Rural Indicator,GIS Street Source,Extract Date,OBJECTID,x,y
2020883957350,2020,883957350,FHPK20OFF057991,FLORIDA HIGHWAY PATROL,08 TURNPIKE,ORANGE,"December 10, 2020",2145,FRIDAY,7546 ORLANDO,0746,N,SR 91,MILE MARKER #259,0.379,N,28.4771399,-81.44794,28.4727003,-81.4446806,75470000,9.897,08822,SR 91,,L LEFT,4 THRU LANE 4,S SOUTH,03 TOLL ROAD URBAN,03 STATE,01 NON-JUNCTION,01 ON ROADWAY,01 NOT AT INTERSECTION,01 PAVED,40,"November 11, 2019",12 URBAN PRIN ART EXPR.,48,PAVED WARN,10,LAWN,12,,0,26,112000,RCI,17.8,,70,3 NO-INCAPACITATING INJURY,31 Q/C COMPLETED - LOC VERIFIED,0 NO,01 NOT AT INTERSECTION/RRX/BRIDGE,04 DARK-LIGHTED,01 CLEAR,01 DRY,01 LEVEL,1 STRAIGHT,"TWO-WAY, DIVIDED, POSITIVE MED","TWO-WAY, DIVIDED, POSITIVE MED",NO CONTROLS,NO CONTROLS,8,NONE,NOT CODED,NOT CODED,NONE,NOT CODED,NOT CODED,14 MOTOR VEHICLE IN TRANSPORT,01 FRONT TO REAR,01 STRAIGHT AHEAD,OPERATED MV IN CARLESS OR NEGL,NO CONTRIBUTING ACTION,00 NOT CODED,00 NOT CODED,00 NOT CODED,00 NOT CODED,01 NO,4,0,0,0,3,0,3,4,N,N,N,N,N,N,N,N,N,N,Y,N,N,N,N,N,N,N,N,N,Y,N,N,N,N,N,28.472541774,-81.444834068,456454.830941,3149630.638087,L,,ARBM15Q1R2,"June 10, 2023",2861067,-9066397.804124298,3308682.861555016
2020883963290,2020,883963290,FHPD20OFF075771,FLORIDA HIGHWAY PATROL,05 FIFTH,ORANGE,"October 31, 2020",2010,SUNDAY,7539 MOUNT DORA,0739,N,US 441,ONEIDA DR,0.009,S,28.75308,-81.6232799,0,0,75020000,20.577,00667,SR 500,US 441,R RIGHT,1 THRU LANE 1,N NORTH,23 SUBURBAN 4-5LN 2WY DIVD RASD,02 U.S.,01 NON-JUNCTION,01 ON ROADWAY,01 NOT AT INTERSECTION,02 UNPAVED,35,"January 22, 2020",14 URBAN PRIN ART OTHER,24,PAVED,4,LAWN,8,,0,40,26000,RCI,3.5,2D0200,55,4 INCAPACITATING INJURY,31 Q/C COMPLETED - LOC VERIFIED,0 NO,03 INFLUENCED BY INTERSECTION,05 DARK-NOT LIGHTED,03 RAIN,02 WET,01 LEVEL,1 STRAIGHT,"TWO-WAY, DIVIDED, POSITIVE MED","TWO-WAY, DIVIDED, POSITIVE MED",NO CONTROLS,NO CONTROLS,4,NONE,NOT CODED,NOT CODED,NONE,NOT CODED,NOT CODED,14 MOTOR VEHICLE IN TRANSPORT,01 FRONT TO REAR,01 STRAIGHT AHEAD,OPERATED MV IN CARLESS OR NEGL,NO CONTRIBUTING ACTION,00 NOT CODED,00 NOT CODED,00 NOT CODED,00 NOT CODED,01 NO,1,0,1,0,2,0,2,2,N,N,N,Y,N,N,N,N,N,N,Y,N,N,N,N,N,N,N,N,N,N,N,N,N,N,N,28.752938612,-81.623188813,439157.02932,3180773.00496,R,,ARBM15Q1R2,"June 10, 2023",2861078,-9086252.170327716,3344238.763813169
2020884317110,2020,884317110,FHPD20OFF084727,FLORIDA HIGHWAY PATROL,05 FIFTH,ORANGE,"December 5, 2020",1955,SUNDAY,7546 ORLANDO,0746,N,SR 15,LEEVISTA BLVD,0,,28.4660699,-81.27611,28.4659225,-81.2758171,75080000,9.017,02037,SR 15,,L LEFT,2 THRU LANE 2,S SOUTH,20 URBAN 4-5LN 2WY DIVD RASD,03 STATE,02 INTERSECTION,01 ON ROADWAY,02 FOUR-WAY INTERSECTION,01 PAVED,43,"January 9, 2019",16 URBAN MINOR ART,22,PAVED,4,CURB&GUTTER,2,CURB&GUTTER,2,41,22500,RCI,7.8,,45,3 NO-INCAPACITATING INJURY,31 Q/C COMPLETED - LOC VERIFIED,0 NO,02 AT INTERSECTION,04 DARK-LIGHTED,01 CLEAR,01 DRY,01 LEVEL,1 STRAIGHT,"TWO-WAY, DIVIDED, POSITIVE MED","TWO-WAY, DIVIDED, POSITIVE MED",TRAFFIC CONTROL SIGNAL,TRAFFIC CONTROL SIGNAL,4,NONE,NOT CODED,NOT CODED,NONE,NOT CODED,NOT CODED,14 MOTOR VEHICLE IN TRANSPORT,02 FRONT TO FRONT,01 STRAIGHT AHEAD,RAN RED LIGHT,NO CONTRIBUTING ACTION,00 NOT CODED,00 NOT CODED,00 NOT CODED,00 NOT CODED,01 NO,2,0,0,0,2,0,2,3,N,N,N,Y,N,N,N,N,N,N,N,N,N,N,N,N,N,N,N,N,N,Y,N,N,N,Y,28.465834575,-81.275953784,472985.045168,3148838.016474,L,,ARBM15Q1R2,"June 10, 2023",2861083,-9047598.1313812,3307833.510986831
2020884317140,2020,884317140,FHPD20OFF085469,FLORIDA HIGHWAY PATROL,05 FIFTH,ORANGE,"December 8, 2020",1741,WEDNESDAY,7546 ORLANDO,0746,N,CR 435,SR 438,0.019,W,28.5771413,-81.4761011,28.5779894,-81.4358958,75250000,7.254,06020,SR 438,,R RIGHT,2 THRU LANE 2,N NORTH,30 URBAN 6+LN 2WY DIVD RASD,04 COUNTY,01 NON-JUNCTION,01 ON ROADWAY,01 NOT AT INTERSECTION,01 PAVED,38,"September 8, 2019",16 URBAN MINOR ART,24,CURB&GUTTER,2,,0,,0,45,39500,RCI,6.1,,40,1 NO INJURY,31 Q/C COMPLETED - LOC VERIFIED,1 ALC,03 INFLUENCED BY INTERSECTION,04 DARK-LIGHTED,01 CLEAR,01 DRY,01 LEVEL,1 STRAIGHT,"TWO-WAY, DIVIDED, UNPROTECTED","TWO-WAY, DIVIDED, UNPROTECTED",NO CONTROLS,NO CONTROLS,5,NONE,NOT CODED,NOT CODED,NONE,NOT CODED,NOT CODED,14 MOTOR VEHICLE IN TRANSPORT,03 ANGLE,01 STRAIGHT AHEAD,OPERATED MV IN CARLESS OR NEGL,NO CONTRIBUTING ACTION,00 NOT CODED,00 NOT CODED,00 NOT CODED,00 NOT CODED,01 NO,0,0,0,0,2,0,2,5,N,N,N,Y,N,N,N,Y,N,N,N,N,N,N,N,N,N,N,N,N,N,Y,Y,N,N,N,28.577799927,-81.435825485,457379.057394,3161288.473228,R,,ARBM15Q1R2,"June 10, 2023",2861084,-9065394.973309847,3322019.068283111
2020884317180,2020,884317180,FHPD20OFF085766,FLORIDA HIGHWAY PATROL,05 FIFTH,ORANGE,"December 9, 2020",2016,THURSDAY,7546 ORLANDO,0746,N,SR 482,CR 423,0.009,W,28.45045,-81.4278099,28.450344,-81.4277254,75002000,2.972,01683,SR 482,,R RIGHT,R RIGHT TURN,E EAST,33 SUBURBAN 6+LN 2WY DIVD RASD,03 STATE,03 INTERSECTION-RELATED,01 ON ROADWAY,02 FOUR-WAY INTERSECTION,01 PAVED,35,"March 3, 2020",16 URBAN MINOR ART,36,PAVED,4,LAWN,6,,0,40,59000,RCI,5.3,,45,2 POSSIBLE INJURY,31 Q/C COMPLETED - LOC VERIFIED,0 NO,03 INFLUENCED BY INTERSECTION,05 DARK-NOT LIGHTED,01 CLEAR,01 DRY,01 LEVEL,1 STRAIGHT,"TWO-WAY, DIVIDED, POSITIVE MED","TWO-WAY, DIVIDED, POSITIVE MED",TRAFFIC CONTROL SIGNAL,TRAFFIC CONTROL SIGNAL,5,NONE,NOT CODED,NOT CODED,NONE,NOT CODED,NOT CODED,24 CURB,77 OTHER (SEE NARRATIVE),77 OTHER (SEE NARRATIVE),NOT CODED,NO CONTRIBUTING ACTION,00 NOT CODED,00 NOT CODED,00 NOT CODED,00 NOT CODED,01 NO,1,0,0,0,1,0,2,1,N,N,N,Y,N,N,N,N,N,N,N,N,N,N,N,N,N,N,N,N,N,N,N,N,N,N,28.45023468,-81.427717903,458121.57168,3147153.279842,R,,ARBM15Q1R2,"June 10, 2023",2861085,-9064492.440683195,3305858.2608555774
2020883790500,2020,883790500,FHPD20OFF069511,FLORIDA HIGHWAY PATROL,05 FIFTH,ORANGE,"October 8, 2020",1238,FRIDAY,7546 ORLANDO,0746,N,OLD WINTER GARDEN RD,KIRKMAN RD S,0.009,W,28.5379694,-81.4581681,28.5380691,-81.4581659,75270000,6.103,00128,SR 435,,T SIDE RD LEFT,2 THRU LANE 2,E EAST,33 SUBURBAN 6+LN 2WY DIVD RASD,04 COUNTY,03 INTERSECTION-RELATED,01 ON ROADWAY,01 NOT AT INTERSECTION,03 CURB,30,"February 11, 2020",14 URBAN PRIN ART OTHER,36,PAVED,4,LAWN,7,,0,32,59500,RCI,6.1,,45,2 POSSIBLE INJURY,31 Q/C COMPLETED - LOC VERIFIED,0 NO,03 INFLUENCED BY INTERSECTION,01 DAYLIGHT,01 CLEAR,01 DRY,01 LEVEL,1 STRAIGHT,"TWO-WAY, DIVIDED, POSITIVE MED","TWO-WAY, DIVIDED, POSITIVE MED",TRAFFIC CONTROL SIGNAL,TRAFFIC CONTROL SIGNAL,6,NONE,NOT CODED,NOT CODED,NONE,NOT CODED,NOT CODED,14 MOTOR VEHICLE IN TRANSPORT,01 FRONT TO REAR,01 STRAIGHT AHEAD,OPERATED MV IN CARLESS OR NEGL,NO CONTRIBUTING ACTION,00 NOT CODED,00 NOT CODED,00 NOT CODED,00 NOT CODED,01 NO,1,0,0,0,2,0,2,4,N,N,N,Y,N,N,N,N,N,N,Y,N,N,N,N,N,N,N,N,N,N,N,N,N,N,N,28.538095963,-81.458248608,455169.376474,3156898.009883,L,,ARBM15Q1R2,"June 10, 2023",2861089,-9067891.104458721,3316987.0120864487
2020883790510,2020,883790510,FHPD20OFF069605,FLORIDA HIGHWAY PATROL,05 FIFTH,ORANGE,"October 8, 2020",1627,FRIDAY,7546 ORLANDO,0746,N,SR 535,VINELAND AVE,0.001,S,28.3741585,-81.5038394,28.3740314,-81.5038876,75035001,2.144,03268,SR 535,,R RIGHT,1 THRU LANE 1,N NORTH,30 URBAN 6+LN 2WY DIVD RASD,03 STATE,03 INTERSECTION-RELATED,01 ON ROADWAY,02 FOUR-WAY INTERSECTION,03 CURB,31,"September 10, 2019",16 URBAN MINOR ART,38,CURB&GUTTER,2,,0,,0,21,33000,RCI,6.7,,45,1 NO INJURY,31 Q/C COMPLETED - LOC VERIFIED,0 NO,03 INFLUENCED BY INTERSECTION,01 DAYLIGHT,01 CLEAR,01 DRY,01 LEVEL,1 STRAIGHT,"TWO-WAY, DIVIDED, POSITIVE MED","TWO-WAY, DIVIDED, POSITIVE MED",TRAFFIC CONTROL SIGNAL,TRAFFIC CONTROL SIGNAL,6,NONE,NOT CODED,NOT CODED,NONE,NOT CODED,NOT CODED,14 MOTOR VEHICLE IN TRANSPORT,01 FRONT TO REAR,01 STRAIGHT AHEAD,OPERATED MV IN CARLESS OR NEGL,NO CONTRIBUTING ACTION,00 NOT CODED,00 NOT CODED,00 NOT CODED,00 NOT CODED,01 NO,0,0,0,0,2,0,2,2,N,N,N,Y,N,N,N,N,N,N,Y,N,N,N,N,N,N,N,N,N,N,N,N,N,N,N,28.374095998,-81.503826772,450634.260627,3138747.180303,R,,ARBM15Q1R2,"June 10, 2023",2861090,-9072964.843413439,3296221.8031160133
2020883790520,2020,883790520,FHPD20OFF070361,FLORIDA HIGHWAY PATROL,05 FIFTH,ORANGE,"October 11, 2020",1448,MONDAY,7546 ORLANDO,0746,N,US 441,39TH ST,0.002,S,28.5034731,-81.3968188,28.5037072,-81.3968906,75010000,10.781,01939,SR 500,US 17,R RIGHT,3 THRU LANE 3,N NORTH,30 URBAN 6+LN 2WY DIVD RASD,02 U.S.,01 NON-JUNCTION,01 ON ROADWAY,01 NOT AT INTERSECTION,03 CURB,38,"March 1, 2020",14 URBAN PRIN ART OTHER,32,CURB&GUTTER,2,,0,,0,15,58500,RCI,6.2,,40,1 NO INJURY,31 Q/C COMPLETED - LOC VERIFIED,0 NO,03 INFLUENCED BY INTERSECTION,01 DAYLIGHT,01 CLEAR,01 DRY,01 LEVEL,1 STRAIGHT,"TWO-WAY, DIVIDED, POSITIVE MED","TWO-WAY, DIVIDED, POSITIVE MED",NO CONTROLS,NO CONTROLS,6,NONE,NOT CODED,NOT CODED,NONE,NOT CODED,NOT CODED,14 MOTOR VEHICLE IN TRANSPORT,"04 SIDESWIPE, SAME DIRECTION",17 ENTERING TRAFFIC LANE,FAILED TO KEEP IN PROPER LANE,NO CONTRIBUTING ACTION,00 NOT CODED,00 NOT CODED,00 NOT CODED,00 NOT CODED,01 NO,0,0,0,0,2,0,2,6,N,N,N,Y,N,N,N,N,N,N,Y,N,N,N,N,N,N,N,N,N,N,N,N,N,N,N,28.503721311,-81.396816887,461166.726533,3153068.38812,R,,ARBM15Q1R2,"June 10, 2023",2861091,-9061052.55459916,3312631.9211036353
2020884057840,2020,884057840,FHPD20OFF075174,FLORIDA HIGHWAY PATROL,05 FIFTH,ORANGE,"October 29, 2020",1854,FRIDAY,7546 ORLANDO,0746,N,US 441,34TH ST,0.011,N,28.5081743,-81.3970187,28.5082943,-81.3969257,75010000,11.097,01944,SR 500,US 17,L LEFT,3 THRU LANE 3,S SOUTH,20 URBAN 4-5LN 2WY DIVD RASD,03 STATE,03 INTERSECTION-RELATED,01 ON ROADWAY,01 NOT AT INTERSECTION,03 CURB,35,"March 1, 2020",14 URBAN PRIN ART OTHER,24,CURB&GUTTER,2,,0,,0,15,58500,RCI,6.2,,35,1 NO INJURY,31 Q/C COMPLETED - LOC VERIFIED,0 NO,03 INFLUENCED BY INTERSECTION,01 DAYLIGHT,01 CLEAR,01 DRY,01 LEVEL,1 STRAIGHT,"TWO-WAY, DIVIDED, POSITIVE MED","TWO-WAY, DIVIDED, POSITIVE MED",NO CONTROLS,NO CONTROLS,4,NONE,NOT CODED,NOT CODED,NONE,NOT CODED,NOT CODED,14 MOTOR VEHICLE IN TRANSPORT,"04 SIDESWIPE, SAME DIRECTION",06 CHANGING LANES,FAILED TO KEEP IN PROPER LANE,NO CONTRIBUTING ACTION,00 NOT CODED,00 NOT CODED,00 NOT CODED,00 NOT CODED,01 NO,0,0,0,0,2,0,2,2,N,N,Y,Y,N,N,N,N,N,N,Y,N,N,N,N,N,N,N,N,N,N,N,N,N,N,N,28.508313883,-81.397016887,461148.83656,3153577.239937,L,,ARBM15Q1R2,"June 10, 2023",2861097,-9061074.818431247,3313213.694102888
2020884057850,2020,884057850,FHPD20OFF075139,FLORIDA HIGHWAY PATROL,05 FIFTH,ORANGE,"October 29, 2020",1650,FRIDAY,7546 ORLANDO,0746,N,CR 423,SR 482,0.013,S,28.45024,-81.4278098,28.450345,-81.4275775,75002000,2.981,01683,SR 482,,S SIDE RD RIGHT,L LEFT TURN,N NORTH,33 SUBURBAN 6+LN 2WY DIVD RASD,04 COUNTY,03 INTERSECTION-RELATED,01 ON ROADWAY,01 NOT AT INTERSECTION,03 CURB,35,"March 3, 2020",16 URBAN MINOR ART,36,PAVED,4,LAWN,6,,0,40,59000,RCI,5.3,,45,1 NO INJURY,31 Q/C COMPLETED - LOC VERIFIED,0 NO,03 INFLUENCED BY INTERSECTION,01 DAYLIGHT,01 CLEAR,01 DRY,01 LEVEL,1 STRAIGHT,"TWO-WAY, DIVIDED, POSITIVE MED","TWO-WAY, DIVIDED, POSITIVE MED",NO CONTROLS,NO CONTROLS,5,NONE,NOT CODED,NOT CODED,NONE,NOT CODED,NOT CODED,14 MOTOR VEHICLE IN TRANSPORT,01 FRONT TO REAR,01 STRAIGHT AHEAD,OPERATED MV IN CARLESS OR NEGL,NO CONTRIBUTING ACTION,00 NOT CODED,00 NOT CODED,00 NOT CODED,00 NOT CODED,01 NO,0,0,0,0,2,0,2,2,N,N,N,Y,N,N,N,N,N,N,Y,N,N,N,N,N,N,N,N,N,N,N,N,N,N,N,28.45023468,-81.427569608,458136.091645,3147153.228245,R,,ARBM15Q1R2,"June 10, 2023",2861098,-9064475.932564665,3305858.2608898906
2020884057900,2020,884057900,FHPD20OFF075696,FLORIDA HIGHWAY PATROL,05 FIFTH,ORANGE,"October 31, 2020",1548,SUNDAY,7546 ORLANDO,0746,N,SR 50,5TH ST,0.038,W,28.5539087,-81.1078189,28.5510887,-81.5792662,75050000,4.813,05008,SR 50,,R RIGHT,1 THRU LANE 1,E EAST,30 URBAN 6+LN 2WY DIVD RASD,03 STATE,01 NON-JUNCTION,01 ON ROADWAY,01 NOT AT INTERSECTION,03 CURB,38,"April 1, 2018",14 URBAN PRIN ART OTHER,36,PAVED,4,CURB&GUTTER,2,,0,30,54500,RCI,4.6,,45,2 POSSIBLE INJURY,31 Q/C COMPLETED - LOC VERIFIED,0 NO,03 INFLUENCED BY INTERSECTION,01 DAYLIGHT,01 CLEAR,01 DRY,01 LEVEL,1 STRAIGHT,"TWO-WAY, DIVIDED, POSITIVE MED","TWO-WAY, DIVIDED, POSITIVE MED",NO CONTROLS,NO CONTROLS,6,NONE,NOT CODED,NOT CODED,NONE,NOT CODED,NOT CODED,14 MOTOR VEHICLE IN TRANSPORT,01 FRONT TO REAR,01 STRAIGHT AHEAD,OPERATED MV IN CARLESS OR NEGL,NO CONTRIBUTING ACTION,00 NOT CODED,00 NOT CODED,00 NOT CODED,00 NOT CODED,01 NO,1,0,0,0,2,0,2,2,N,N,N,Y,N,N,N,N,N,N,Y,N,N,N,N,N,N,N,N,N,Y,N,N,N,N,N,28.550971693,-81.57934441,443329.225739,3158375.723742,R,,ARBM15Q1R2,"June 10, 2023",2861099,-9081371.431567486,3318618.6658731992
2020884434410,2020,884434410,FHPD20OFF088869,FLORIDA HIGHWAY PATROL,05 FIFTH,ORANGE,"December 21, 2020",1832,TUESDAY,7546 ORLANDO,0746,N,SR 535,SR 536,0.1,S,28.356111,-81.4958367,28.3562292,-81.4960992,75035001,0.795,04900,SR 535,,R RIGHT,R RIGHT TURN,N NORTH,33 SUBURBAN 6+LN 2WY DIVD RASD,03 STATE,03 INTERSECTION-RELATED,01 ON ROADWAY,01 NOT AT INTERSECTION,02 UNPAVED,35,"September 10, 2019",16 URBAN MINOR ART,36,PAVED,5,LAWN,12,,0,42,53000,RCI,7.8,,50,1 NO INJURY,31 Q/C COMPLETED - LOC VERIFIED,0 NO,01 NOT AT INTERSECTION/RRX/BRIDGE,01 DAYLIGHT,01 CLEAR,01 DRY,01 LEVEL,1 STRAIGHT,"TWO-WAY, DIVIDED, POSITIVE MED","TWO-WAY, DIVIDED, POSITIVE MED",NO CONTROLS,NO CONTROLS,6,NONE,NOT CODED,NOT CODED,NONE,NOT CODED,NOT CODED,14 MOTOR VEHICLE IN TRANSPORT,01 FRONT TO REAR,01 STRAIGHT AHEAD,OPERATED MV IN CARLESS OR NEGL,NO CONTRIBUTING ACTION,00 NOT CODED,00 NOT CODED,00 NOT CODED,00 NOT CODED,01 NO,0,0,0,0,3,0,3,8,N,N,N,N,N,N,N,N,N,N,Y,N,N,N,N,N,N,N,N,N,N,N,N,N,N,N,28.356292348,-81.496020738,451391.00633,3136771.661201,R,,ARBM15Q1R2,"June 10, 2023",2861104,-9072095.879435996,3293969.4907678906
2020884129610,2020,884129610,FHPD20OFF084865,FLORIDA HIGHWAY PATROL,05 FIFTH,ORANGE,"December 6, 2020",1120,MONDAY,7546 ORLANDO,0746,N,CLARCONA OCOEE RD,ORANGE BLOSSOM TRL N,0.012,W,28.6127299,-81.43245,28.6127882,-81.4323907,75020000,4.835,00604,SR 500,US 441,T SIDE RD LEFT,2 THRU LANE 2,E EAST,20 URBAN 4-5LN 2WY DIVD RASD,04 COUNTY,01 NON-JUNCTION,01 ON ROADWAY,01 NOT AT INTERSECTION,01 PAVED,40,"January 22, 2020",14 URBAN PRIN ART OTHER,23,CURB&GUTTER,2,,0,,0,20,31500,RCI,4.6,0D3000,45,1 NO INJURY,31 Q/C COMPLETED - LOC VERIFIED,0 NO,03 INFLUENCED BY INTERSECTION,01 DAYLIGHT,02 CLOUDY,02 WET,01 LEVEL,1 STRAIGHT,"TWO-WAY, DIVIDED, POSITIVE MED","TWO-WAY, DIVIDED, POSITIVE MED",NO CONTROLS,TRAFFIC CONTROL SIGNAL,4,NONE,NOT CODED,NOT CODED,NONE,NOT CODED,NOT CODED,14 MOTOR VEHICLE IN TRANSPORT,01 FRONT TO REAR,01 STRAIGHT AHEAD,OPERATED MV IN CARLESS OR NEGL,NO CONTRIBUTING ACTION,00 NOT CODED,00 NOT CODED,00 NOT CODED,00 NOT CODED,01 NO,0,0,0,0,2,0,2,2,N,N,N,Y,N,N,N,N,N,N,Y,N,N,N,N,N,N,N,N,N,N,N,N,N,N,N,28.61278616,-81.432542569,457714.114065,3165163.312019,L,,ARBM15Q1R2,"June 10, 2023",2861404,-9065029.520811265,3326454.776681082
2020884223260,2020,884223260,FHPD20OFF086854,FLORIDA HIGHWAY PATROL,05 FIFTH,ORANGE,"December 14, 2020",1124,TUESDAY,7546 ORLANDO,0746,N,SR 438,POWERS DR,0,,28.57779,-81.4677599,28.5776981,-81.4678045,75250000,5.314,06003,SR 438,,R RIGHT,3 THRU LANE 3,E EAST,30 URBAN 6+LN 2WY DIVD RASD,03 STATE,02 INTERSECTION,01 ON ROADWAY,02 FOUR-WAY INTERSECTION,01 PAVED,38,"September 8, 2019",16 URBAN MINOR ART,36,CURB&GUTTER,2,,0,,0,20,40000,RCI,6.1,1D00,40,4 INCAPACITATING INJURY,31 Q/C COMPLETED - LOC VERIFIED,0 NO,02 AT INTERSECTION,01 DAYLIGHT,01 CLEAR,01 DRY,01 LEVEL,1 STRAIGHT,"TWO-WAY, DIVIDED, POSITIVE MED","TWO-WAY, NOT DIVIDED",TRAFFIC CONTROL SIGNAL,TRAFFIC CONTROL SIGNAL,6,NONE,NOT CODED,NOT CODED,NONE,NOT CODED,NOT CODED,14 MOTOR VEHICLE IN TRANSPORT,03 ANGLE,01 STRAIGHT AHEAD,RAN RED LIGHT,NO CONTRIBUTING ACTION,00 NOT CODED,00 NOT CODED,00 NOT CODED,00 NOT CODED,01 NO,7,0,2,0,3,0,3,7,N,N,N,Y,N,N,N,N,N,N,Y,N,N,N,N,N,N,N,N,N,N,Y,Y,N,N,N,28.577624905,-81.467750283,454256.904145,3161280.859605,R,,ARBM15Q1R2,"June 10, 2023",2861448,-9068948.82670156,3321996.8819336784
2020884223270,2020,884223270,FHPD20OFF087605,FLORIDA HIGHWAY PATROL,05 FIFTH,ORANGE,"December 17, 2020",0745,FRIDAY,7546 ORLANDO,0746,N,SR 50,LAKE BERGE RD,0.024,E,28.56799,-81.21684,28.5682183,-81.2193078,75060000,11.005,05193,SR 50,,L LEFT,1 THRU LANE 1,W WEST,30 URBAN 6+LN 2WY DIVD RASD,03 STATE,01 NON-JUNCTION,01 ON ROADWAY,01 NOT AT INTERSECTION,01 PAVED,39,"September 9, 2019",14 URBAN PRIN ART OTHER,36,PAVED,4,CURB&GUTTER,2,,0,34,61500,RCI,1.4,,45,2 POSSIBLE INJURY,31 Q/C COMPLETED - LOC VERIFIED,0 NO,03 INFLUENCED BY INTERSECTION,01 DAYLIGHT,01 CLEAR,01 DRY,01 LEVEL,1 STRAIGHT,"TWO-WAY, DIVIDED, POSITIVE MED","TWO-WAY, DIVIDED, POSITIVE MED",TRAFFIC CONTROL SIGNAL,TRAFFIC CONTROL SIGNAL,6,NONE,NOT CODED,NOT CODED,NONE,NOT CODED,NOT CODED,14 MOTOR VEHICLE IN TRANSPORT,01 FRONT TO REAR,01 STRAIGHT AHEAD,OPERATED MV IN CARLESS OR NEGL,NO CONTRIBUTING ACTION,00 NOT CODED,00 NOT CODED,00 NOT CODED,00 NOT CODED,01 NO,2,0,0,0,3,0,3,3,N,N,Y,Y,N,N,N,N,N,N,Y,N,N,N,N,N,N,N,N,N,N,N,N,N,N,N,28.568289407,-81.219465608,478535.822591,3160176.972307,L,,ARBM15Q1R2,"June 10, 2023",2861449,-9041309.89488809,3320813.53870347