Crash Id,Calendar Year,FDOT Crash Number,Reporting Agency Case Number,Reporting Agency Type,FDOT Managing District,County Name,Crash Date,Crash Time,Day,DHSMV City,Crash Report City Code,In Town,On Roadway Name,Int Roadway Name,Reference Distance (Miles),Reference Direction,Officer Latitude,Officer Longitude,FDOT Latitude,FDOT Longitude,FDOT Roadway,Nearest Inventory MP,Nearest Node From Crash,State Road #,US Highway,Crash Side of Road,Accident Lane Number,Travel Direction Vehicle 1,FDOT Road Category,DHSMV Road System Id,Relation to Junction,Crash Harmful Event Location,Intersection Type,Shoulder Type,FDOT Roadway SKID Test Result,FDOT Roadway SKID Test Date,Functional Class,RCI Surface Width,RCI Shoulder Type First,RCI Shoulder Width First,RCI Shoulder Type Second,RCI Shoulder Width Second,RCI Shoulder Type Third,RCI Shoulder Width Third,RCI Median Width,Avg Daily Traffic,AADT Source,RCI Avg Per Truck Traffic,RCI Horiz Curve Condition,Posted Speed Limit,Highest Injury in Crash,CAR Status Code,Alcohols/Drug Involved,Site Location,Lighting,Weather,Road Surface,Roadway Grade,Roadway Alignment,Traffic Way Vehicle 1,Traffic Way Vehicle 2,Traffic Control Vehicle 1,Traffic Control Vehicle 2,Count of Lanes,Road Condition 1,Road Condition 2,Road Condition 3,Environment Condition 1,Environment Condition 2,Environment Condition 3,Crash Harmful Event,Manner of Collision,Vehicle Movement,Driver Action Vehicle 1,Driver Action Vehicle 2,Location Within Workzone,Type of Workzone,Workers Present in Workzone,Law Enforcement Present in Workzone,School Bus Related,Count of Nonfatal Injuries,Count of Traffic Fatalities,Count of Serious Injuries,Count of Pedestrians,Count of Drivers,Count of Bicyclists,Count of Vehicles,Count of Persons,Wrong Way,Workzone Inv,Commercial Vehicle Inv,Intersection Inv,Lane Departure,Speeding,Agressive Driving,Impaired Driver,Impaired Pedestrian,Impaired Bicyclist,Distracted Driver,Speeding or Aggressive Driving,Pedestrian Related,Bicyclist Related,Pedestrian or Bicyclist Related,Motorcycle Inv,No Belt,No Belt - Ages 1-4,No Belt - Ages 5-12,No Belt - Ages 13-17,Driver - Ages Teen,Driver - Ages 65 plus,Driver - Ages 65-69,Driver - Ages 70-74,Driver - Ages 75-79,Driver - Ages 80 plus,ARBM Latitude,ARBM Longitude,UTM Zone 17N X,UTM Zone 17N Y,ARBM Side of Road,Urban Rural Indicator,GIS Street Source,Extract Date,OBJECTID,x,y
2020838064450,2020,838064450,FHPK20OFF052144,FLORIDA HIGHWAY PATROL,05 FIFTH,ORANGE,"November 8, 2020",1142,MONDAY,7552 WINTER GARDEN,0752,N,SR 429,SR 91,0.076,S,28.51568,-81.59081,28.5452831,-81.5574392,75320000,29.313,03804,SR 429,,L LEFT,2 THRU LANE 2,S SOUTH,03 TOLL ROAD URBAN,03 STATE,01 NON-JUNCTION,01 ON ROADWAY,01 NOT AT INTERSECTION,01 PAVED,37,"November 11, 2019",12 URBAN PRIN ART EXPR.,24,PAVED WARN,9,VALLEY GUTR,3,,0,64,54000,RCI,4.6,,70,2 POSSIBLE INJURY,31 Q/C COMPLETED - LOC VERIFIED,0 NO,01 NOT AT INTERSECTION/RRX/BRIDGE,01 DAYLIGHT,03 RAIN,02 WET,01 LEVEL,1 STRAIGHT,"TWO-WAY, DIVIDED, POSITIVE MED","TWO-WAY, DIVIDED, POSITIVE MED",NO CONTROLS,NO CONTROLS,4,"RD SURFC (WET, ICY, SNOW, ETC)",NOT CODED,NOT CODED,NONE,NOT CODED,NOT CODED,14 MOTOR VEHICLE IN TRANSPORT,01 FRONT TO REAR,01 STRAIGHT AHEAD,OPERATED MV IN CARLESS OR NEGL,NO CONTRIBUTING ACTION,00 NOT CODED,00 NOT CODED,00 NOT CODED,00 NOT CODED,01 NO,1,0,0,0,2,0,2,3,N,N,N,N,N,N,N,N,N,N,N,N,N,N,N,N,N,N,N,N,N,N,N,N,N,N,28.54516311,-81.557673037,445446.137413,3157722.155393,L,,ARBM15Q1R2,"June 10, 2023",2863053,-9078958.984555695,3317882.558839513
2020832044790,2020,832044790,FHPD20OFF068197,FLORIDA HIGHWAY PATROL,05 FIFTH,ORANGE,"October 3, 2020",0105,SUNDAY,7546 ORLANDO,0746,N,SR 528,INNOVATION WAY,0.5,W,28.4516099,-81.1757999,28.4515954,-81.1789367,75002000,18.181,05564,SR 528,,M MEDIAN,M MIDDLE,E EAST,04 TOLL ROAD RURAL,01 INTERSTATE,01 NON-JUNCTION,07 SEPARATOR,01 NOT AT INTERSECTION,01 PAVED,37,"March 3, 2020",02 RURAL PRIN ART EXPR.,24,PAVED WARN,10,LAWN,12,,0,50,64000,RCI,2.6,,70,5 FATAL(WITHIN 30 DAYS) INJURY,31 Q/C COMPLETED - LOC VERIFIED,1 ALC,01 NOT AT INTERSECTION/RRX/BRIDGE,05 DARK-NOT LIGHTED,03 RAIN,02 WET,01 LEVEL,1 STRAIGHT,"TWO-WAY, DIVIDED, POSITIVE MED",,NO CONTROLS,NOT CODED,4,"RD SURFC (WET, ICY, SNOW, ETC)",NOT CODED,NOT CODED,WEATHER CONDITIONS,NOT CODED,NOT CODED,27 GUARDRAIL FACE,77 OTHER (SEE NARRATIVE),01 STRAIGHT AHEAD,FAILED TO KEEP IN PROPER LANE,NOT CODED,00 NOT CODED,00 NOT CODED,00 NOT CODED,00 NOT CODED,01 NO,0,1,0,0,1,0,1,1,N,N,N,N,Y,N,N,Y,N,N,Y,N,N,N,N,N,N,N,N,N,N,N,N,N,N,N,28.451601438,-81.178817222,482492.06707,3147243.241008,R,,ARBM15Q1R2,"June 10, 2023",2863552,-9036784.935562637,3306031.3081808374
2020839329350,2020,839329350,OAK20OFF000380,COUNTY SHERIFF'S OFFICE,05 FIFTH,ORANGE,"November 8, 2020",1811,MONDAY,7541 OAKLAND,0741,Y,SR 50,OAKLAND DR,0.019,E,28.54588,-81.6521599,28.5459277,-81.6510478,75050000,0.379,03040,SR 50,,L LEFT,1 THRU LANE 1,W WEST,30 URBAN 6+LN 2WY DIVD RASD,03 STATE,01 NON-JUNCTION,01 ON ROADWAY,01 NOT AT INTERSECTION,03 CURB,41,"April 1, 2018",14 URBAN PRIN ART OTHER,36,PAVED,4,CURB&GUTTER,2,,0,23,57500,RCI,4.6,0D5900,50,2 POSSIBLE INJURY,31 Q/C COMPLETED - LOC VERIFIED,0 NO,03 INFLUENCED BY INTERSECTION,04 DARK-LIGHTED,03 RAIN,02 WET,01 LEVEL,1 STRAIGHT,"TWO-WAY, DIVIDED, POSITIVE MED","TWO-WAY, DIVIDED, POSITIVE MED",TRAFFIC CONTROL SIGNAL,TRAFFIC CONTROL SIGNAL,6,NONE,NOT CODED,NOT CODED,NONE,NOT CODED,NOT CODED,14 MOTOR VEHICLE IN TRANSPORT,01 FRONT TO REAR,01 STRAIGHT AHEAD,OPERATED MV IN CARLESS OR NEGL,NO CONTRIBUTING ACTION,00 NOT CODED,00 NOT CODED,00 NOT CODED,00 NOT CODED,01 NO,1,0,0,0,4,0,4,4,N,N,N,Y,N,N,N,N,N,N,N,N,N,N,N,N,N,N,N,N,Y,N,N,N,N,N,28.545987046,-81.651278532,436289.559615,3157859.60345,L,,ARBM15Q1R2,"June 10, 2023",2864108,-9089379.103686366,3317986.9713674034
2020839329360,2020,839329360,OAK20OFF000393,COUNTY SHERIFF'S OFFICE,05 FIFTH,ORANGE,"November 22, 2020",1826,MONDAY,7541 OAKLAND,0741,Y,SR 50,OAKLAND DR L,0,,28.54684,-81.6507,28.5459114,-81.6513602,75050000,0.36,03040,SR 50,,L LEFT,2 THRU LANE 2,E EAST,30 URBAN 6+LN 2WY DIVD RASD,03 STATE,02 INTERSECTION,01 ON ROADWAY,02 FOUR-WAY INTERSECTION,03 CURB,41,"April 1, 2018",14 URBAN PRIN ART OTHER,36,PAVED,4,CURB&GUTTER,2,,0,23,57500,RCI,4.6,0D5900,50,2 POSSIBLE INJURY,31 Q/C COMPLETED - LOC VERIFIED,0 NO,02 AT INTERSECTION,04 DARK-LIGHTED,01 CLEAR,01 DRY,01 LEVEL,1 STRAIGHT,"TWO-WAY, DIVIDED, POSITIVE MED","TWO-WAY, DIVIDED, POSITIVE MED",TRAFFIC CONTROL SIGNAL,TRAFFIC CONTROL SIGNAL,6,NONE,NOT CODED,NOT CODED,NONE,NOT CODED,NOT CODED,14 MOTOR VEHICLE IN TRANSPORT,03 ANGLE,03 TURNING LEFT,FAILED TO YIELD RIGHT-OF-WAY,NO CONTRIBUTING ACTION,00 NOT CODED,00 NOT CODED,00 NOT CODED,00 NOT CODED,01 NO,1,0,0,0,2,0,2,2,N,N,N,Y,N,N,N,N,N,N,N,N,N,N,N,N,N,N,N,N,N,N,N,N,N,N,28.545965219,-81.651591511,436258.928983,3157857.351708,L,,ARBM15Q1R2,"June 10, 2023",2864643,-9089413.944346812,3317984.205352369
2020884003550,2020,884003550,FHPD20OFF081677,FLORIDA HIGHWAY PATROL,05 FIFTH,ORANGE,"November 22, 2020",1849,MONDAY,7546 ORLANDO,0746,N,BELCO DR,SR 438,0.033,N,28.5784316,-81.4541667,28.5779593,-81.4540428,75250000,6.151,01859,SR 438,,T SIDE RD LEFT,1 THRU LANE 1,S SOUTH,30 URBAN 6+LN 2WY DIVD RASD,05 LOCAL,01 NON-JUNCTION,01 ON ROADWAY,01 NOT AT INTERSECTION,01 PAVED,38,"September 8, 2019",16 URBAN MINOR ART,36,CURB&GUTTER,2,,0,,0,20,32500,RCI,4.3,,40,1 NO INJURY,31 Q/C COMPLETED - LOC VERIFIED,1 ALC,01 NOT AT INTERSECTION/RRX/BRIDGE,05 DARK-NOT LIGHTED,01 CLEAR,01 DRY,01 LEVEL,1 STRAIGHT,"TWO-WAY, NOT DIVIDED","TWO-WAY, NOT DIVIDED",NO CONTROLS,NO CONTROLS,6,NONE,NOT CODED,NOT CODED,NONE,NOT CODED,NOT CODED,14 MOTOR VEHICLE IN TRANSPORT,77 OTHER (SEE NARRATIVE),01 STRAIGHT AHEAD,FAILED TO KEEP IN PROPER LANE,NO CONTRIBUTING ACTION,00 NOT CODED,00 NOT CODED,00 NOT CODED,00 NOT CODED,01 NO,0,0,0,0,2,0,2,2,N,N,N,N,Y,N,N,Y,N,N,N,N,N,N,N,N,N,N,N,N,N,N,N,N,N,N,28.57802465,-81.454005283,455601.263962,3161319.973609,L,,ARBM15Q1R2,"June 10, 2023",2864663,-9067418.73972701,3322047.5549087804
2020884003570,2020,884003570,FHPD20OFF081921,FLORIDA HIGHWAY PATROL,05 FIFTH,ORANGE,"November 23, 2020",1814,TUESDAY,7546 ORLANDO,0746,N,SR 50,CR 431,0.25,E,28.5523993,-81.4477682,28.5525417,-81.443354,75050000,13.075,05044,SR 50,,R RIGHT,3 THRU LANE 3,W WEST,30 URBAN 6+LN 2WY DIVD RASD,03 STATE,01 NON-JUNCTION,01 ON ROADWAY,01 NOT AT INTERSECTION,01 PAVED,34,"April 1, 2018",14 URBAN PRIN ART OTHER,36,PAVED,8,CURB&GUTTER,2,,0,41,42000,RCI,4.6,,45,2 POSSIBLE INJURY,31 Q/C COMPLETED - LOC VERIFIED,0 NO,01 NOT AT INTERSECTION/RRX/BRIDGE,04 DARK-LIGHTED,01 CLEAR,01 DRY,01 LEVEL,1 STRAIGHT,"TWO-WAY, DIVIDED, POSITIVE MED","TWO-WAY, DIVIDED, POSITIVE MED",NO CONTROLS,NO CONTROLS,6,NONE,NOT CODED,NOT CODED,NONE,NOT CODED,NOT CODED,14 MOTOR VEHICLE IN TRANSPORT,01 FRONT TO REAR,01 STRAIGHT AHEAD,NOT CODED,NO CONTRIBUTING ACTION,00 NOT CODED,00 NOT CODED,00 NOT CODED,00 NOT CODED,01 NO,1,0,0,0,1,0,2,2,N,N,N,N,N,N,N,N,N,N,N,N,N,N,N,N,N,N,N,N,N,N,N,N,N,N,28.552426875,-81.443350389,456632.761317,3158480.192507,R,,ARBM15Q1R2,"June 10, 2023",2864664,-9066232.641959345,3318803.0843237867
2020808223130,2020,808223130,WGPD20OFF004181,COUNTY SHERIFF'S OFFICE,05 FIFTH,ORANGE,"December 17, 2020",1614,FRIDAY,7552 WINTER GARDEN,0752,Y,DILLARD ST,SR 50,0.019,N,28.5510699,-81.58351,28.5510647,-81.5834775,75050000,4.557,02019,SR 50,,T SIDE RD LEFT,L LEFT TURN,S SOUTH,30 URBAN 6+LN 2WY DIVD RASD,05 LOCAL,01 NON-JUNCTION,01 ON ROADWAY,01 NOT AT INTERSECTION,03 CURB,38,"April 1, 2018",14 URBAN PRIN ART OTHER,36,PAVED,4,CURB&GUTTER,2,,0,30,50500,RCI,3.6,,45,2 POSSIBLE INJURY,31 Q/C COMPLETED - LOC VERIFIED,0 NO,03 INFLUENCED BY INTERSECTION,01 DAYLIGHT,01 CLEAR,01 DRY,01 LEVEL,1 STRAIGHT,"TWO-WAY, NOT DIVIDED","TWO-WAY, NOT DIVIDED",TRAFFIC CONTROL SIGNAL,TRAFFIC CONTROL SIGNAL,6,NONE,NOT CODED,NOT CODED,NONE,NOT CODED,NOT CODED,14 MOTOR VEHICLE IN TRANSPORT,01 FRONT TO REAR,01 STRAIGHT AHEAD,OPERATED MV IN CARLESS OR NEGL,NO CONTRIBUTING ACTION,00 NOT CODED,00 NOT CODED,00 NOT CODED,00 NOT CODED,01 NO,1,0,0,0,2,0,2,2,N,N,N,Y,N,N,N,N,N,N,N,N,N,N,N,N,N,N,N,N,Y,N,N,N,N,N,28.551124659,-81.583559876,442916.948678,3158394.670539,L,,ARBM15Q1R2,"June 10, 2023",2864696,-9081840.695122778,3318638.051410118
2020839326810,2020,839326810,OAK20OFF000381,COUNTY SHERIFF'S OFFICE,05 FIFTH,ORANGE,"November 9, 2020",1643,TUESDAY,7541 OAKLAND,0741,Y,COLONIAL DR W,REMINGTON RD,0.004,E,28.547873,-81.6417316,28.5473064,-81.6425065,75050000,0.907,02114,SR 50,,L LEFT,2 THRU LANE 2,W WEST,30 URBAN 6+LN 2WY DIVD RASD,03 STATE,01 NON-JUNCTION,01 ON ROADWAY,01 NOT AT INTERSECTION,01 PAVED,46,"April 1, 2018",14 URBAN PRIN ART OTHER,36,CURB&GUTTER,2,CURB&GUTTER,2,,0,23,57500,RCI,4.6,2D00,50,1 NO INJURY,31 Q/C COMPLETED - LOC VERIFIED,0 NO,03 INFLUENCED BY INTERSECTION,01 DAYLIGHT,02 CLOUDY,01 DRY,01 LEVEL,1 STRAIGHT,"TWO-WAY, DIVIDED, POSITIVE MED","TWO-WAY, DIVIDED, POSITIVE MED",NO CONTROLS,NO CONTROLS,6,NONE,NOT CODED,NOT CODED,NONE,NOT CODED,NOT CODED,14 MOTOR VEHICLE IN TRANSPORT,01 FRONT TO REAR,01 STRAIGHT AHEAD,OPERATED MV IN CARLESS OR NEGL,NO CONTRIBUTING ACTION,00 NOT CODED,00 NOT CODED,00 NOT CODED,00 NOT CODED,01 NO,0,0,0,0,2,0,2,3,N,N,N,Y,N,N,N,N,N,N,Y,N,N,N,N,N,N,N,N,N,N,N,N,N,N,N,28.547358424,-81.642690827,437130.474097,3158007.001976,L,,ARBM15Q1R2,"June 10, 2023",2865172,-9088423.124428222,3318160.7603420033
2020883970820,2020,883970820,FHPD20OFF082469,FLORIDA HIGHWAY PATROL,05 FIFTH,ORANGE,"November 25, 2020",2355,THURSDAY,7546 ORLANDO,0746,N,SR 551,TOLEDO ST,0,,28.5239546,-81.2855322,28.5230911,-81.2855715,75200000,3.318,00287,SR 551,,R RIGHT,S SIDE OF ROAD,N NORTH,20 URBAN 4-5LN 2WY DIVD RASD,03 STATE,01 NON-JUNCTION,01 ON ROADWAY,01 NOT AT INTERSECTION,03 CURB,36,"February 11, 2020",16 URBAN MINOR ART,26,PAVED,4,CURB&GUTTER,2,,0,22,43500,RCI,3.6,5D59,45,1 NO INJURY,31 Q/C COMPLETED - LOC VERIFIED,0 NO,02 AT INTERSECTION,04 DARK-LIGHTED,02 CLOUDY,01 DRY,01 LEVEL,1 STRAIGHT,"TWO-WAY, DIVIDED, POSITIVE MED",,NO CONTROLS,NOT CODED,4,NONE,NOT CODED,NOT CODED,NONE,NOT CODED,NOT CODED,09 OTHER NON-COLLISION,77 OTHER (SEE NARRATIVE),01 STRAIGHT AHEAD,NO CONTRIBUTING ACTION,NOT CODED,00 NOT CODED,00 NOT CODED,00 NOT CODED,00 NOT CODED,01 NO,0,0,0,0,1,0,1,1,N,N,N,Y,N,N,N,N,N,N,N,N,N,N,N,N,N,N,N,N,N,N,N,N,N,N,28.522745416,-81.28554101,472061.47362,3155145.012936,R,,ARBM15Q1R2,"June 10, 2023",2866815,-9048665.377079058,3315042.001983872
2020884074390,2020,884074390,FHPD20OFF075396,FLORIDA HIGHWAY PATROL,05 FIFTH,ORANGE,"October 30, 2020",1531,SATURDAY,7546 ORLANDO,0746,N,WATERFORD LNDG,SR 434,0.005,E,28.5534363,-81.2050916,28.5754262,-81.2077773,75037000,0.59,03424,SR 434,,S SIDE RD RIGHT,L LEFT TURN,W WEST,30 URBAN 6+LN 2WY DIVD RASD,05 LOCAL,03 INTERSECTION-RELATED,01 ON ROADWAY,02 FOUR-WAY INTERSECTION,03 CURB,38,"September 9, 2019",14 URBAN PRIN ART OTHER,33,PAVED,4,CURB&GUTTER,2,,0,28,48000,RCI,2.8,,45,2 POSSIBLE INJURY,31 Q/C COMPLETED - LOC VERIFIED,0 NO,03 INFLUENCED BY INTERSECTION,01 DAYLIGHT,01 CLEAR,01 DRY,01 LEVEL,1 STRAIGHT,"TWO-WAY, DIVIDED, POSITIVE MED","TWO-WAY, DIVIDED, POSITIVE MED",TRAFFIC CONTROL SIGNAL,TRAFFIC CONTROL SIGNAL,6,NONE,NOT CODED,NOT CODED,NONE,NOT CODED,NOT CODED,14 MOTOR VEHICLE IN TRANSPORT,03 ANGLE,06 CHANGING LANES,FAILED TO KEEP IN PROPER LANE,NO CONTRIBUTING ACTION,00 NOT CODED,00 NOT CODED,00 NOT CODED,00 NOT CODED,01 NO,2,0,0,0,2,0,2,3,N,N,N,Y,N,N,N,N,N,N,Y,N,N,N,N,N,N,N,N,N,N,N,N,N,N,N,28.575434987,-81.207677125,479690.135021,3160966.538778,R,,ARBM15Q1R2,"June 10, 2023",2866821,-9039997.606683876,3321719.2849234445
2020242610270,2020,242610270,20700444,COUNTY SHERIFF'S OFFICE,05 FIFTH,ORANGE,"December 15, 2020",0909,WEDNESDAY,7535 EDGEWOOD,0735,Y,ORANGE AVE,MARY JESS RD,0.077,N,28.481269,-81.372014,28.4814261,-81.3720396,75040101,0.2,00717,SR 527,,L LEFT,1 THRU LANE 1,S SOUTH,40 URBAN ONE WAY,03 STATE,01 NON-JUNCTION,01 ON ROADWAY,01 NOT AT INTERSECTION,01 PAVED,30,"September 9, 2019",14 URBAN PRIN ART OTHER,24,CURB&GUTTER,2,,0,,0,,23000,RCI,6,,40,2 POSSIBLE INJURY,31 Q/C COMPLETED - LOC VERIFIED,0 NO,01 NOT AT INTERSECTION/RRX/BRIDGE,01 DAYLIGHT,02 CLOUDY,01 DRY,01 LEVEL,1 STRAIGHT,ONE-WAY TRAFFICWAY,ONE-WAY TRAFFICWAY,NO CONTROLS,NO CONTROLS,2,NONE,NOT CODED,NOT CODED,NONE,NOT CODED,NOT CODED,14 MOTOR VEHICLE IN TRANSPORT,"04 SIDESWIPE, SAME DIRECTION",01 STRAIGHT AHEAD,FOLLOWED TOO CLOSELY,NO CONTRIBUTING ACTION,00 NOT CODED,00 NOT CODED,00 NOT CODED,00 NOT CODED,01 NO,1,0,0,0,2,0,2,3,N,N,Y,N,Y,N,N,N,N,N,N,N,N,N,N,N,N,N,N,N,N,N,N,N,N,N,28.481416221,-81.372031682,463584.620032,3150589.565952,O,,ARBM15Q1R2,"June 10, 2023",2867598,-9058293.477270583,3309806.7405476784
2020242610320,2020,242610320,20700454,COUNTY SHERIFF'S OFFICE,05 FIFTH,ORANGE,"December 22, 2020",1247,WEDNESDAY,7535 EDGEWOOD,0735,Y,ORANGE AVE S,PRESCOTT DR,0.032,N,28.489677,-81.373253,28.4903406,-81.3734514,75040000,10.409,00734,SR 527,,R RIGHT,1 THRU LANE 1,W WEST,20 URBAN 4-5LN 2WY DIVD RASD,03 STATE,01 NON-JUNCTION,01 ON ROADWAY,01 NOT AT INTERSECTION,01 PAVED,44,"October 27, 2020",14 URBAN PRIN ART OTHER,22,PAVED,5,CURB&GUTTER,2,,0,11,44500,RCI,6.9,,40,3 NO-INCAPACITATING INJURY,31 Q/C COMPLETED - LOC VERIFIED,0 NO,01 NOT AT INTERSECTION/RRX/BRIDGE,01 DAYLIGHT,01 CLEAR,01 DRY,01 LEVEL,1 STRAIGHT,"TWO-WAY, NOT DIV, W/CONT LTURN","TWO-WAY, NOT DIV, W/CONT LTURN",NO CONTROLS,NO CONTROLS,4,NONE,NOT CODED,NOT CODED,NONE,NOT CODED,NOT CODED,14 MOTOR VEHICLE IN TRANSPORT,03 ANGLE,03 TURNING LEFT,FAILED TO YIELD RIGHT-OF-WAY,NO CONTRIBUTING ACTION,00 NOT CODED,00 NOT CODED,00 NOT CODED,00 NOT CODED,01 NO,2,0,0,0,2,0,2,2,N,N,N,N,N,N,N,N,N,N,N,N,N,N,N,N,N,N,N,N,N,Y,N,N,N,Y,28.490351783,-81.373467827,463447.123042,3151579.921952,C,,ARBM15Q1R2,"June 10, 2023",2867599,-9058453.34830433,3310938.454346822
2020242610330,2020,242610330,20700468,COUNTY SHERIFF'S OFFICE,05 FIFTH,ORANGE,"December 30, 2020",1920,THURSDAY,7535 EDGEWOOD,0735,Y,ORANGE AVE S,GATLIN AVE,0,,28.493742,-81.374579,28.4943595,-81.3748125,75040000,10.699,00736,SR 527,,I INTERSECTION,M MIDDLE,N NORTH,21 URBAN 4-5LN 2WY DIVD PAVD,03 STATE,02 INTERSECTION,01 ON ROADWAY,02 FOUR-WAY INTERSECTION,01 PAVED,32,"May 24, 2016",,22,PAVED,5,CURB&GUTTER,2,,0,11,44500,RCI,6.9,4D0000,40,1 NO INJURY,31 Q/C COMPLETED - LOC VERIFIED,0 NO,02 AT INTERSECTION,04 DARK-LIGHTED,01 CLEAR,01 DRY,01 LEVEL,1 STRAIGHT,"TWO-WAY, DIVIDED, UNPROTECTED","TWO-WAY, NOT DIVIDED",NO CONTROLS,NO CONTROLS,,NONE,NOT CODED,NOT CODED,NONE,NOT CODED,NOT CODED,14 MOTOR VEHICLE IN TRANSPORT,02 FRONT TO FRONT,88 UNKNOWN,NOT CODED,NO CONTRIBUTING ACTION,00 NOT CODED,00 NOT CODED,00 NOT CODED,00 NOT CODED,01 NO,0,0,0,0,2,0,2,2,N,N,N,Y,N,N,N,N,N,N,N,N,N,N,N,N,N,N,N,N,N,N,N,N,N,N,28.494365311,-81.374828978,463315.288054,3152024.973313,C,,ARBM15Q1R2,"June 10, 2023",2868135,-9058604.870877532,3311446.810025408
2020820247070,2020,820247070,FHPD20OFF084820,FLORIDA HIGHWAY PATROL,05 FIFTH,ORANGE,"December 6, 2020",0818,MONDAY,"7500 UNINCORPORATED, ORANGE",0700,N,SR 436,SR 50,0.009,S,28.5563133,-81.3108692,28.557149,-81.3107723,75003000,7.304,04796,SR 436,,L LEFT,1 THRU LANE 1,E EAST,30 URBAN 6+LN 2WY DIVD RASD,03 STATE,03 INTERSECTION-RELATED,01 ON ROADWAY,02 FOUR-WAY INTERSECTION,03 CURB,40,"March 2, 2020",14 URBAN PRIN ART OTHER,33,CURB&GUTTER,2,,0,,0,25,64500,RCI,4.2,,45,3 NO-INCAPACITATING INJURY,31 Q/C COMPLETED - LOC VERIFIED,0 NO,01 NOT AT INTERSECTION/RRX/BRIDGE,01 DAYLIGHT,02 CLOUDY,02 WET,01 LEVEL,1 STRAIGHT,"TWO-WAY, DIVIDED, POSITIVE MED","TWO-WAY, DIVIDED, POSITIVE MED",TRAFFIC CONTROL SIGNAL,TRAFFIC CONTROL SIGNAL,6,NONE,NOT CODED,NOT CODED,WEATHER CONDITIONS,NOT CODED,NOT CODED,14 MOTOR VEHICLE IN TRANSPORT,03 ANGLE,05 TURNING RIGHT,OPERATED MV IN CARLESS OR NEGL,NO CONTRIBUTING ACTION,00 NOT CODED,00 NOT CODED,00 NOT CODED,00 NOT CODED,01 NO,2,0,0,0,5,0,5,7,N,N,N,N,N,N,N,N,N,N,N,N,N,N,N,N,N,N,N,N,N,N,N,N,N,N,28.557177259,-81.310886911,469591.400791,3158965.700504,L,,ARBM15Q1R2,"June 10, 2023",2868724,-9051486.870709848,3319405.1274958667
2020832836120,2020,832836120,FHPK20OFF057633,FLORIDA HIGHWAY PATROL,08 TURNPIKE,ORANGE,"December 9, 2020",0000,THURSDAY,7546 ORLANDO,0746,N,SR 91,TURKEY LAKE SERVICE PLAZA,0.009,S,28.51491,-81.49943,28.5120596,-81.4951055,75470000,14.077,04855,SR 91,,L LEFT,1 THRU LANE 1,S SOUTH,03 TOLL ROAD URBAN,06 TURNPIKE/TOLL,14 ENTRANCE/EXIT RAMP,01 ON ROADWAY,04 Y-INTERSECTION,02 UNPAVED,37,"November 11, 2019",12 URBAN PRIN ART EXPR.,48,PAVED WARN,10,LAWN,12,,0,700,116000,RCI,17.8,,70,1 NO INJURY,31 Q/C COMPLETED - LOC VERIFIED,0 NO,01 NOT AT INTERSECTION/RRX/BRIDGE,04 DARK-LIGHTED,01 CLEAR,01 DRY,01 LEVEL,1 STRAIGHT,"TWO-WAY, DIVIDED, POSITIVE MED",ONE-WAY TRAFFICWAY,NO CONTROLS,STOP SIGN,8,NONE,NOT CODED,NOT CODED,NONE,NOT CODED,NOT CODED,14 MOTOR VEHICLE IN TRANSPORT,03 ANGLE,01 STRAIGHT AHEAD,OPERATED MV IN CARLESS OR NEGL,NO CONTRIBUTING ACTION,00 NOT CODED,00 NOT CODED,00 NOT CODED,00 NOT CODED,01 NO,0,0,0,0,2,0,2,2,N,N,Y,N,N,N,N,N,N,N,N,N,N,N,N,N,N,N,N,N,N,N,N,N,N,N,28.511300547,-81.495776154,451485.728387,3153944.058401,L,,ARBM15Q1R2,"June 10, 2023",2869664,-9072068.652943907,3313592.048940754
2020855569410,2020,855569410,FHPD20OFF077958,FLORIDA HIGHWAY PATROL,05 FIFTH,ORANGE,"November 9, 2020",0830,TUESDAY,"7500 UNINCORPORATED, ORANGE",0700,N,SR 429,CR 437A,0.004,S,28.63345,-81.5413099,28.6346563,-81.5412326,75320031,0.288,01824,SR 429,,R RIGHT,X RAMP,W WEST,07 RAMP URBAN,03 STATE,14 ENTRANCE/EXIT RAMP,01 ON ROADWAY,02 FOUR-WAY INTERSECTION,02 UNPAVED,0,"December 31, 2000",,20,CURB&GUTTER,2,,0,,0,,2900,RCI,4.1,,,1 NO INJURY,31 Q/C COMPLETED - LOC VERIFIED,0 NO,08 EXIT RAMP,01 DAYLIGHT,02 CLOUDY,02 WET,01 LEVEL,1 STRAIGHT,ONE-WAY TRAFFICWAY,ONE-WAY TRAFFICWAY,TRAFFIC CONTROL SIGNAL,TRAFFIC CONTROL SIGNAL,1,NONE,NOT CODED,NOT CODED,NONE,NOT CODED,NOT CODED,14 MOTOR VEHICLE IN TRANSPORT,01 FRONT TO REAR,01 STRAIGHT AHEAD,OPERATED MV IN CARLESS OR NEGL,NO CONTRIBUTING ACTION,00 NOT CODED,00 NOT CODED,00 NOT CODED,00 NOT CODED,01 NO,0,0,0,0,2,0,2,4,N,N,N,N,N,N,N,N,N,N,N,N,N,N,N,N,N,N,N,N,N,N,N,N,N,N,28.634644268,-81.541254408,447097.117167,3167628.179333,O,,ARBM15Q1R2,"June 10, 2023",2870204,-9077131.27090217,3329226.793261766