Crash Id,Calendar Year,FDOT Crash Number,Reporting Agency Case Number,Reporting Agency Type,FDOT Managing District,County Name,Crash Date,Crash Time,Day,DHSMV City,Crash Report City Code,In Town,On Roadway Name,Int Roadway Name,Reference Distance (Miles),Reference Direction,Officer Latitude,Officer Longitude,FDOT Latitude,FDOT Longitude,FDOT Roadway,Nearest Inventory MP,Nearest Node From Crash,State Road #,US Highway,Crash Side of Road,Accident Lane Number,Travel Direction Vehicle 1,FDOT Road Category,DHSMV Road System Id,Relation to Junction,Crash Harmful Event Location,Intersection Type,Shoulder Type,FDOT Roadway SKID Test Result,FDOT Roadway SKID Test Date,Functional Class,RCI Surface Width,RCI Shoulder Type First,RCI Shoulder Width First,RCI Shoulder Type Second,RCI Shoulder Width Second,RCI Shoulder Type Third,RCI Shoulder Width Third,RCI Median Width,Avg Daily Traffic,AADT Source,RCI Avg Per Truck Traffic,RCI Horiz Curve Condition,Posted Speed Limit,Highest Injury in Crash,CAR Status Code,Alcohols/Drug Involved,Site Location,Lighting,Weather,Road Surface,Roadway Grade,Roadway Alignment,Traffic Way Vehicle 1,Traffic Way Vehicle 2,Traffic Control Vehicle 1,Traffic Control Vehicle 2,Count of Lanes,Road Condition 1,Road Condition 2,Road Condition 3,Environment Condition 1,Environment Condition 2,Environment Condition 3,Crash Harmful Event,Manner of Collision,Vehicle Movement,Driver Action Vehicle 1,Driver Action Vehicle 2,Location Within Workzone,Type of Workzone,Workers Present in Workzone,Law Enforcement Present in Workzone,School Bus Related,Count of Nonfatal Injuries,Count of Traffic Fatalities,Count of Serious Injuries,Count of Pedestrians,Count of Drivers,Count of Bicyclists,Count of Vehicles,Count of Persons,Wrong Way,Workzone Inv,Commercial Vehicle Inv,Intersection Inv,Lane Departure,Speeding,Agressive Driving,Impaired Driver,Impaired Pedestrian,Impaired Bicyclist,Distracted Driver,Speeding or Aggressive Driving,Pedestrian Related,Bicyclist Related,Pedestrian or Bicyclist Related,Motorcycle Inv,No Belt,No Belt - Ages 1-4,No Belt - Ages 5-12,No Belt - Ages 13-17,Driver - Ages Teen,Driver - Ages 65 plus,Driver - Ages 65-69,Driver - Ages 70-74,Driver - Ages 75-79,Driver - Ages 80 plus,ARBM Latitude,ARBM Longitude,UTM Zone 17N X,UTM Zone 17N Y,ARBM Side of Road,Urban Rural Indicator,GIS Street Source,Extract Date,OBJECTID,x,y
2020884047940,2020,884047940,FHPD20OFF072500,FLORIDA HIGHWAY PATROL,05 FIFTH,ORANGE,"October 19, 2020",1450,TUESDAY,7546 ORLANDO,0746,N,SR 500,SR 417,0.1,N,28.3754047,-81.4039806,28.3740948,-81.4044986,75010000,1.803,02768,SR 500,US 17,R RIGHT,1 THRU LANE 1,W WEST,30 URBAN 6+LN 2WY DIVD RASD,02 U.S.,04 DRIVEWAY/ALLEY ACCESS RELATED,01 ON ROADWAY,01 NOT AT INTERSECTION,02 UNPAVED,37,"March 1, 2020",14 URBAN PRIN ART OTHER,35,PAVED,4,CURB&GUTTER,2,,0,31,57000,RCI,6.9,,50,2 POSSIBLE INJURY,31 Q/C COMPLETED - LOC VERIFIED,0 NO,01 NOT AT INTERSECTION/RRX/BRIDGE,01 DAYLIGHT,02 CLOUDY,01 DRY,01 LEVEL,1 STRAIGHT,"TWO-WAY, NOT DIVIDED","TWO-WAY, NOT DIVIDED",NO CONTROLS,NO CONTROLS,6,NONE,NOT CODED,NOT CODED,NONE,NOT CODED,NOT CODED,14 MOTOR VEHICLE IN TRANSPORT,03 ANGLE,10 MAKING U-TURN,IMPROPER TURN,NO CONTRIBUTING ACTION,00 NOT CODED,00 NOT CODED,00 NOT CODED,00 NOT CODED,01 NO,2,0,0,0,2,0,2,3,N,N,N,N,N,N,N,N,N,N,N,N,N,N,N,N,N,N,N,N,N,N,N,N,N,N,28.374104117,-81.40437689,460378.61981,3138711.377503,R,,ARBM15Q1R2,"June 10, 2023",3129917,-9061894.129967887,3296222.830760059
2020884047970,2020,884047970,FHPD20OFF073322,FLORIDA HIGHWAY PATROL,05 FIFTH,ORANGE,"October 22, 2020",1625,FRIDAY,7546 ORLANDO,0746,N,US 441,AMERICANA BLVD,0.004,N,28.4838386,-81.3968564,0,0,75010000,9.444,00522,SR 500,US 17,R RIGHT,3 THRU LANE 3,N NORTH,30 URBAN 6+LN 2WY DIVD RASD,02 U.S.,01 NON-JUNCTION,01 ON ROADWAY,01 NOT AT INTERSECTION,03 CURB,38,"March 1, 2020",14 URBAN PRIN ART OTHER,32,CURB&GUTTER,2,,0,,0,15,58500,RCI,6.2,,40,4 INCAPACITATING INJURY,31 Q/C COMPLETED - LOC VERIFIED,0 NO,01 NOT AT INTERSECTION/RRX/BRIDGE,01 DAYLIGHT,02 CLOUDY,01 DRY,01 LEVEL,1 STRAIGHT,"TWO-WAY, DIVIDED, POSITIVE MED","TWO-WAY, DIVIDED, POSITIVE MED",NO CONTROLS,NO CONTROLS,6,NONE,NOT CODED,NOT CODED,NONE,NOT CODED,NOT CODED,14 MOTOR VEHICLE IN TRANSPORT,01 FRONT TO REAR,01 STRAIGHT AHEAD,OPERATED MV IN CARLESS OR NEGL,NO CONTRIBUTING ACTION,00 NOT CODED,00 NOT CODED,00 NOT CODED,00 NOT CODED,01 NO,2,0,1,0,2,0,2,2,N,N,N,N,N,N,N,N,N,N,N,N,N,N,N,N,N,N,N,N,N,N,N,N,N,N,28.48428939,-81.396677268,461173.279615,3150915.585653,R,,ARBM15Q1R2,"June 10, 2023",3129918,-9061037.012178319,3310170.6249340936
2020884092200,2020,884092200,FHPD20OFF082466,FLORIDA HIGHWAY PATROL,05 FIFTH,ORANGE,"November 25, 2020",2342,THURSDAY,"7500 UNINCORPORATED, ORANGE",0700,N,SR 417,MILE MARKER #11 R,0.095,N,28.3680699,-81.38392,28.3728001,-81.4053206,75301000,4.877,05359,SR 417,,L LEFT,1 THRU LANE 1,S SOUTH,03 TOLL ROAD URBAN,03 STATE,01 NON-JUNCTION,01 ON ROADWAY,01 NOT AT INTERSECTION,03 CURB,36,"November 12, 2019",12 URBAN PRIN ART EXPR.,24,PAVED,6,VALLEY GUTR,3,,0,64,87000,RCI,5,,70,1 NO INJURY,31 Q/C COMPLETED - LOC VERIFIED,0 NO,01 NOT AT INTERSECTION/RRX/BRIDGE,05 DARK-NOT LIGHTED,01 CLEAR,01 DRY,01 LEVEL,1 STRAIGHT,ONE-WAY TRAFFICWAY,ONE-WAY TRAFFICWAY,NO CONTROLS,NO CONTROLS,4,NONE,NOT CODED,NOT CODED,NONE,NOT CODED,NOT CODED,14 MOTOR VEHICLE IN TRANSPORT,01 FRONT TO REAR,01 STRAIGHT AHEAD,OPERATED MV IN CARLESS OR NEGL,NO CONTRIBUTING ACTION,00 NOT CODED,00 NOT CODED,00 NOT CODED,00 NOT CODED,01 NO,0,0,0,0,2,0,2,4,N,N,N,N,N,N,N,N,N,N,Y,N,N,N,N,N,N,N,N,N,N,N,N,N,N,N,28.372958857,-81.40499461,460317.66799,3138584.705646,L,,ARBM15Q1R2,"June 10, 2023",3129925,-9061962.894299205,3296077.9342091936
2020884092210,2020,884092210,FHPD20OFF082729,FLORIDA HIGHWAY PATROL,05 FIFTH,ORANGE,"November 27, 2020",0045,SATURDAY,"7500 UNINCORPORATED, ORANGE",0700,N,SR 482,GREENBRIAR PKWY,0,,28.4499456,-81.4510578,28.4499271,-81.4512246,75002000,1.541,03235,SR 482,,R RIGHT,2 THRU LANE 2,S SOUTH,20 URBAN 4-5LN 2WY DIVD RASD,03 STATE,02 INTERSECTION,01 ON ROADWAY,03 T-INTERSECTION,03 CURB,34,"May 19, 2015",16 URBAN MINOR ART,24,PAVED,5,CURB&GUTTER,2,,0,240,47500,RCI,2.6,,55,1 NO INJURY,31 Q/C COMPLETED - LOC VERIFIED,0 NO,02 AT INTERSECTION,04 DARK-LIGHTED,01 CLEAR,01 DRY,01 LEVEL,1 STRAIGHT,"TWO-WAY, DIVIDED, POSITIVE MED","TWO-WAY, DIVIDED, POSITIVE MED",STOP SIGN,NO CONTROLS,4,NONE,NOT CODED,NOT CODED,NONE,NOT CODED,NOT CODED,14 MOTOR VEHICLE IN TRANSPORT,03 ANGLE,03 TURNING LEFT,NOT CODED,NO CONTRIBUTING ACTION,00 NOT CODED,00 NOT CODED,00 NOT CODED,00 NOT CODED,01 NO,0,0,0,0,1,0,2,1,N,N,N,Y,N,N,N,N,N,N,N,N,N,N,N,N,N,N,N,N,N,N,N,N,N,N,28.449943056,-81.45122969,455819.354705,3147129.384749,R,,ARBM15Q1R2,"June 10, 2023",3129926,-9067109.761571696,3305821.338361773
2020884092220,2020,884092220,FHPD20OFF082733,FLORIDA HIGHWAY PATROL,05 FIFTH,ORANGE,"November 27, 2020",0224,SATURDAY,"7500 UNINCORPORATED, ORANGE",0700,N,SR 50,HASTING ST,0.019,W,28.5521973,-81.4595611,28.5522847,-81.4596561,75050000,12.084,05039,SR 50,,R RIGHT,3 THRU LANE 3,E EAST,30 URBAN 6+LN 2WY DIVD RASD,03 STATE,03 INTERSECTION-RELATED,01 ON ROADWAY,02 FOUR-WAY INTERSECTION,03 CURB,44,"April 1, 2018",14 URBAN PRIN ART OTHER,36,PAVED,4,CURB&GUTTER,2,,0,28,41500,RCI,3.4,,45,1 NO INJURY,31 Q/C COMPLETED - LOC VERIFIED,0 NO,03 INFLUENCED BY INTERSECTION,05 DARK-NOT LIGHTED,01 CLEAR,01 DRY,01 LEVEL,1 STRAIGHT,"TWO-WAY, DIVIDED, POSITIVE MED","TWO-WAY, DIVIDED, POSITIVE MED",NO CONTROLS,NO CONTROLS,6,NONE,NOT CODED,NOT CODED,NONE,NOT CODED,NOT CODED,14 MOTOR VEHICLE IN TRANSPORT,01 FRONT TO REAR,01 STRAIGHT AHEAD,NOT CODED,NO CONTRIBUTING ACTION,00 NOT CODED,00 NOT CODED,00 NOT CODED,00 NOT CODED,01 NO,0,0,0,0,1,0,2,1,N,N,N,Y,N,N,N,N,N,N,N,N,N,N,N,N,N,N,N,N,N,N,N,N,N,N,28.552188516,-81.459667774,455036.522753,3158459.797577,R,,ARBM15Q1R2,"June 10, 2023",3129927,-9068049.085416753,3318772.8763830233
2020884092240,2020,884092240,FHPD20OFF083603,FLORIDA HIGHWAY PATROL,05 FIFTH,ORANGE,"November 30, 2020",2136,TUESDAY,"7500 UNINCORPORATED, ORANGE",0700,N,SR 551,OLIN WAY,0.019,S,28.5221899,-81.2857099,28.5255418,-81.2855885,75200000,3.487,00288,SR 551,,L LEFT,2 THRU LANE 2,N NORTH,20 URBAN 4-5LN 2WY DIVD RASD,03 STATE,15 CROSSOVER-RELATED,01 ON ROADWAY,01 NOT AT INTERSECTION,03 CURB,36,"February 11, 2020",16 URBAN MINOR ART,26,PAVED,4,CURB&GUTTER,2,,0,22,43500,RCI,3.6,,45,3 NO-INCAPACITATING INJURY,31 Q/C COMPLETED - LOC VERIFIED,0 NO,01 NOT AT INTERSECTION/RRX/BRIDGE,04 DARK-LIGHTED,01 CLEAR,01 DRY,01 LEVEL,1 STRAIGHT,"TWO-WAY, DIVIDED, POSITIVE MED","TWO-WAY, DIVIDED, POSITIVE MED",NO CONTROLS,NO CONTROLS,4,NONE,NOT CODED,NOT CODED,NONE,NOT CODED,NOT CODED,14 MOTOR VEHICLE IN TRANSPORT,03 ANGLE,03 TURNING LEFT,FAILED TO YIELD RIGHT-OF-WAY,NO CONTRIBUTING ACTION,00 NOT CODED,00 NOT CODED,00 NOT CODED,00 NOT CODED,01 NO,2,0,0,0,2,0,2,2,N,N,N,N,N,N,N,N,N,N,Y,N,N,N,N,N,N,N,N,N,Y,N,N,N,N,N,28.525204828,-81.285676919,472048.824429,3155417.508985,L,,ARBM15Q1R2,"June 10, 2023",3129928,-9048680.506372329,3315353.6058792197
2020884092290,2020,884092290,FHPD20OFF084286,FLORIDA HIGHWAY PATROL,05 FIFTH,ORANGE,"December 3, 2020",2132,FRIDAY,"7500 UNINCORPORATED, ORANGE",0700,N,VALENCIA COLLEGE LN,SR 551,0.019,E,28.5538244,-81.285515,28.5537133,-81.2859315,75200000,5.429,02901,SR 551,,S SIDE RD RIGHT,1 THRU LANE 1,W WEST,21 URBAN 4-5LN 2WY DIVD PAVD,04 COUNTY,03 INTERSECTION-RELATED,01 ON ROADWAY,01 NOT AT INTERSECTION,03 CURB,29,"February 11, 2020",16 URBAN MINOR ART,26,CURB&GUTTER,2,,0,,0,14,36500,RCI,5.8,,45,1 NO INJURY,31 Q/C COMPLETED - LOC VERIFIED,0 NO,03 INFLUENCED BY INTERSECTION,04 DARK-LIGHTED,01 CLEAR,01 DRY,01 LEVEL,1 STRAIGHT,"TWO-WAY, NOT DIVIDED","TWO-WAY, NOT DIVIDED",NO CONTROLS,NO CONTROLS,4,NONE,NOT CODED,NOT CODED,NONE,NOT CODED,NOT CODED,14 MOTOR VEHICLE IN TRANSPORT,01 FRONT TO REAR,01 STRAIGHT AHEAD,NOT CODED,NO CONTRIBUTING ACTION,00 NOT CODED,00 NOT CODED,00 NOT CODED,00 NOT CODED,01 NO,0,0,0,0,1,0,2,1,N,N,N,Y,N,N,N,N,N,N,N,N,N,N,N,N,N,N,N,N,N,N,N,N,N,N,28.553535378,-81.285946918,472029.890717,3158556.161371,C,,ARBM15Q1R2,"June 10, 2023",3129929,-9048710.562642671,3318943.5692090867
2020884045960,2020,884045960,FHPD20OFF073081,FLORIDA HIGHWAY PATROL,05 FIFTH,ORANGE,"October 21, 2020",1900,THURSDAY,"7500 UNINCORPORATED, ORANGE",0700,N,SR 436,SR 426,0.095,S,28.6018021,-81.3073256,28.603509,-81.307374,75003000,10.543,02998,SR 436,,R RIGHT,3 THRU LANE 3,S SOUTH,30 URBAN 6+LN 2WY DIVD RASD,03 STATE,01 NON-JUNCTION,01 ON ROADWAY,01 NOT AT INTERSECTION,03 CURB,38,"March 2, 2020",14 URBAN PRIN ART OTHER,38,CURB&GUTTER,2,,0,,0,25,60000,RCI,4.4,,50,4 INCAPACITATING INJURY,31 Q/C COMPLETED - LOC VERIFIED,0 NO,01 NOT AT INTERSECTION/RRX/BRIDGE,04 DARK-LIGHTED,01 CLEAR,01 DRY,01 LEVEL,1 STRAIGHT,"TWO-WAY, DIVIDED, POSITIVE MED","TWO-WAY, DIVIDED, POSITIVE MED",NO CONTROLS,NO CONTROLS,6,NONE,NOT CODED,NOT CODED,NONE,NOT CODED,NOT CODED,14 MOTOR VEHICLE IN TRANSPORT,03 ANGLE,03 TURNING LEFT,FAILED TO YIELD RIGHT-OF-WAY,NO CONTRIBUTING ACTION,00 NOT CODED,00 NOT CODED,00 NOT CODED,00 NOT CODED,01 NO,2,0,1,0,2,0,2,2,N,N,N,N,N,N,N,N,N,N,Y,N,N,N,N,N,N,N,N,N,Y,Y,N,Y,N,N,28.60356324,-81.30729388,469956.030856,3164103.684151,R,,ARBM15Q1R2,"June 10, 2023",3129944,-9051086.89641238,3325285.311523295
2020884046000,2020,884046000,FHPD20OFF073576,FLORIDA HIGHWAY PATROL,05 FIFTH,ORANGE,"October 23, 2020",1545,SATURDAY,"7500 UNINCORPORATED, ORANGE",0700,N,SR 551,SUGARBIN ST,0.076,N,28.51407,-81.2897799,0,0,75200000,2.688,02086,SR 551,,L LEFT,S SIDE OF ROAD,S SOUTH,20 URBAN 4-5LN 2WY DIVD RASD,03 STATE,01 NON-JUNCTION,02 OFF ROADWAY,01 NOT AT INTERSECTION,03 CURB,36,"February 11, 2020",16 URBAN MINOR ART,26,PAVED,4,CURB&GUTTER,2,,0,22,43500,RCI,4.6,,45,1 NO INJURY,31 Q/C COMPLETED - LOC VERIFIED,0 NO,01 NOT AT INTERSECTION/RRX/BRIDGE,01 DAYLIGHT,01 CLEAR,01 DRY,01 LEVEL,1 STRAIGHT,"TWO-WAY, DIVIDED, POSITIVE MED",,NO CONTROLS,NOT CODED,4,NONE,NOT CODED,NOT CODED,NONE,NOT CODED,NOT CODED,32 TREE (STANDING),77 OTHER (SEE NARRATIVE),16 LEAVING TRAFFIC LANE,RAN OFF ROADWAY,NOT CODED,00 NOT CODED,00 NOT CODED,00 NOT CODED,00 NOT CODED,01 NO,0,0,0,0,1,0,1,1,N,N,N,N,Y,N,N,N,N,N,Y,N,N,N,N,N,N,N,N,N,N,N,N,N,N,N,28.514783127,-81.28981013,471641.632902,3154263.917708,L,,ARBM15Q1R2,"June 10, 2023",3129945,-9049140.613379825,3314033.2416163664
2020884046020,2020,884046020,FHPD20OFF073614,FLORIDA HIGHWAY PATROL,05 FIFTH,ORANGE,"October 23, 2020",1814,SATURDAY,"7500 UNINCORPORATED, ORANGE",0700,N,SR 551,LAKE UNDERHILL RD,0,,28.5391,-81.2856799,28.5391202,-81.2857702,75200000,4.423,02092,SR 551,,L LEFT,1 THRU LANE 1,E EAST,20 URBAN 4-5LN 2WY DIVD RASD,03 STATE,02 INTERSECTION,01 ON ROADWAY,02 FOUR-WAY INTERSECTION,03 CURB,36,"February 11, 2020",16 URBAN MINOR ART,26,PAVED,4,CURB&GUTTER,2,,0,22,43500,RCI,3.6,,45,3 NO-INCAPACITATING INJURY,31 Q/C COMPLETED - LOC VERIFIED,0 NO,02 AT INTERSECTION,01 DAYLIGHT,01 CLEAR,01 DRY,01 LEVEL,1 STRAIGHT,"TWO-WAY, DIVIDED, POSITIVE MED","TWO-WAY, DIVIDED, POSITIVE MED",TRAFFIC CONTROL SIGNAL,TRAFFIC CONTROL SIGNAL,4,NONE,NOT CODED,NOT CODED,NONE,NOT CODED,NOT CODED,14 MOTOR VEHICLE IN TRANSPORT,03 ANGLE,01 STRAIGHT AHEAD,NO CONTRIBUTING ACTION,NO CONTRIBUTING ACTION,00 NOT CODED,00 NOT CODED,00 NOT CODED,00 NOT CODED,01 NO,2,0,0,0,2,0,2,2,N,N,N,Y,N,N,N,N,N,N,N,N,N,N,N,N,N,N,N,N,N,Y,Y,N,N,N,28.538865305,-81.285841054,472036.371342,3156930.916429,L,,ARBM15Q1R2,"June 10, 2023",3129946,-9048698.777889961,3317084.500421506
2020884046040,2020,884046040,FHPD20OFF073831,FLORIDA HIGHWAY PATROL,05 FIFTH,ORANGE,"October 24, 2020",1635,SUNDAY,"7500 UNINCORPORATED, ORANGE",0700,N,SR 50,ECONLOCKHATCHEE TRL,0.047,E,28.5682911,-81.2538752,28.5684907,-81.2517642,75060000,8.99,05178,SR 50,,L LEFT,2 THRU LANE 2,W WEST,30 URBAN 6+LN 2WY DIVD RASD,03 STATE,03 INTERSECTION-RELATED,01 ON ROADWAY,01 NOT AT INTERSECTION,03 CURB,40,"September 9, 2019",14 URBAN PRIN ART OTHER,36,PAVED,4,CURB&GUTTER,2,,0,34,58500,RCI,2.3,,50,2 POSSIBLE INJURY,31 Q/C COMPLETED - LOC VERIFIED,0 NO,03 INFLUENCED BY INTERSECTION,01 DAYLIGHT,01 CLEAR,01 DRY,01 LEVEL,1 STRAIGHT,"TWO-WAY, DIVIDED, POSITIVE MED","TWO-WAY, DIVIDED, POSITIVE MED",TRAFFIC CONTROL SIGNAL,TRAFFIC CONTROL SIGNAL,6,NONE,NOT CODED,NOT CODED,NONE,NOT CODED,NOT CODED,14 MOTOR VEHICLE IN TRANSPORT,01 FRONT TO REAR,01 STRAIGHT AHEAD,OPERATED MV IN CARLESS OR NEGL,NO CONTRIBUTING ACTION,00 NOT CODED,00 NOT CODED,00 NOT CODED,00 NOT CODED,01 NO,1,0,0,0,2,0,2,2,N,N,N,Y,N,N,N,N,N,N,Y,N,N,N,N,N,N,N,N,N,N,N,N,N,N,N,28.568519398,-81.252397282,475315.081655,3160208.794113,L,,ARBM15Q1R2,"June 10, 2023",3129947,-9044975.833183577,3320842.6904186797
2020884046050,2020,884046050,FHPD20OFF073844,FLORIDA HIGHWAY PATROL,05 FIFTH,ORANGE,"October 24, 2020",1705,SUNDAY,"7500 UNINCORPORATED, ORANGE",0700,N,SR 520,CR 532,0.133,N,28.3713081,-80.896519,0,0,75140000,14.989,05322,SR 520,,R RIGHT,S SIDE OF ROAD,E EAST,26 RURAL 4-5LN 2WY DIVD RASD,03 STATE,01 NON-JUNCTION,02 OFF ROADWAY,01 NOT AT INTERSECTION,03 CURB,42,"March 2, 2020",04 RURAL PRIN ART OTHER,24,PAVED,5,LAWN,12,,0,40,19800,RCI,6.9,,65,2 POSSIBLE INJURY,31 Q/C COMPLETED - LOC VERIFIED,0 NO,01 NOT AT INTERSECTION/RRX/BRIDGE,01 DAYLIGHT,03 RAIN,02 WET,01 LEVEL,1 STRAIGHT,"TWO-WAY, DIVIDED, POSITIVE MED",,NO CONTROLS,NOT CODED,4,NONE,NOT CODED,NOT CODED,NONE,NOT CODED,NOT CODED,27 GUARDRAIL FACE,77 OTHER (SEE NARRATIVE),16 LEAVING TRAFFIC LANE,RAN OFF ROADWAY,NOT CODED,00 NOT CODED,00 NOT CODED,00 NOT CODED,00 NOT CODED,01 NO,1,0,0,0,1,0,1,1,N,N,N,N,Y,N,N,N,N,N,Y,N,N,N,N,N,N,N,N,N,Y,N,N,N,N,N,28.382602267,-80.922558659,507587.166238,3139588.804498,R,,ARBM15Q1R2,"June 10, 2023",3129948,-9008258.354322022,3297298.053549251
2020884046060,2020,884046060,FHPD20OFF073877,FLORIDA HIGHWAY PATROL,05 FIFTH,ORANGE,"October 24, 2020",1905,SUNDAY,"7500 UNINCORPORATED, ORANGE",0700,N,SR 15,KEMPSTON DR,0,,28.4806199,-81.31578,28.4805917,-81.3158944,75080000,11.931,00177,SR 15,,L LEFT,1 THRU LANE 1,E EAST,20 URBAN 4-5LN 2WY DIVD RASD,03 STATE,02 INTERSECTION,01 ON ROADWAY,03 T-INTERSECTION,03 CURB,42,"January 9, 2019",16 URBAN MINOR ART,22,PAVED,4,CURB&GUTTER,2,,0,22,25500,RCI,4.5,,45,3 NO-INCAPACITATING INJURY,31 Q/C COMPLETED - LOC VERIFIED,0 NO,02 AT INTERSECTION,01 DAYLIGHT,01 CLEAR,01 DRY,01 LEVEL,1 STRAIGHT,"TWO-WAY, DIVIDED, POSITIVE MED","TWO-WAY, DIVIDED, POSITIVE MED",NO CONTROLS,NO CONTROLS,4,NONE,NOT CODED,NOT CODED,NONE,NOT CODED,NOT CODED,14 MOTOR VEHICLE IN TRANSPORT,03 ANGLE,03 TURNING LEFT,FAILED TO YIELD RIGHT-OF-WAY,NO CONTRIBUTING ACTION,00 NOT CODED,00 NOT CODED,00 NOT CODED,00 NOT CODED,01 NO,3,0,0,0,2,0,2,6,N,N,N,Y,N,N,N,N,N,N,Y,N,N,N,N,N,N,N,N,N,Y,N,N,N,N,N,28.480614669,-81.315849299,469083.690295,3150485.024336,C,,ARBM15Q1R2,"June 10, 2023",3129949,-9052039.28117969,3309705.2265433273
2020884032990,2020,884032990,FHPD20OFF072944,FLORIDA HIGHWAY PATROL,05 FIFTH,ORANGE,"October 21, 2020",1107,THURSDAY,"7500 UNINCORPORATED, ORANGE",0700,N,SR 482,MANDARIN DR,0,,28.4500899,-81.44614,28.4499896,-81.4460612,75002000,1.856,06468,SR 482,,L LEFT,1 THRU LANE 1,S SOUTH,20 URBAN 4-5LN 2WY DIVD RASD,03 STATE,02 INTERSECTION,01 ON ROADWAY,03 T-INTERSECTION,03 CURB,34,"May 19, 2015",16 URBAN MINOR ART,24,PAVED,5,CURB&GUTTER,2,,0,40,59000,RCI,5.3,,55,3 NO-INCAPACITATING INJURY,31 Q/C COMPLETED - LOC VERIFIED,0 NO,02 AT INTERSECTION,01 DAYLIGHT,01 CLEAR,01 DRY,01 LEVEL,1 STRAIGHT,"TWO-WAY, NOT DIVIDED","TWO-WAY, DIVIDED, POSITIVE MED",TRAFFIC CONTROL SIGNAL,TRAFFIC CONTROL SIGNAL,4,NONE,NOT CODED,NOT CODED,NONE,NOT CODED,NOT CODED,14 MOTOR VEHICLE IN TRANSPORT,03 ANGLE,03 TURNING LEFT,OTHER CONTRIBUTING ACTION,OTHER CONTRIBUTING ACTION,00 NOT CODED,00 NOT CODED,00 NOT CODED,00 NOT CODED,01 NO,2,0,0,0,2,0,2,2,N,N,N,Y,N,N,N,N,N,N,N,N,N,N,N,N,N,N,N,N,N,N,N,N,N,N,28.450083686,-81.446242217,456307.749717,3147143.142319,L,,ARBM15Q1R2,"June 10, 2023",3129971,-9066554.558456399,3305839.143582375
2020883959950,2020,883959950,FHPD20OFF069050,FLORIDA HIGHWAY PATROL,05 FIFTH,ORANGE,"October 6, 2020",1711,WEDNESDAY,7533 ORLANDO TRANSIT AUTHORITY,0733,N,SR 528,TRADEPORT DR,0.25,W,28.4506684,-81.3396211,28.4507619,-81.3376672,75002000,8.481,05602,SR 528,,M MEDIAN,M MIDDLE,E EAST,03 TOLL ROAD URBAN,06 TURNPIKE/TOLL,01 NON-JUNCTION,03 SHOULDER,01 NOT AT INTERSECTION,01 PAVED,38,"March 3, 2020",12 URBAN PRIN ART EXPR.,36,PAVED WARN,4,VALLEY GUTR,3,,0,22,108500,RCI,3.7,,55,1 NO INJURY,31 Q/C COMPLETED - LOC VERIFIED,0 NO,01 NOT AT INTERSECTION/RRX/BRIDGE,01 DAYLIGHT,03 RAIN,02 WET,01 LEVEL,1 STRAIGHT,"TWO-WAY, DIVIDED, POSITIVE MED",,NO CONTROLS,NOT CODED,6,NONE,NOT CODED,NOT CODED,NONE,NOT CODED,NOT CODED,30 CONCRETE TRAFFIC BARRIER,77 OTHER (SEE NARRATIVE),01 STRAIGHT AHEAD,OPERATED MV IN CARLESS OR NEGL,NOT CODED,00 NOT CODED,00 NOT CODED,00 NOT CODED,00 NOT CODED,01 NO,0,0,0,0,1,0,1,1,N,N,N,N,Y,N,N,N,N,N,N,N,N,N,N,N,N,N,N,N,N,N,N,N,N,N,28.450759276,-81.337651821,466940.288247,3147183.336258,R,,ARBM15Q1R2,"June 10, 2023",3129975,-9054466.327491524,3305924.6805502973
2020883959960,2020,883959960,FHPD20OFF070886,FLORIDA HIGHWAY PATROL,05 FIFTH,ORANGE,"October 13, 2020",1536,WEDNESDAY,7533 ORLANDO TRANSIT AUTHORITY,0733,N,SR 528,DALLAS BLVD,3,E,28.4522875,-81.0415273,28.452118,-81.0455411,75002000,26.296,01884,SR 528,,M MEDIAN,M MIDDLE,W WEST,04 TOLL ROAD RURAL,06 TURNPIKE/TOLL,01 NON-JUNCTION,02 OFF ROADWAY,01 NOT AT INTERSECTION,01 PAVED,38,"April 2, 2018",02 RURAL PRIN ART EXPR.,24,PAVED WARN,10,LAWN,12,,0,42,56500,RCI,8.9,,70,1 NO INJURY,31 Q/C COMPLETED - LOC VERIFIED,0 NO,01 NOT AT INTERSECTION/RRX/BRIDGE,01 DAYLIGHT,01 CLEAR,01 DRY,01 LEVEL,1 STRAIGHT,"TWO-WAY, DIVIDED, POSITIVE MED",,NO CONTROLS,NOT CODED,4,NONE,NOT CODED,NOT CODED,NONE,NOT CODED,NOT CODED,29 CABLE BARRIER,77 OTHER (SEE NARRATIVE),01 STRAIGHT AHEAD,OPERATED MV IN CARLESS OR NEGL,NOT CODED,00 NOT CODED,00 NOT CODED,00 NOT CODED,00 NOT CODED,01 NO,0,0,0,0,1,0,1,2,N,N,N,N,Y,N,N,N,N,N,N,N,N,N,N,N,N,N,N,N,N,Y,Y,N,N,N,28.452121199,-81.04533554,495561.238278,3147288.641985,R,,ARBM15Q1R2,"June 10, 2023",3129976,-9021925.81828944,3306097.116610973