Crash Id,Calendar Year,FDOT Crash Number,Reporting Agency Case Number,Reporting Agency Type,FDOT Managing District,County Name,Crash Date,Crash Time,Day,DHSMV City,Crash Report City Code,In Town,On Roadway Name,Int Roadway Name,Reference Distance (Miles),Reference Direction,Officer Latitude,Officer Longitude,FDOT Latitude,FDOT Longitude,FDOT Roadway,Nearest Inventory MP,Nearest Node From Crash,State Road #,US Highway,Crash Side of Road,Accident Lane Number,Travel Direction Vehicle 1,FDOT Road Category,DHSMV Road System Id,Relation to Junction,Crash Harmful Event Location,Intersection Type,Shoulder Type,FDOT Roadway SKID Test Result,FDOT Roadway SKID Test Date,Functional Class,RCI Surface Width,RCI Shoulder Type First,RCI Shoulder Width First,RCI Shoulder Type Second,RCI Shoulder Width Second,RCI Shoulder Type Third,RCI Shoulder Width Third,RCI Median Width,Avg Daily Traffic,AADT Source,RCI Avg Per Truck Traffic,RCI Horiz Curve Condition,Posted Speed Limit,Highest Injury in Crash,CAR Status Code,Alcohols/Drug Involved,Site Location,Lighting,Weather,Road Surface,Roadway Grade,Roadway Alignment,Traffic Way Vehicle 1,Traffic Way Vehicle 2,Traffic Control Vehicle 1,Traffic Control Vehicle 2,Count of Lanes,Road Condition 1,Road Condition 2,Road Condition 3,Environment Condition 1,Environment Condition 2,Environment Condition 3,Crash Harmful Event,Manner of Collision,Vehicle Movement,Driver Action Vehicle 1,Driver Action Vehicle 2,Location Within Workzone,Type of Workzone,Workers Present in Workzone,Law Enforcement Present in Workzone,School Bus Related,Count of Nonfatal Injuries,Count of Traffic Fatalities,Count of Serious Injuries,Count of Pedestrians,Count of Drivers,Count of Bicyclists,Count of Vehicles,Count of Persons,Wrong Way,Workzone Inv,Commercial Vehicle Inv,Intersection Inv,Lane Departure,Speeding,Agressive Driving,Impaired Driver,Impaired Pedestrian,Impaired Bicyclist,Distracted Driver,Speeding or Aggressive Driving,Pedestrian Related,Bicyclist Related,Pedestrian or Bicyclist Related,Motorcycle Inv,No Belt,No Belt - Ages 1-4,No Belt - Ages 5-12,No Belt - Ages 13-17,Driver - Ages Teen,Driver - Ages 65 plus,Driver - Ages 65-69,Driver - Ages 70-74,Driver - Ages 75-79,Driver - Ages 80 plus,ARBM Latitude,ARBM Longitude,UTM Zone 17N X,UTM Zone 17N Y,ARBM Side of Road,Urban Rural Indicator,GIS Street Source,Extract Date,OBJECTID,x,y
2020884278580,2020,884278580,FHPD20OFF084892,FLORIDA HIGHWAY PATROL,05 FIFTH,ORANGE,"December 6, 2020",1230,MONDAY,"7500 UNINCORPORATED, ORANGE",0700,N,COLONIAL DR E,ST NICHOLAS AVE,4,W,28.5425374,-80.9437343,0,0,75060000,21.595,05236,SR 50,,R RIGHT,S SIDE OF ROAD,E EAST,26 RURAL 4-5LN 2WY DIVD RASD,03 STATE,01 NON-JUNCTION,02 OFF ROADWAY,01 NOT AT INTERSECTION,01 PAVED,42,"September 9, 2019",04 RURAL PRIN ART OTHER,24,PAVED,4,LAWN,12,,0,40,12400,RCI,2.5,,60,3 NO-INCAPACITATING INJURY,31 Q/C COMPLETED - LOC VERIFIED,0 NO,01 NOT AT INTERSECTION/RRX/BRIDGE,01 DAYLIGHT,02 CLOUDY,02 WET,01 LEVEL,3 CURVE LEFT,"TWO-WAY, DIVIDED, POSITIVE MED",,NO CONTROLS,NOT CODED,4,NONE,NOT CODED,NOT CODED,NONE,NOT CODED,NOT CODED,27 GUARDRAIL FACE,77 OTHER (SEE NARRATIVE),15 NEGOTIATING A CURVE,OPERATED MV IN CARLESS OR NEGL,NOT CODED,00 NOT CODED,00 NOT CODED,00 NOT CODED,00 NOT CODED,01 NO,1,0,0,0,1,0,1,1,N,N,N,N,Y,N,N,N,N,N,N,N,N,N,N,N,N,N,N,N,N,N,N,N,N,N,28.536045743,-81.053742653,494742.265725,3156586.407271,R,,ARBM15Q1R2,"June 10, 2023",3130960,-9022861.694505168,3316727.221213525
2020884044260,2020,884044260,FHPD20OFF078440,FLORIDA HIGHWAY PATROL,05 FIFTH,ORANGE,"November 10, 2020",2300,WEDNESDAY,7546 ORLANDO,0746,N,SR 50,DEAN RD,0,,28.56927,-81.24487,28.5692152,-81.2446879,75060000,9.454,05182,SR 50,,R RIGHT,2 THRU LANE 2,E EAST,30 URBAN 6+LN 2WY DIVD RASD,03 STATE,02 INTERSECTION,01 ON ROADWAY,02 FOUR-WAY INTERSECTION,03 CURB,39,"September 9, 2019",14 URBAN PRIN ART OTHER,36,PAVED,4,CURB&GUTTER,2,,0,34,59500,RCI,3.4,,45,2 POSSIBLE INJURY,31 Q/C COMPLETED - LOC VERIFIED,0 NO,02 AT INTERSECTION,04 DARK-LIGHTED,03 RAIN,02 WET,01 LEVEL,1 STRAIGHT,"TWO-WAY, DIVIDED, POSITIVE MED","TWO-WAY, DIVIDED, POSITIVE MED",TRAFFIC CONTROL SIGNAL,TRAFFIC CONTROL SIGNAL,6,NONE,NOT CODED,NOT CODED,NONE,NOT CODED,NOT CODED,14 MOTOR VEHICLE IN TRANSPORT,03 ANGLE,01 STRAIGHT AHEAD,RAN RED LIGHT,NO CONTRIBUTING ACTION,00 NOT CODED,00 NOT CODED,00 NOT CODED,00 NOT CODED,01 NO,3,0,0,0,3,0,3,3,N,N,N,Y,N,N,N,N,N,N,Y,N,N,N,N,N,N,N,N,N,Y,N,N,N,N,N,28.569100586,-81.244748185,476063.311494,3160271.628818,R,,ARBM15Q1R2,"June 10, 2023",3130976,-9044124.339362169,3320916.3573540035
2020884044280,2020,884044280,FHPD20OFF078985,FLORIDA HIGHWAY PATROL,05 FIFTH,ORANGE,"November 12, 2020",2220,FRIDAY,7546 ORLANDO,0746,N,SR 438,HIAWASSEE RD,0.009,E,28.5775,-81.4760899,28.5775929,-81.4758737,75250000,4.823,01231,SR 438,,L LEFT,R RIGHT TURN,W WEST,30 URBAN 6+LN 2WY DIVD RASD,03 STATE,01 NON-JUNCTION,01 ON ROADWAY,01 NOT AT INTERSECTION,03 CURB,38,"September 8, 2019",16 URBAN MINOR ART,36,CURB&GUTTER,2,,0,,0,20,40000,RCI,6.1,,40,1 NO INJURY,31 Q/C COMPLETED - LOC VERIFIED,0 NO,03 INFLUENCED BY INTERSECTION,04 DARK-LIGHTED,01 CLEAR,01 DRY,01 LEVEL,1 STRAIGHT,"TWO-WAY, DIVIDED, POSITIVE MED","TWO-WAY, DIVIDED, POSITIVE MED",NO CONTROLS,NO CONTROLS,6,NONE,NOT CODED,NOT CODED,NONE,NOT CODED,NOT CODED,14 MOTOR VEHICLE IN TRANSPORT,01 FRONT TO REAR,01 STRAIGHT AHEAD,NOT CODED,NO CONTRIBUTING ACTION,00 NOT CODED,00 NOT CODED,00 NOT CODED,00 NOT CODED,01 NO,0,0,0,0,2,0,3,2,N,N,N,Y,N,N,N,N,N,N,N,N,N,N,N,N,N,N,N,N,N,N,N,N,N,N,28.57767465,-81.47584881,453464.93014,3161289.490394,L,,ARBM15Q1R2,"June 10, 2023",3130977,-9069850.350849466,3322003.1877645953
2020884044300,2020,884044300,FHPD20OFF079231,FLORIDA HIGHWAY PATROL,05 FIFTH,ORANGE,"November 13, 2020",2300,SATURDAY,7546 ORLANDO,0746,N,SR 434,CENTAURUS DR,0.009,S,28.60237,-81.2077699,28.6022328,-81.2076725,75037000,2.459,00905,SR 434,,L LEFT,3 THRU LANE 3,S SOUTH,30 URBAN 6+LN 2WY DIVD RASD,03 STATE,01 NON-JUNCTION,01 ON ROADWAY,01 NOT AT INTERSECTION,03 CURB,38,"September 9, 2019",14 URBAN PRIN ART OTHER,33,PAVED,4,CURB&GUTTER,2,,0,28,50000,RCI,3.1,,45,1 NO INJURY,31 Q/C COMPLETED - LOC VERIFIED,0 NO,01 NOT AT INTERSECTION/RRX/BRIDGE,04 DARK-LIGHTED,01 CLEAR,01 DRY,01 LEVEL,1 STRAIGHT,"TWO-WAY, DIVIDED, POSITIVE MED","TWO-WAY, DIVIDED, POSITIVE MED",NO CONTROLS,NO CONTROLS,6,NONE,NOT CODED,NOT CODED,NONE,NOT CODED,NOT CODED,14 MOTOR VEHICLE IN TRANSPORT,01 FRONT TO REAR,01 STRAIGHT AHEAD,OPERATED MV IN CARLESS OR NEGL,NO CONTRIBUTING ACTION,00 NOT CODED,00 NOT CODED,00 NOT CODED,00 NOT CODED,01 NO,0,0,0,0,2,0,2,2,N,N,N,N,N,N,N,N,N,N,Y,N,N,N,N,N,N,N,N,N,N,N,N,N,N,N,28.602282228,-81.207766939,479686.512636,3163940.827648,L,,ARBM15Q1R2,"June 10, 2023",3130978,-9040007.604870528,3325122.887621819
2020884047990,2020,884047990,FHPD20OFF073607,FLORIDA HIGHWAY PATROL,05 FIFTH,ORANGE,"October 23, 2020",1720,SATURDAY,7546 ORLANDO,0746,N,CR 526,SR 435,0.002,E,28.5380446,-81.4578695,28.5380691,-81.4581659,75270000,6.103,00128,SR 435,,S SIDE RD RIGHT,2 THRU LANE 2,E EAST,33 SUBURBAN 6+LN 2WY DIVD RASD,04 COUNTY,03 INTERSECTION-RELATED,01 ON ROADWAY,01 NOT AT INTERSECTION,03 CURB,30,"February 11, 2020",14 URBAN PRIN ART OTHER,36,PAVED,4,LAWN,7,,0,32,59500,RCI,6.1,,45,2 POSSIBLE INJURY,31 Q/C COMPLETED - LOC VERIFIED,0 NO,01 NOT AT INTERSECTION/RRX/BRIDGE,01 DAYLIGHT,01 CLEAR,01 DRY,01 LEVEL,1 STRAIGHT,"TWO-WAY, DIVIDED, POSITIVE MED","TWO-WAY, DIVIDED, POSITIVE MED",NO CONTROLS,NO CONTROLS,6,NONE,NOT CODED,NOT CODED,NONE,NOT CODED,NOT CODED,14 MOTOR VEHICLE IN TRANSPORT,01 FRONT TO REAR,01 STRAIGHT AHEAD,OPERATED MV IN CARLESS OR NEGL,NO CONTRIBUTING ACTION,00 NOT CODED,00 NOT CODED,00 NOT CODED,00 NOT CODED,01 NO,1,0,0,0,2,0,2,2,N,N,N,N,N,N,N,N,N,N,N,N,N,N,N,N,N,N,N,N,N,N,N,N,N,N,28.538153553,-81.458076869,455186.202312,3156904.325851,R,,ARBM15Q1R2,"June 10, 2023",3131009,-9067871.986615753,3316994.3096727817
2020884045660,2020,884045660,FHPD20OFF069778,FLORIDA HIGHWAY PATROL,05 FIFTH,ORANGE,"October 9, 2020",1050,SATURDAY,"7500 UNINCORPORATED, ORANGE",0700,N,SR 426,SR 551,0.047,E,28.6104166,-81.2842363,28.6092333,-81.2879829,75090000,4.172,06756,SR 426,,L LEFT,1 THRU LANE 1,W WEST,20 URBAN 4-5LN 2WY DIVD RASD,04 COUNTY,03 INTERSECTION-RELATED,01 ON ROADWAY,01 NOT AT INTERSECTION,03 CURB,38,"February 11, 2020",16 URBAN MINOR ART,24,CURB&GUTTER,2,,0,,0,22,32500,RCI,3.1,,40,3 NO-INCAPACITATING INJURY,31 Q/C COMPLETED - LOC VERIFIED,0 NO,03 INFLUENCED BY INTERSECTION,01 DAYLIGHT,01 CLEAR,01 DRY,01 LEVEL,1 STRAIGHT,"TWO-WAY, DIVIDED, POSITIVE MED","TWO-WAY, DIVIDED, POSITIVE MED",TRAFFIC CONTROL SIGNAL,TRAFFIC CONTROL SIGNAL,4,NONE,NOT CODED,NOT CODED,NONE,NOT CODED,NOT CODED,14 MOTOR VEHICLE IN TRANSPORT,01 FRONT TO REAR,01 STRAIGHT AHEAD,OPERATED MV IN CARLESS OR NEGL,NO CONTRIBUTING ACTION,00 NOT CODED,00 NOT CODED,00 NOT CODED,00 NOT CODED,01 NO,2,0,0,0,2,0,2,3,N,N,N,Y,N,N,N,N,N,N,Y,N,N,N,N,N,N,N,N,N,N,Y,Y,N,N,N,28.609310792,-81.287958455,471847.986944,3164735.729655,L,,ARBM15Q1R2,"June 10, 2023",3131030,-9048934.486193506,3326014.0888032014
2020884045670,2020,884045670,FHPD20OFF069781,FLORIDA HIGHWAY PATROL,05 FIFTH,ORANGE,"October 9, 2020",1505,SATURDAY,"7500 UNINCORPORATED, ORANGE",0700,N,SR 50,DEAN RD,0.047,W,28.5690832,-81.247573,28.5691332,-81.2454104,75060000,9.407,05182,SR 50,,R RIGHT,1 THRU LANE 1,N NORTH,30 URBAN 6+LN 2WY DIVD RASD,03 STATE,04 DRIVEWAY/ALLEY ACCESS RELATED,01 ON ROADWAY,01 NOT AT INTERSECTION,03 CURB,39,"September 9, 2019",14 URBAN PRIN ART OTHER,36,PAVED,4,CURB&GUTTER,2,,0,34,58500,RCI,2.3,,45,2 POSSIBLE INJURY,31 Q/C COMPLETED - LOC VERIFIED,0 NO,04 DRIVEWAY ACCESS,01 DAYLIGHT,01 CLEAR,01 DRY,01 LEVEL,1 STRAIGHT,"TWO-WAY, NOT DIVIDED","TWO-WAY, DIVIDED, POSITIVE MED",NO CONTROLS,NO CONTROLS,6,NONE,NOT CODED,NOT CODED,NONE,NOT CODED,NOT CODED,14 MOTOR VEHICLE IN TRANSPORT,03 ANGLE,01 STRAIGHT AHEAD,FAILED TO YIELD RIGHT-OF-WAY,NO CONTRIBUTING ACTION,00 NOT CODED,00 NOT CODED,00 NOT CODED,00 NOT CODED,01 NO,2,0,0,0,2,0,2,3,N,N,N,N,N,N,N,N,N,N,Y,N,N,N,N,N,N,N,N,N,N,N,N,N,N,N,28.569023968,-81.24551676,475988.126207,3160263.294561,R,,ARBM15Q1R2,"June 10, 2023",3131031,-9044209.896796146,3320906.645949836
2020884283550,2020,884283550,FHPD20OFF088225,FLORIDA HIGHWAY PATROL,05 FIFTH,ORANGE,"December 19, 2020",1525,SUNDAY,7546 ORLANDO,0746,N,SR 438,BELCO DR,0.009,E,28.57803,-81.4542846,28.5779583,-81.4539135,75250000,6.16,01859,SR 438,,L LEFT,2 THRU LANE 2,E EAST,30 URBAN 6+LN 2WY DIVD RASD,03 STATE,01 NON-JUNCTION,01 ON ROADWAY,01 NOT AT INTERSECTION,03 CURB,38,"September 8, 2019",16 URBAN MINOR ART,36,CURB&GUTTER,2,,0,,0,20,32500,RCI,4.3,,40,2 POSSIBLE INJURY,31 Q/C COMPLETED - LOC VERIFIED,0 NO,03 INFLUENCED BY INTERSECTION,01 DAYLIGHT,02 CLOUDY,01 DRY,01 LEVEL,1 STRAIGHT,"TWO-WAY, DIVIDED, POSITIVE MED","TWO-WAY, DIVIDED, POSITIVE MED",NO CONTROLS,NO CONTROLS,6,NONE,NOT CODED,NOT CODED,NONE,NOT CODED,NOT CODED,14 MOTOR VEHICLE IN TRANSPORT,"04 SIDESWIPE, SAME DIRECTION",11 OVERTAKING/PASSING,IMPROPER PASSING,NO CONTRIBUTING ACTION,00 NOT CODED,00 NOT CODED,00 NOT CODED,00 NOT CODED,01 NO,3,0,0,0,3,0,3,8,N,N,N,Y,N,N,N,N,N,N,N,N,N,N,N,N,N,N,N,N,N,Y,Y,N,N,N,28.57802465,-81.45385713,455615.752555,3161319.91869,L,,ARBM15Q1R2,"June 10, 2023",3131089,-9067402.247356037,3322047.5549210035
2020884291420,2020,884291420,FHPD20OFF081694,FLORIDA HIGHWAY PATROL,05 FIFTH,ORANGE,"November 22, 2020",2004,MONDAY,7546 ORLANDO,0746,N,34TH ST,US 441,0.001,E,28.5082054,-81.39678,28.5081346,-81.3969245,75010000,11.086,01944,SR 500,US 17,S SIDE RD RIGHT,1 THRU LANE 1,W WEST,20 URBAN 4-5LN 2WY DIVD RASD,05 LOCAL,03 INTERSECTION-RELATED,01 ON ROADWAY,01 NOT AT INTERSECTION,03 CURB,35,"March 1, 2020",14 URBAN PRIN ART OTHER,24,CURB&GUTTER,2,,0,,0,15,58500,RCI,6.2,,35,1 NO INJURY,31 Q/C COMPLETED - LOC VERIFIED,0 NO,03 INFLUENCED BY INTERSECTION,03 DAWN,01 CLEAR,01 DRY,01 LEVEL,1 STRAIGHT,"TWO-WAY, NOT DIVIDED","TWO-WAY, NOT DIVIDED",STOP SIGN,STOP SIGN,4,NONE,NOT CODED,NOT CODED,NONE,NOT CODED,NOT CODED,14 MOTOR VEHICLE IN TRANSPORT,"04 SIDESWIPE, SAME DIRECTION",05 TURNING RIGHT,OTHER CONTRIBUTING ACTION,OTHER CONTRIBUTING ACTION,00 NOT CODED,00 NOT CODED,00 NOT CODED,00 NOT CODED,01 NO,0,0,0,0,2,0,2,2,N,N,Y,Y,N,N,N,N,N,N,N,N,N,N,N,N,N,N,N,N,N,N,N,N,N,N,28.508153212,-81.396876856,461162.480926,3153559.394706,R,,ARBM15Q1R2,"June 10, 2023",3131090,-9061059.230342876,3313193.3403867525
2020884291430,2020,884291430,FHPD20OFF081886,FLORIDA HIGHWAY PATROL,05 FIFTH,ORANGE,"November 23, 2020",1631,TUESDAY,7546 ORLANDO,0746,N,SR 408,DEAN RD,0,,28.5467791,-81.2444294,28.5466198,-81.2444765,75008167,0.178,03590,SR 408,,R RIGHT,X RAMP,S SOUTH,08 RAMP RURAL,05 LOCAL,02 INTERSECTION,01 ON ROADWAY,03 T-INTERSECTION,03 CURB,0,"December 31, 2000",,32,CURB&GUTTER,2,,0,,0,,6000,RCI,4.1,,,1 NO INJURY,31 Q/C COMPLETED - LOC VERIFIED,0 NO,08 EXIT RAMP,01 DAYLIGHT,01 CLEAR,01 DRY,01 LEVEL,1 STRAIGHT,"TWO-WAY, DIVIDED, POSITIVE MED","TWO-WAY, NOT DIVIDED",TRAFFIC CONTROL SIGNAL,TRAFFIC CONTROL SIGNAL,2,NONE,NOT CODED,NOT CODED,NONE,NOT CODED,NOT CODED,14 MOTOR VEHICLE IN TRANSPORT,03 ANGLE,01 STRAIGHT AHEAD,RAN RED LIGHT,NO CONTRIBUTING ACTION,00 NOT CODED,00 NOT CODED,00 NOT CODED,00 NOT CODED,01 NO,0,0,0,0,2,0,2,2,N,N,N,N,N,N,N,N,N,N,Y,N,N,N,N,N,N,N,N,N,N,N,N,N,N,N,28.546615891,-81.24448817,476083.6601,3157780.6162,O,,ARBM15Q1R2,"June 10, 2023",3131091,-9044095.394523425,3318066.663362969
2020240931520,2020,240931520,OCPD20OFF004357,COUNTY SHERIFF'S OFFICE,05 FIFTH,ORANGE,"November 10, 2020",1030,WEDNESDAY,7542 OCOEE,0742,Y,COLONIAL DR,SR 429,0,,28.55139,-81.5595299,28.5513934,-81.559086,75050000,6.04,03871,SR 50,,L LEFT,3 THRU LANE 3,N NORTH,30 URBAN 6+LN 2WY DIVD RASD,03 STATE,02 INTERSECTION,01 ON ROADWAY,02 FOUR-WAY INTERSECTION,01 PAVED,46,"June 10, 2018",14 URBAN PRIN ART OTHER,36,PAVED,4,CURB&GUTTER,2,,0,16,54500,RCI,4.6,D10'7',45,1 NO INJURY,31 Q/C COMPLETED - LOC VERIFIED,0 NO,02 AT INTERSECTION,01 DAYLIGHT,02 CLOUDY,01 DRY,01 LEVEL,1 STRAIGHT,"TWO-WAY, NOT DIV, W/CONT LTURN","TWO-WAY, NOT DIV, W/CONT LTURN",TRAFFIC CONTROL SIGNAL,TRAFFIC CONTROL SIGNAL,6,NONE,NOT CODED,NOT CODED,NONE,NOT CODED,NOT CODED,01 OVERTURN/ROLLOVER,77 OTHER (SEE NARRATIVE),03 TURNING LEFT,DROVE TOO FAST FOR CONDITIONS,NOT CODED,00 NOT CODED,00 NOT CODED,00 NOT CODED,00 NOT CODED,01 NO,0,0,0,0,1,0,3,4,N,N,Y,Y,N,Y,N,N,N,N,N,Y,N,N,N,N,N,N,N,N,N,N,N,N,N,N,28.551393051,-81.559164368,445303.465837,3158413.030689,C,,ARBM15Q1R2,"June 10, 2023",3131095,-9079124.998940079,3318672.065177414
2020240931530,2020,240931530,OCPD20OFF004534,COUNTY SHERIFF'S OFFICE,05 FIFTH,ORANGE,"November 24, 2020",0820,WEDNESDAY,7542 OCOEE,0742,Y,MAGUIRE RD,COLONIAL DR,0,,28.5516299,-81.54107,28.5516253,-81.5419947,75050000,7.079,02129,SR 50,,S SIDE RD RIGHT,1 THRU LANE 1,N NORTH,30 URBAN 6+LN 2WY DIVD RASD,03 STATE,03 INTERSECTION-RELATED,01 ON ROADWAY,02 FOUR-WAY INTERSECTION,01 PAVED,43,"June 10, 2018",14 URBAN PRIN ART OTHER,36,PAVED,4,CURB&GUTTER,2,,0,30,41500,RCI,4.6,,45,1 NO INJURY,31 Q/C COMPLETED - LOC VERIFIED,0 NO,02 AT INTERSECTION,01 DAYLIGHT,01 CLEAR,01 DRY,01 LEVEL,1 STRAIGHT,"TWO-WAY, NOT DIV, W/CONT LTURN","TWO-WAY, NOT DIV, W/CONT LTURN",TRAFFIC CONTROL SIGNAL,TRAFFIC CONTROL SIGNAL,6,NONE,NOT CODED,NOT CODED,NONE,NOT CODED,NOT CODED,14 MOTOR VEHICLE IN TRANSPORT,01 FRONT TO REAR,01 STRAIGHT AHEAD,OPERATED MV IN CARLESS OR NEGL,NO CONTRIBUTING ACTION,00 NOT CODED,00 NOT CODED,00 NOT CODED,00 NOT CODED,01 NO,0,0,0,0,2,0,2,3,N,N,Y,Y,N,N,N,N,N,N,N,N,N,N,N,N,N,N,N,N,N,N,N,N,N,N,28.551605263,-81.542062348,446976.491258,3158428.856898,C,,ARBM15Q1R2,"June 10, 2023",3131096,-9077221.210088383,3318698.9592073713
2020240932520,2020,240932520,OCPD20OFF004769,COUNTY SHERIFF'S OFFICE,05 FIFTH,ORANGE,"December 11, 2020",1925,SATURDAY,7542 OCOEE,0742,Y,SR 429,SR 438,0,,28.5519401,-81.5199894,28.5720787,-81.5585,75320002,0,03124,SR 429,,L LEFT,X RAMP,E EAST,07 RAMP URBAN,05 LOCAL,02 INTERSECTION,01 ON ROADWAY,03 T-INTERSECTION,03 CURB,0,"December 31, 2000",,36,CURB&GUTTER,2,LAWN,12,,0,,5100,RCI,4.1,,,2 POSSIBLE INJURY,31 Q/C COMPLETED - LOC VERIFIED,0 NO,07 ENTRANCE RAMP,04 DARK-LIGHTED,01 CLEAR,01 DRY,01 LEVEL,1 STRAIGHT,"TWO-WAY, DIVIDED, POSITIVE MED","TWO-WAY, DIVIDED, POSITIVE MED",TRAFFIC CONTROL SIGNAL,TRAFFIC CONTROL SIGNAL,2,NONE,NOT CODED,NOT CODED,NONE,NOT CODED,NOT CODED,14 MOTOR VEHICLE IN TRANSPORT,03 ANGLE,03 TURNING LEFT,OPERATED MV IN CARLESS OR NEGL,NO CONTRIBUTING ACTION,00 NOT CODED,00 NOT CODED,00 NOT CODED,00 NOT CODED,01 NO,1,0,0,0,2,0,2,2,N,N,N,N,N,N,N,N,N,N,N,N,N,N,N,N,N,N,N,N,N,N,N,N,N,N,28.572077112,-81.558650549,445364.4103,3160704.3238,O,,ARBM15Q1R2,"June 10, 2023",3131097,-9079067.80090576,3321293.6447059005
2020240932610,2020,240932610,OCPD20OFF004730,COUNTY SHERIFF'S OFFICE,05 FIFTH,ORANGE,"December 8, 2020",1430,WEDNESDAY,7542 OCOEE,0742,Y,SILVER STAR RD,OCOEE APOPKA RD,0,,28.5493366,-81.5340251,28.5735975,-81.5506862,75250000,0,00051,SR 438,,R RIGHT,1 THRU LANE 1,W WEST,14 SUBURBAN 2-3LN 2WY DIVD PAVD,04 COUNTY,02 INTERSECTION,01 ON ROADWAY,02 FOUR-WAY INTERSECTION,03 CURB,39,"September 8, 2019",16 URBAN MINOR ART,12,PAVED,4,LAWN,2,,0,12,14200,RCI,6.1,,35,1 NO INJURY,31 Q/C COMPLETED - LOC VERIFIED,0 NO,02 AT INTERSECTION,01 DAYLIGHT,01 CLEAR,01 DRY,01 LEVEL,1 STRAIGHT,"TWO-WAY, NOT DIVIDED","TWO-WAY, NOT DIVIDED",TRAFFIC CONTROL SIGNAL,TRAFFIC CONTROL SIGNAL,2,NONE,NOT CODED,NOT CODED,NONE,NOT CODED,NOT CODED,14 MOTOR VEHICLE IN TRANSPORT,"04 SIDESWIPE, SAME DIRECTION",03 TURNING LEFT,NOT CODED,NO CONTRIBUTING ACTION,00 NOT CODED,00 NOT CODED,00 NOT CODED,00 NOT CODED,01 NO,0,0,0,0,1,0,2,2,N,N,N,Y,N,N,N,N,N,N,N,N,N,N,N,N,N,N,N,N,N,Y,N,Y,N,N,28.573614653,-81.55068684,446144.0511,3160871.0575,C,,ARBM15Q1R2,"June 10, 2023",3131098,-9078181.284630403,3321488.539349147
2020240698640,2020,240698640,2020-00380505,COUNTY SHERIFF'S OFFICE,05 FIFTH,ORANGE,"December 2, 2020",1820,THURSDAY,7546 ORLANDO,0746,Y,SR 50,SR 500,0.009,E,0,0,28.5529644,-81.3954655,75060000,0.009,05076,SR 50,US 17,R RIGHT,2 THRU LANE 2,0,20 URBAN 4-5LN 2WY DIVD RASD,03 STATE,01 NON-JUNCTION,01 ON ROADWAY,01 NOT AT INTERSECTION,01 PAVED,37,"September 9, 2019",14 URBAN PRIN ART OTHER,22,PAVED,6,CURB&GUTTER,2,,0,12,36000,RCI,4.8,,40,1 NO INJURY,31 Q/C COMPLETED - LOC VERIFIED,0 NO,01 NOT AT INTERSECTION/RRX/BRIDGE,04 DARK-LIGHTED,01 CLEAR,01 DRY,00 NOT CODED,0 NOT CODED,NOT CODED,"TWO-WAY, DIVIDED, UNPROTECTED",NOT CODED,NO CONTROLS,4,NONE,NOT CODED,NOT CODED,NONE,NOT CODED,NOT CODED,14 MOTOR VEHICLE IN TRANSPORT,"04 SIDESWIPE, SAME DIRECTION",00 NOT CODED,NOT CODED,NO CONTRIBUTING ACTION,00 NOT CODED,00 NOT CODED,00 NOT CODED,00 NOT CODED,01 NO,0,0,0,0,1,0,2,1,N,N,Y,N,Y,N,N,N,N,N,N,N,N,N,N,N,N,N,N,N,N,N,N,N,N,N,28.552973024,-81.395471343,461316.392341,3158524.311455,C,,ARBM15Q1R2,"June 10, 2023",3131107,-9060902.769447321,3318872.299593755
2020240690990,2020,240690990,2020-00403741,COUNTY SHERIFF'S OFFICE,05 FIFTH,ORANGE,"December 21, 2020",1245,TUESDAY,7546 ORLANDO,0746,Y,JOHN YOUNG PKWY,W D JUDGE DR,0.038,S,0,0,28.5595834,-81.4149243,75190000,3.685,01213,SR 423,,R RIGHT,1 THRU LANE 1,N NORTH,23 SUBURBAN 4-5LN 2WY DIVD RASD,05 LOCAL,02 INTERSECTION,01 ON ROADWAY,02 FOUR-WAY INTERSECTION,01 PAVED,36,"May 23, 2016",14 URBAN PRIN ART OTHER,24,PAVED,4,LAWN,12,,0,35,56000,RCI,8.4,,55,2 POSSIBLE INJURY,31 Q/C COMPLETED - LOC VERIFIED,0 NO,03 INFLUENCED BY INTERSECTION,01 DAYLIGHT,01 CLEAR,01 DRY,01 LEVEL,1 STRAIGHT,"TWO-WAY, DIVIDED, POSITIVE MED","TWO-WAY, DIVIDED, POSITIVE MED",TRAFFIC CONTROL SIGNAL,TRAFFIC CONTROL SIGNAL,4,NONE,NOT CODED,NOT CODED,NONE,NOT CODED,NOT CODED,14 MOTOR VEHICLE IN TRANSPORT,01 FRONT TO REAR,01 STRAIGHT AHEAD,FOLLOWED TOO CLOSELY,NO CONTRIBUTING ACTION,00 NOT CODED,00 NOT CODED,00 NOT CODED,00 NOT CODED,01 NO,1,0,0,0,2,0,2,3,N,N,N,Y,N,N,N,N,N,N,N,N,N,N,N,N,N,N,N,N,N,N,N,N,N,N,28.559577687,-81.41483441,459424.880442,3159262.41559,R,,ARBM15Q1R2,"June 10, 2023",3131108,-9063058.256814752,3319709.357116094