Crash Id,Calendar Year,FDOT Crash Number,Reporting Agency Case Number,Reporting Agency Type,FDOT Managing District,County Name,Crash Date,Crash Time,Day,DHSMV City,Crash Report City Code,In Town,On Roadway Name,Int Roadway Name,Reference Distance (Miles),Reference Direction,Officer Latitude,Officer Longitude,FDOT Latitude,FDOT Longitude,FDOT Roadway,Nearest Inventory MP,Nearest Node From Crash,State Road #,US Highway,Crash Side of Road,Accident Lane Number,Travel Direction Vehicle 1,FDOT Road Category,DHSMV Road System Id,Relation to Junction,Crash Harmful Event Location,Intersection Type,Shoulder Type,FDOT Roadway SKID Test Result,FDOT Roadway SKID Test Date,Functional Class,RCI Surface Width,RCI Shoulder Type First,RCI Shoulder Width First,RCI Shoulder Type Second,RCI Shoulder Width Second,RCI Shoulder Type Third,RCI Shoulder Width Third,RCI Median Width,Avg Daily Traffic,AADT Source,RCI Avg Per Truck Traffic,RCI Horiz Curve Condition,Posted Speed Limit,Highest Injury in Crash,CAR Status Code,Alcohols/Drug Involved,Site Location,Lighting,Weather,Road Surface,Roadway Grade,Roadway Alignment,Traffic Way Vehicle 1,Traffic Way Vehicle 2,Traffic Control Vehicle 1,Traffic Control Vehicle 2,Count of Lanes,Road Condition 1,Road Condition 2,Road Condition 3,Environment Condition 1,Environment Condition 2,Environment Condition 3,Crash Harmful Event,Manner of Collision,Vehicle Movement,Driver Action Vehicle 1,Driver Action Vehicle 2,Location Within Workzone,Type of Workzone,Workers Present in Workzone,Law Enforcement Present in Workzone,School Bus Related,Count of Nonfatal Injuries,Count of Traffic Fatalities,Count of Serious Injuries,Count of Pedestrians,Count of Drivers,Count of Bicyclists,Count of Vehicles,Count of Persons,Wrong Way,Workzone Inv,Commercial Vehicle Inv,Intersection Inv,Lane Departure,Speeding,Agressive Driving,Impaired Driver,Impaired Pedestrian,Impaired Bicyclist,Distracted Driver,Speeding or Aggressive Driving,Pedestrian Related,Bicyclist Related,Pedestrian or Bicyclist Related,Motorcycle Inv,No Belt,No Belt - Ages 1-4,No Belt - Ages 5-12,No Belt - Ages 13-17,Driver - Ages Teen,Driver - Ages 65 plus,Driver - Ages 65-69,Driver - Ages 70-74,Driver - Ages 75-79,Driver - Ages 80 plus,ARBM Latitude,ARBM Longitude,UTM Zone 17N X,UTM Zone 17N Y,ARBM Side of Road,Urban Rural Indicator,GIS Street Source,Extract Date,OBJECTID,x,y
2020892024370,2020,892024370,2020TA011412,COUNTY SHERIFF'S OFFICE,05 FIFTH,ORANGE,"November 12, 2020",0350,FRIDAY,7540 MAITLAND,0740,Y,SR 414,I 4,0,,0,0,28.6310643,-81.3856357,75280162,0,01465,SR 400,I 4,R RIGHT,X RAMP,E EAST,08 RAMP RURAL,03 STATE,14 ENTRANCE/EXIT RAMP,01 ON ROADWAY,77 OTHER (SEE NARRATIVE),01 PAVED,0,"December 31, 2000",,36,PAVED,4,VALLEY GUTR,2,,0,,14000,RCI,6,,,1 NO INJURY,31 Q/C COMPLETED - LOC VERIFIED,0 NO,07 ENTRANCE RAMP,04 DARK-LIGHTED,01 CLEAR,01 DRY,04 DOWNHILL,1 STRAIGHT,"TWO-WAY, DIVIDED, POSITIVE MED",,NO CONTROLS,NOT CODED,2,NONE,NONE,NONE,NONE,NONE,NONE,19 IMPACT ATTENUATOR/CRASH CUSION,77 OTHER (SEE NARRATIVE),06 CHANGING LANES,OPERATED MV IN CARLESS OR NEGL,NOT CODED,01 BEFORE THE FIRST WARNING SIGN,04 INTERMITTENT OR MOVING WORK,01 NO,01 NO,01 NO,0,0,0,0,1,0,1,1,N,Y,N,N,Y,N,N,N,N,N,Y,N,N,N,N,N,N,N,N,N,N,N,N,N,N,N,28.631090341,-81.385620803,462307.8209,3167175.4853,O,,ARBM15Q1R2,"June 10, 2023",3138978,-9059806.212220894,3328776.050152073
2020892024380,2020,892024380,2020TA012284,COUNTY SHERIFF'S OFFICE,05 FIFTH,ORANGE,"December 6, 2020",0155,MONDAY,7540 MAITLAND,0740,Y,I 4,SR 414,0.4,S,0,0,0,0,75280000,23.625,02354,SR 400,I 4,L LEFT,3 THRU LANE 3,S SOUTH,01 INTERSTATE URBAN,01 INTERSTATE,14 ENTRANCE/EXIT RAMP,01 ON ROADWAY,01 NOT AT INTERSECTION,01 PAVED,27,"September 16, 2014",11 URBAN PRIN ART INT.,48,PAVED WARN,10,LAWN,2,,0,40,172500,RCI,6.8,,55,3 NO-INCAPACITATING INJURY,31 Q/C COMPLETED - LOC VERIFIED,1 ALC,01 NOT AT INTERSECTION/RRX/BRIDGE,04 DARK-LIGHTED,03 RAIN,02 WET,01 LEVEL,1 STRAIGHT,"TWO-WAY, DIVIDED, POSITIVE MED","TWO-WAY, DIVIDED, POSITIVE MED",TRAFFIC CONTROL SIGNAL,TRAFFIC CONTROL SIGNAL,8,NONE,NONE,NONE,NONE,NOT CODED,NOT CODED,14 MOTOR VEHICLE IN TRANSPORT,03 ANGLE,01 STRAIGHT AHEAD,OPERATED MV IN CARLESS OR NEGL,NO CONTRIBUTING ACTION,03 TRANSITION AREA,03 WORK ON SHOULDER OR MEDIAN,02 YES,02 OFFICER PRESENT,01 NO,2,0,0,0,2,0,2,2,N,Y,N,N,Y,N,N,Y,N,N,N,N,N,N,N,N,N,N,N,N,N,N,N,N,N,N,28.625235538,-81.386786477,462191.784135,3166527.21896,L,,ARBM15Q1R2,"June 10, 2023",3138979,-9059935.974533726,3328033.520162017
2020892024390,2020,892024390,2020TA013198,COUNTY SHERIFF'S OFFICE,05 FIFTH,ORANGE,"December 28, 2020",1814,TUESDAY,7540 MAITLAND,0740,Y,SR 414,MAITLAND SUMMIT BLVD,0.3,E,0,0,28.6331061,-81.3995667,75011001,39.555,02544,SR 414,,R RIGHT,1 THRU LANE 1,S SOUTH,33 SUBURBAN 6+LN 2WY DIVD RASD,03 STATE,18 THROUGH ROADWAY,01 ON ROADWAY,01 NOT AT INTERSECTION,01 PAVED,29,"May 18, 2015",14 URBAN PRIN ART OTHER,36,PAVED,8,LAWN,2,,0,46,74000,RCI,6,,55,1 NO INJURY,31 Q/C COMPLETED - LOC VERIFIED,0 NO,01 NOT AT INTERSECTION/RRX/BRIDGE,05 DARK-NOT LIGHTED,01 CLEAR,01 DRY,01 LEVEL,1 STRAIGHT,ONE-WAY TRAFFICWAY,ONE-WAY TRAFFICWAY,NO CONTROLS,NO CONTROLS,6,NONE,NOT CODED,NOT CODED,NONE,NOT CODED,NOT CODED,14 MOTOR VEHICLE IN TRANSPORT,"04 SIDESWIPE, SAME DIRECTION",06 CHANGING LANES,FAILED TO KEEP IN PROPER LANE,NO CONTRIBUTING ACTION,00 NOT CODED,00 NOT CODED,00 NOT CODED,00 NOT CODED,01 NO,0,0,0,0,2,0,2,2,N,N,N,N,Y,N,N,N,N,N,N,N,N,N,N,N,N,N,N,N,N,N,N,N,N,N,28.632927729,-81.399595071,460942.586299,3167383.528626,R,,ARBM15Q1R2,"June 10, 2023",3138980,-9061361.82111672,3329009.0836093184
2020892024150,2020,892024150,2020TA012200,COUNTY SHERIFF'S OFFICE,05 FIFTH,ORANGE,"December 3, 2020",1419,FRIDAY,7540 MAITLAND,0740,Y,US 17,SYBELIA PKWY,0,,0,0,28.6314443,-81.3631922,75030000,8.029,01003,SR 15,US 17,L LEFT,1 THRU LANE 1,S SOUTH,30 URBAN 6+LN 2WY DIVD RASD,01 INTERSTATE,02 INTERSECTION,01 ON ROADWAY,02 FOUR-WAY INTERSECTION,03 CURB,41,"March 1, 2020",14 URBAN PRIN ART OTHER,31,CURB&GUTTER,2,,0,,0,19,33000,RCI,3.6,3D0000,45,2 POSSIBLE INJURY,31 Q/C COMPLETED - LOC VERIFIED,0 NO,02 AT INTERSECTION,01 DAYLIGHT,01 CLEAR,01 DRY,01 LEVEL,1 STRAIGHT,"TWO-WAY, DIVIDED, UNPROTECTED","TWO-WAY, NOT DIVIDED",TRAFFIC CONTROL SIGNAL,NO CONTROLS,6,NONE,NOT CODED,NOT CODED,NONE,NOT CODED,NOT CODED,14 MOTOR VEHICLE IN TRANSPORT,03 ANGLE,01 STRAIGHT AHEAD,OPERATED MV IN CARLESS OR NEGL,NO CONTRIBUTING ACTION,00 NOT CODED,00 NOT CODED,00 NOT CODED,00 NOT CODED,01 NO,1,0,0,0,2,0,2,2,N,N,N,Y,N,N,N,N,N,N,Y,N,N,N,N,N,N,N,N,N,N,N,N,N,N,N,28.631471148,-81.363289179,464490.751176,3167210.837837,L,,ARBM15Q1R2,"June 10, 2023",3139091,-9057320.266486011,3328824.347080069
2020884291720,2020,884291720,FHPD20OFF087469,FLORIDA HIGHWAY PATROL,05 FIFTH,ORANGE,"December 16, 2020",1612,THURSDAY,7546 ORLANDO,0746,N,DEERFIELD BLVD,US 441,0,,28.3786473,-81.4045943,28.3787382,-81.4045195,75010000,2.123,02776,SR 500,US 17,I INTERSECTION,M MIDDLE,W WEST,30 URBAN 6+LN 2WY DIVD RASD,05 LOCAL,01 NON-JUNCTION,01 ON ROADWAY,02 FOUR-WAY INTERSECTION,03 CURB,37,"March 1, 2020",14 URBAN PRIN ART OTHER,35,PAVED,4,CURB&GUTTER,2,,0,30,57000,RCI,6.9,,50,3 NO-INCAPACITATING INJURY,31 Q/C COMPLETED - LOC VERIFIED,0 NO,02 AT INTERSECTION,01 DAYLIGHT,01 CLEAR,01 DRY,01 LEVEL,1 STRAIGHT,"TWO-WAY, DIVIDED, POSITIVE MED","TWO-WAY, DIVIDED, POSITIVE MED",TRAFFIC CONTROL SIGNAL,TRAFFIC CONTROL SIGNAL,6,NONE,NOT CODED,NOT CODED,NONE,NOT CODED,NOT CODED,14 MOTOR VEHICLE IN TRANSPORT,03 ANGLE,03 TURNING LEFT,FAILED TO YIELD RIGHT-OF-WAY,NO CONTRIBUTING ACTION,00 NOT CODED,00 NOT CODED,00 NOT CODED,00 NOT CODED,01 NO,1,0,0,0,2,0,2,3,N,N,N,Y,N,N,N,N,N,N,Y,N,N,N,N,N,N,N,N,N,N,Y,N,N,Y,N,28.378753305,-81.404407356,460377.36244,3139226.437253,R,,ARBM15Q1R2,"June 10, 2023",3139257,-9061897.521496981,3296811.054680568
2020884034850,2020,884034850,FHPD20OFF069678,FLORIDA HIGHWAY PATROL,05 FIFTH,ORANGE,"October 8, 2020",2011,FRIDAY,7546 ORLANDO,0746,N,SR 423,KINGSWOOD DR,0.085,N,28.6057358,-81.3982363,28.6058325,-81.3977791,75190000,7.767,06221,SR 423,,R RIGHT,3 THRU LANE 3,E EAST,30 URBAN 6+LN 2WY DIVD RASD,03 STATE,04 DRIVEWAY/ALLEY ACCESS RELATED,01 ON ROADWAY,01 NOT AT INTERSECTION,03 CURB,37,"September 8, 2019",14 URBAN PRIN ART OTHER,33,CURB&GUTTER,2,,0,,0,16,37000,RCI,7.1,,45,2 POSSIBLE INJURY,31 Q/C COMPLETED - LOC VERIFIED,0 NO,04 DRIVEWAY ACCESS,04 DARK-LIGHTED,02 CLOUDY,01 DRY,01 LEVEL,1 STRAIGHT,"TWO-WAY, NOT DIVIDED","TWO-WAY, NOT DIVIDED",NO CONTROLS,NO CONTROLS,6,NONE,NOT CODED,NOT CODED,NONE,NOT CODED,NOT CODED,14 MOTOR VEHICLE IN TRANSPORT,01 FRONT TO REAR,01 STRAIGHT AHEAD,OPERATED MV IN CARLESS OR NEGL,NO CONTRIBUTING ACTION,00 NOT CODED,00 NOT CODED,00 NOT CODED,00 NOT CODED,01 NO,3,0,0,0,2,0,2,3,N,N,N,N,N,N,N,N,N,N,N,N,N,N,N,N,N,N,N,N,N,N,N,N,N,N,28.605744642,-81.397532418,461134.188424,3164371.333837,R,,ARBM15Q1R2,"June 10, 2023",3139270,-9061132.207482891,3325561.9034895953
2020884034880,2020,884034880,FHPD20OFF070433,FLORIDA HIGHWAY PATROL,05 FIFTH,ORANGE,"October 11, 2020",1747,MONDAY,7546 ORLANDO,0746,N,OAK RIDGE RD,ORANGE BLOSSOM TRL,0.016,W,28.4726444,-81.3972805,28.4725789,-81.3966408,75010000,8.638,01936,SR 500,US 17,T SIDE RD LEFT,2 THRU LANE 2,W WEST,30 URBAN 6+LN 2WY DIVD RASD,04 COUNTY,04 DRIVEWAY/ALLEY ACCESS RELATED,01 ON ROADWAY,01 NOT AT INTERSECTION,03 CURB,38,"March 1, 2020",14 URBAN PRIN ART OTHER,32,CURB&GUTTER,2,,0,,0,30,52500,RCI,6.9,,40,2 POSSIBLE INJURY,31 Q/C COMPLETED - LOC VERIFIED,0 NO,04 DRIVEWAY ACCESS,01 DAYLIGHT,01 CLEAR,01 DRY,01 LEVEL,1 STRAIGHT,"TWO-WAY, NOT DIVIDED","TWO-WAY, NOT DIVIDED",NO CONTROLS,NO CONTROLS,6,NONE,NOT CODED,NOT CODED,NONE,NOT CODED,NOT CODED,14 MOTOR VEHICLE IN TRANSPORT,01 FRONT TO REAR,01 STRAIGHT AHEAD,OPERATED MV IN CARLESS OR NEGL,NO CONTRIBUTING ACTION,00 NOT CODED,00 NOT CODED,00 NOT CODED,00 NOT CODED,01 NO,2,0,0,0,2,0,2,2,N,N,N,N,N,N,N,N,N,N,N,N,N,N,N,N,N,N,N,N,N,N,N,N,N,N,28.472584855,-81.396746889,461162.183625,3149618.928984,L,,ARBM15Q1R2,"June 10, 2023",3139271,-9061044.762291389,3308688.317411828
2020884035080,2020,884035080,FHPD20OFF072515,FLORIDA HIGHWAY PATROL,05 FIFTH,ORANGE,"October 19, 2020",1504,TUESDAY,7546 ORLANDO,0746,N,SR 482,CHANCELLOR DR,0.009,W,28.4503418,-81.4137472,28.4504382,-81.412225,75002000,3.915,06472,SR 482,,R RIGHT,2 THRU LANE 2,E EAST,33 SUBURBAN 6+LN 2WY DIVD RASD,03 STATE,01 NON-JUNCTION,01 ON ROADWAY,01 NOT AT INTERSECTION,01 PAVED,36,"March 3, 2020",16 URBAN MINOR ART,36,PAVED,4,LAWN,12,,0,40,46500,RCI,11.4,,45,1 NO INJURY,31 Q/C COMPLETED - LOC VERIFIED,0 NO,03 INFLUENCED BY INTERSECTION,01 DAYLIGHT,02 CLOUDY,01 DRY,01 LEVEL,1 STRAIGHT,"TWO-WAY, DIVIDED, POSITIVE MED","TWO-WAY, DIVIDED, POSITIVE MED",NO CONTROLS,NO CONTROLS,6,NONE,NOT CODED,NOT CODED,NONE,NOT CODED,NOT CODED,14 MOTOR VEHICLE IN TRANSPORT,01 FRONT TO REAR,01 STRAIGHT AHEAD,NO CONTRIBUTING ACTION,NO CONTRIBUTING ACTION,00 NOT CODED,00 NOT CODED,00 NOT CODED,00 NOT CODED,01 NO,0,0,0,0,2,0,2,3,N,N,Y,Y,N,N,N,N,N,N,N,N,N,N,N,N,N,N,N,N,N,N,N,N,N,N,28.450324763,-81.412213734,459639.654343,3147157.958734,R,,ARBM15Q1R2,"June 10, 2023",3139283,-9062766.524070088,3305869.6664144816
2020884038580,2020,884038580,FHPD20OFF074007,FLORIDA HIGHWAY PATROL,05 FIFTH,ORANGE,"October 25, 2020",0930,MONDAY,7546 ORLANDO,0746,N,SR 50,LAKE PICKETT RD,0.095,W,28.5654299,-81.17815,28.5653478,-81.1836985,75060000,13.187,05203,SR 50,,L LEFT,3 THRU LANE 3,W WEST,30 URBAN 6+LN 2WY DIVD RASD,03 STATE,01 NON-JUNCTION,01 ON ROADWAY,01 NOT AT INTERSECTION,01 PAVED,39,"September 9, 2019",14 URBAN PRIN ART OTHER,36,PAVED,4,CURB&GUTTER,2,,0,34,43000,RCI,5.1,,45,2 POSSIBLE INJURY,31 Q/C COMPLETED - LOC VERIFIED,0 NO,01 NOT AT INTERSECTION/RRX/BRIDGE,01 DAYLIGHT,01 CLEAR,01 DRY,01 LEVEL,1 STRAIGHT,"TWO-WAY, DIVIDED, POSITIVE MED","TWO-WAY, DIVIDED, POSITIVE MED",NO CONTROLS,NO CONTROLS,6,NONE,NOT CODED,NOT CODED,NONE,NOT CODED,NOT CODED,14 MOTOR VEHICLE IN TRANSPORT,01 FRONT TO REAR,01 STRAIGHT AHEAD,OPERATED MV IN CARLESS OR NEGL,NO CONTRIBUTING ACTION,00 NOT CODED,00 NOT CODED,00 NOT CODED,00 NOT CODED,01 NO,1,0,0,0,2,0,2,2,N,N,Y,N,N,N,N,N,N,N,N,N,N,N,N,Y,N,N,N,N,N,N,N,N,N,N,28.565404647,-81.183792176,482024.272853,3159851.513851,L,,ARBM15Q1R2,"June 10, 2023",3139284,-9037338.745421985,3320447.895257716
2020884038600,2020,884038600,FHPD20OFF074266,FLORIDA HIGHWAY PATROL,05 FIFTH,ORANGE,"October 26, 2020",1000,TUESDAY,7546 ORLANDO,0746,N,SR 50,BONNEVILLE DR,0.057,E,28.56527,-81.1870899,28.5653435,-81.1861223,75060000,13.05,05202,SR 50,,L LEFT,3 THRU LANE 3,W WEST,30 URBAN 6+LN 2WY DIVD RASD,03 STATE,01 NON-JUNCTION,01 ON ROADWAY,01 NOT AT INTERSECTION,03 CURB,39,"September 9, 2019",14 URBAN PRIN ART OTHER,48,PAVED,4,CURB&GUTTER,2,,0,34,43000,RCI,5.1,,45,1 NO INJURY,31 Q/C COMPLETED - LOC VERIFIED,0 NO,01 NOT AT INTERSECTION/RRX/BRIDGE,01 DAYLIGHT,01 CLEAR,01 DRY,01 LEVEL,1 STRAIGHT,"TWO-WAY, DIVIDED, POSITIVE MED","TWO-WAY, DIVIDED, POSITIVE MED",NO CONTROLS,NO CONTROLS,7,NONE,NOT CODED,NOT CODED,NONE,NOT CODED,NOT CODED,14 MOTOR VEHICLE IN TRANSPORT,03 ANGLE,01 STRAIGHT AHEAD,NOT CODED,NO CONTRIBUTING ACTION,00 NOT CODED,00 NOT CODED,00 NOT CODED,00 NOT CODED,01 NO,0,0,0,0,1,0,2,1,N,N,N,N,N,N,N,N,N,N,N,N,N,N,N,N,N,N,N,N,Y,N,N,N,N,N,28.565397002,-81.186044892,481803.945025,3159851.006882,L,,ARBM15Q1R2,"June 10, 2023",3139285,-9037589.516797964,3320446.9261802183
2020883995910,2020,883995910,FHPD20OFF070655,FLORIDA HIGHWAY PATROL,05 FIFTH,ORANGE,"October 12, 2020",1503,TUESDAY,7546 ORLANDO,0746,N,SR 15,KEMPSTON DR,0.001,E,28.4806199,-81.31578,28.4805917,-81.315878,75080000,11.93,00177,SR 15,,R RIGHT,1 THRU LANE 1,W WEST,20 URBAN 4-5LN 2WY DIVD RASD,03 STATE,02 INTERSECTION,01 ON ROADWAY,01 NOT AT INTERSECTION,03 CURB,42,"January 9, 2019",16 URBAN MINOR ART,22,PAVED,4,CURB&GUTTER,2,,0,22,25500,RCI,4.5,,45,1 NO INJURY,31 Q/C COMPLETED - LOC VERIFIED,0 NO,01 NOT AT INTERSECTION/RRX/BRIDGE,01 DAYLIGHT,01 CLEAR,01 DRY,01 LEVEL,1 STRAIGHT,"TWO-WAY, DIVIDED, POSITIVE MED","TWO-WAY, DIVIDED, POSITIVE MED",NO CONTROLS,NO CONTROLS,4,NONE,NOT CODED,NOT CODED,NONE,NOT CODED,NOT CODED,14 MOTOR VEHICLE IN TRANSPORT,03 ANGLE,10 MAKING U-TURN,IMPROPER TURN,NO CONTRIBUTING ACTION,00 NOT CODED,00 NOT CODED,00 NOT CODED,00 NOT CODED,01 NO,0,0,0,0,2,0,2,2,N,N,N,N,N,N,N,N,N,N,N,N,N,N,N,N,N,N,N,N,Y,N,N,N,N,N,28.480614669,-81.315832848,469085.300637,3150485.020101,C,,ARBM15Q1R2,"June 10, 2023",3139288,-9052037.449844,3309705.2265811167
2020883995920,2020,883995920,FHPD20OFF070709,FLORIDA HIGHWAY PATROL,05 FIFTH,ORANGE,"October 12, 2020",1503,TUESDAY,7546 ORLANDO,0746,N,SR 15,KEMPSTON DR,0,,28.4806199,-81.31578,28.4805917,-81.3158944,75080000,11.931,00177,SR 15,,R RIGHT,1 THRU LANE 1,E EAST,20 URBAN 4-5LN 2WY DIVD RASD,03 STATE,02 INTERSECTION,01 ON ROADWAY,02 FOUR-WAY INTERSECTION,03 CURB,42,"January 9, 2019",16 URBAN MINOR ART,22,PAVED,4,CURB&GUTTER,2,,0,22,25500,RCI,4.5,,45,1 NO INJURY,31 Q/C COMPLETED - LOC VERIFIED,0 NO,02 AT INTERSECTION,01 DAYLIGHT,01 CLEAR,01 DRY,01 LEVEL,1 STRAIGHT,"TWO-WAY, DIVIDED, POSITIVE MED","TWO-WAY, DIVIDED, POSITIVE MED",NO CONTROLS,NO CONTROLS,4,NONE,NOT CODED,NOT CODED,NONE,NOT CODED,NOT CODED,14 MOTOR VEHICLE IN TRANSPORT,01 FRONT TO REAR,01 STRAIGHT AHEAD,OPERATED MV IN CARLESS OR NEGL,NO CONTRIBUTING ACTION,00 NOT CODED,00 NOT CODED,00 NOT CODED,00 NOT CODED,01 NO,0,0,0,0,2,0,2,2,N,N,N,Y,N,N,N,N,N,N,N,N,N,N,N,N,N,N,N,N,N,N,N,N,N,N,28.480614669,-81.315849299,469083.690295,3150485.024336,C,,ARBM15Q1R2,"June 10, 2023",3139289,-9052039.28117969,3309705.2265433273
2020883995930,2020,883995930,FHPD20OFF070887,FLORIDA HIGHWAY PATROL,05 FIFTH,ORANGE,"October 13, 2020",1538,WEDNESDAY,7554 WINTER PARK,0754,N,SR 436,UNIVERSITY BLVD,0.019,S,28.5966739,-81.3071444,28.5972229,-81.3072536,75003000,10.109,00887,SR 436,,R RIGHT,L LEFT TURN,N NORTH,30 URBAN 6+LN 2WY DIVD RASD,03 STATE,01 NON-JUNCTION,01 ON ROADWAY,01 NOT AT INTERSECTION,03 CURB,38,"March 2, 2020",14 URBAN PRIN ART OTHER,38,CURB&GUTTER,2,,0,,0,30,52000,RCI,4.4,,50,4 INCAPACITATING INJURY,31 Q/C COMPLETED - LOC VERIFIED,0 NO,03 INFLUENCED BY INTERSECTION,01 DAYLIGHT,01 CLEAR,01 DRY,01 LEVEL,1 STRAIGHT,"TWO-WAY, DIVIDED, POSITIVE MED",,NO CONTROLS,NOT CODED,6,NONE,NOT CODED,NOT CODED,NONE,NOT CODED,NOT CODED,10 PEDESTRIAN,77 OTHER (SEE NARRATIVE),01 STRAIGHT AHEAD,NO CONTRIBUTING ACTION,NOT CODED,00 NOT CODED,00 NOT CODED,00 NOT CODED,00 NOT CODED,01 NO,1,0,1,1,1,0,1,3,N,N,N,Y,N,N,N,N,N,N,N,N,Y,N,Y,N,N,N,N,N,N,N,N,N,N,N,28.597250078,-81.307146911,469968.605264,3163404.239012,R,,ARBM15Q1R2,"June 10, 2023",3139290,-9051070.535805544,3324484.8621679777
2020883995950,2020,883995950,FHPD20OFF070955,FLORIDA HIGHWAY PATROL,05 FIFTH,ORANGE,"October 13, 2020",1925,WEDNESDAY,7546 ORLANDO,0746,N,SR 551,PINE FORK DR,0.019,S,28.5066611,-81.2858527,28.5067721,-81.2859944,75200000,2.055,03348,SR 551,,R RIGHT,1 THRU LANE 1,N NORTH,20 URBAN 4-5LN 2WY DIVD RASD,03 STATE,01 NON-JUNCTION,01 ON ROADWAY,01 NOT AT INTERSECTION,03 CURB,28,"February 11, 2020",16 URBAN MINOR ART,26,CURB&GUTTER,2,,0,,0,22,43500,RCI,4.6,2D00,45,1 NO INJURY,31 Q/C COMPLETED - LOC VERIFIED,0 NO,03 INFLUENCED BY INTERSECTION,02 DUSK,01 CLEAR,01 DRY,01 LEVEL,1 STRAIGHT,"TWO-WAY, DIVIDED, POSITIVE MED","TWO-WAY, DIVIDED, POSITIVE MED",NO CONTROLS,NO CONTROLS,4,NONE,NOT CODED,NOT CODED,NONE,NOT CODED,NOT CODED,14 MOTOR VEHICLE IN TRANSPORT,01 FRONT TO REAR,01 STRAIGHT AHEAD,FOLLOWED TOO CLOSELY,NO CONTRIBUTING ACTION,00 NOT CODED,00 NOT CODED,00 NOT CODED,00 NOT CODED,01 NO,0,0,0,0,2,0,2,2,N,N,N,Y,N,N,N,N,N,N,N,N,N,N,N,N,N,N,N,N,Y,N,N,N,N,N,28.506346713,-81.28573239,472038.423056,3153328.339967,R,,ARBM15Q1R2,"June 10, 2023",3139291,-9048686.68125633,3312964.4964054725
2020884283260,2020,884283260,FHPD20OFF083309,FLORIDA HIGHWAY PATROL,05 FIFTH,ORANGE,"November 29, 2020",1758,MONDAY,7546 ORLANDO,0746,N,FOREST CITY RD,EDGEWATER DR,0.004,N,28.6102971,-81.4150289,28.6101133,-81.4150127,75260000,4.875,02869,SR 434,,R RIGHT,1 THRU LANE 1,N NORTH,20 URBAN 4-5LN 2WY DIVD RASD,05 LOCAL,01 NON-JUNCTION,01 ON ROADWAY,01 NOT AT INTERSECTION,03 CURB,38,"September 8, 2019",14 URBAN PRIN ART OTHER,24,CURB&GUTTER,2,,0,,0,31,27500,RCI,6.4,9D18,45,1 NO INJURY,31 Q/C COMPLETED - LOC VERIFIED,0 NO,01 NOT AT INTERSECTION/RRX/BRIDGE,02 DUSK,02 CLOUDY,01 DRY,01 LEVEL,1 STRAIGHT,"TWO-WAY, DIVIDED, POSITIVE MED","TWO-WAY, DIVIDED, POSITIVE MED",TRAFFIC CONTROL SIGNAL,TRAFFIC CONTROL SIGNAL,4,NONE,NOT CODED,NOT CODED,NONE,NOT CODED,NOT CODED,14 MOTOR VEHICLE IN TRANSPORT,01 FRONT TO REAR,05 TURNING RIGHT,IMPROPER TURN,NO CONTRIBUTING ACTION,00 NOT CODED,00 NOT CODED,00 NOT CODED,00 NOT CODED,01 NO,0,0,0,0,2,0,2,4,N,N,N,N,N,N,N,N,N,N,N,N,N,N,N,N,N,N,N,N,N,Y,N,N,N,Y,28.610129235,-81.415084987,459419.783946,3164862.914611,C,,ARBM15Q1R2,"June 10, 2023",3139296,-9063086.15112071,3326117.8684248514
2020884283270,2020,884283270,FHPD20OFF083470,FLORIDA HIGHWAY PATROL,05 FIFTH,ORANGE,"November 30, 2020",1235,TUESDAY,7546 ORLANDO,0746,N,FAIRBANKS AVE W,ADANSON ST,0.002,W,28.5965249,-81.3940091,28.5965275,-81.3938922,75006001,0.278,02579,SR 426,,L LEFT,1 THRU LANE 1,W WEST,21 URBAN 4-5LN 2WY DIVD PAVD,05 LOCAL,01 NON-JUNCTION,01 ON ROADWAY,01 NOT AT INTERSECTION,03 CURB,36,"September 8, 2019",14 URBAN PRIN ART OTHER,24,CURB&GUTTER,2,,0,,0,12,19600,RCI,4.1,,45,3 NO-INCAPACITATING INJURY,31 Q/C COMPLETED - LOC VERIFIED,0 NO,01 NOT AT INTERSECTION/RRX/BRIDGE,01 DAYLIGHT,01 CLEAR,01 DRY,01 LEVEL,1 STRAIGHT,"TWO-WAY, NOT DIVIDED","TWO-WAY, NOT DIV, W/CONT LTURN",TRAFFIC CONTROL SIGNAL,TRAFFIC CONTROL SIGNAL,4,NONE,NOT CODED,NOT CODED,NONE,NOT CODED,NOT CODED,14 MOTOR VEHICLE IN TRANSPORT,03 ANGLE,05 TURNING RIGHT,IMPROPER TURN,NO CONTRIBUTING ACTION,00 NOT CODED,00 NOT CODED,00 NOT CODED,00 NOT CODED,01 NO,5,0,0,0,4,0,4,5,N,N,N,N,Y,N,N,N,N,N,N,N,N,N,N,N,N,N,N,N,N,N,N,N,N,N,28.596515699,-81.393869871,461488.90544,3163347.709243,C,,ARBM15Q1R2,"June 10, 2023",3139297,-9060724.494476669,3324391.75256423
2020884283280,2020,884283280,FHPD20OFF083575,FLORIDA HIGHWAY PATROL,05 FIFTH,ORANGE,"November 30, 2020",1905,TUESDAY,7554 WINTER PARK,0754,N,FAIRBANKS AVE W,CONRAD CT,0,,28.5962,-81.38902,28.5961687,-81.3888775,75006001,0.584,02583,SR 426,,R RIGHT,1 THRU LANE 1,W WEST,21 URBAN 4-5LN 2WY DIVD PAVD,05 LOCAL,02 INTERSECTION,01 ON ROADWAY,03 T-INTERSECTION,03 CURB,36,"September 8, 2019",14 URBAN PRIN ART OTHER,24,CURB&GUTTER,2,,0,,0,12,19600,RCI,4.1,,45,2 POSSIBLE INJURY,31 Q/C COMPLETED - LOC VERIFIED,0 NO,02 AT INTERSECTION,04 DARK-LIGHTED,02 CLOUDY,01 DRY,01 LEVEL,1 STRAIGHT,"TWO-WAY, NOT DIV, W/CONT LTURN","TWO-WAY, NOT DIV, W/CONT LTURN",NO CONTROLS,NO CONTROLS,4,NONE,NOT CODED,NOT CODED,NONE,NOT CODED,NOT CODED,14 MOTOR VEHICLE IN TRANSPORT,02 FRONT TO FRONT,03 TURNING LEFT,FAILED TO YIELD RIGHT-OF-WAY,NO CONTRIBUTING ACTION,00 NOT CODED,00 NOT CODED,00 NOT CODED,00 NOT CODED,01 NO,2,0,0,0,2,0,2,2,N,N,N,Y,N,N,N,N,N,N,N,N,N,N,N,N,N,N,N,N,Y,N,N,N,N,N,28.596166495,-81.388896252,461975.085328,3163307.432325,C,,ARBM15Q1R2,"June 10, 2023",3139298,-9060170.833605882,3324347.4786420693